user_id,user_gender,user_age,age_group,country,interests
0.00E+00,Female,31,25-34,United States,art
0023e,Female,35,35-44,India,"lifestyle, fitness, health"
003a2,Female,34,25-34,United Kingdom,news
004a5,Male,27,25-34,United States,"technology, fitness, photography"
0058e,Male,32,25-34,United States,"technology, art, finance"
006b2,Female,21,18-24,United States,news
006c4,Male,33,25-34,Canada,fitness
006ce,Male,27,25-34,Mexico,"health, technology"
0073a,Male,45,45-54,France,"lifestyle, fitness"
0078e,Male,25,25-34,India,"technology, art"
007b8,Other,27,25-34,Australia,"sports, health"
007fb,Female,34,25-34,Brazil,"lifestyle, fitness"
008c5,Male,33,25-34,United States,"fitness, news, travel"
008fe,Female,17,16-17,Australia,health
0091b,Male,19,18-24,United Kingdom,"finance, art, news"
009c3,Male,24,18-24,Germany,art
009f1,Other,23,18-24,Japan,"finance, photography"
00a0f,Male,35,35-44,United Kingdom,"sports, art, lifestyle"
00a3d,Other,43,35-44,United States,lifestyle
00ad4,Male,27,25-34,Canada,"sports, technology"
00b03,Female,16,16-17,United States,"technology, sports, lifestyle"
00b85,Male,34,25-34,United Kingdom,"technology, sports, health"
00b86,Male,28,25-34,Canada,"travel, finance, news"
00bbf,Female,22,18-24,United States,"food, fashion, sports"
00c9a,Female,16,16-17,Mexico,sports
00cf9,Female,21,18-24,United States,"finance, fitness"
00d31,Female,17,16-17,Canada,technology
00d58,Female,17,16-17,United Kingdom,"fashion, food, finance"
00ddd,Other,32,25-34,India,"finance, travel, art"
00e2d,Other,20,18-24,Brazil,"travel, news"
00e6c,Male,32,25-34,Canada,"fitness, health, finance"
00e8d,Female,35,35-44,France,"news, fashion"
00ea7,Male,23,18-24,Canada,technology
00eb6,Male,28,25-34,United Kingdom,sports
00ecc,Other,28,25-34,Australia,photography
00f39,Female,29,25-34,United States,"travel, sports, fitness"
00f82,Female,25,25-34,India,travel
00faf,Male,20,18-24,United States,technology
0109a,Female,19,18-24,Canada,"finance, art, photography"
010ef,Female,24,18-24,United Kingdom,lifestyle
010f5,Male,29,25-34,India,"food, photography, news"
0110c,Female,35,35-44,United States,"travel, lifestyle"
0112d,Female,27,25-34,Canada,"gaming, fashion, health"
011b8,Male,23,18-24,Brazil,"technology, finance, photography"
0124f,Female,36,35-44,United Kingdom,finance
012d4,Male,21,18-24,United States,"travel, finance"
013fe,Other,16,16-17,United Kingdom,"gaming, fashion"
014ef,Other,16,16-17,India,travel
0156a,Male,26,25-34,Canada,finance
0162f,Male,26,25-34,United States,fitness
016d8,Male,35,35-44,Germany,"gaming, finance"
018cf,Other,29,25-34,Brazil,"gaming, technology, health"
018d2,Other,20,18-24,Germany,"fitness, news"
019fd,Other,18,18-24,Brazil,"gaming, finance"
01a37,Female,29,25-34,United Kingdom,fitness
01ad7,Female,22,18-24,Australia,"fashion, art"
01b2c,Male,28,25-34,United Kingdom,"health, food"
01b97,Male,22,18-24,Canada,"food, art"
01bd0,Male,19,18-24,United States,"gaming, technology, sports"
01c05,Female,40,35-44,Canada,"technology, fitness, sports"
01c80,Female,22,18-24,Canada,"technology, news"
01ca6,Male,37,35-44,United States,"photography, food"
01da6,Female,29,25-34,Canada,"finance, fitness, food"
01ddf,Male,33,25-34,Germany,"travel, photography"
01eff,Male,24,18-24,United States,"lifestyle, fitness, photography"
01f58,Female,16,16-17,Germany,food
0203d,Other,40,35-44,United States,"finance, travel"
0205d,Male,31,25-34,United States,health
021cc,Male,17,16-17,United Kingdom,"finance, photography, art"
0225b,Male,30,25-34,United Kingdom,"lifestyle, photography"
0232d,Male,39,35-44,United States,"gaming, news, food"
0236e,Male,25,25-34,India,health
023cc,Male,22,18-24,United Kingdom,"fitness, finance"
025ae,Female,18,18-24,Japan,"travel, finance"
026fc,Male,21,18-24,United Kingdom,"photography, food, health"
0271f,Male,18,18-24,Brazil,"fitness, food"
0276b,Other,26,25-34,United States,gaming
027c7,Female,34,25-34,Canada,"photography, lifestyle"
0287b,Female,26,25-34,United States,"gaming, lifestyle, health"
0297c,Female,30,25-34,Germany,"travel, photography, technology"
029d1,Male,26,25-34,United Kingdom,"health, fashion, fitness"
02a07,Male,23,18-24,United States,"news, sports"
02ad5,Female,30,25-34,Brazil,"art, lifestyle, food"
02aea,Female,21,18-24,Mexico,"health, art, photography"
02b50,Male,27,25-34,Germany,fashion
02ba5,Male,35,35-44,Australia,lifestyle
02cf5,Male,21,18-24,Australia,"technology, lifestyle, art"
02d0d,Other,36,35-44,Germany,"news, food, lifestyle"
02d20,Other,19,18-24,Canada,"lifestyle, art"
02e0f,Male,31,25-34,France,"technology, health"
02f27,Female,19,18-24,United Kingdom,"sports, fitness"
02fb8,Female,16,16-17,United States,technology
02fe9,Male,40,35-44,United Kingdom,"finance, fitness, sports"
0301e,Female,19,18-24,Germany,"news, food, art"
0308a,Female,40,35-44,India,gaming
030cb,Male,33,25-34,United States,"art, finance"
030dc,Male,24,18-24,United States,fitness
031ba,Female,19,18-24,Japan,"technology, fashion"
031dc,Male,18,18-24,Brazil,technology
0320f,Male,31,25-34,United States,gaming
032d2,Male,41,35-44,Australia,"fitness, travel"
0331e,Female,20,18-24,United Kingdom,news
0364e,Male,22,18-24,France,news
036ba,Male,27,25-34,Canada,"health, gaming"
0398d,Male,24,18-24,United States,"news, technology, gaming"
039aa,Female,18,18-24,United Kingdom,"lifestyle, sports"
03a52,Male,26,25-34,United States,art
03a5b,Female,16,16-17,United States,"fashion, art, technology"
03ac9,Male,42,35-44,Mexico,"photography, lifestyle, fashion"
03b4c,Male,33,25-34,Germany,"fitness, art"
03bd1,Male,22,18-24,Canada,"fashion, news"
03c77,Female,29,25-34,Mexico,"photography, fashion"
03c8a,Female,35,35-44,United Kingdom,"health, fashion, food"
03caa,Male,39,35-44,Japan,"lifestyle, technology"
03cf6,Male,21,18-24,Brazil,"finance, sports"
03d1a,Male,45,45-54,India,"news, technology"
03dcf,Male,19,18-24,Canada,"finance, gaming"
03e8e,Male,21,18-24,United Kingdom,health
03fcb,Female,23,18-24,United States,fitness
03fd9,Other,36,35-44,Japan,"lifestyle, fashion, art"
040cc,Female,26,25-34,United Kingdom,health
0411e,Female,30,25-34,Brazil,technology
0429c,Male,26,25-34,United States,"fitness, sports"
042a2,Female,30,25-34,India,finance
042d8,Male,26,25-34,India,travel
0435c,Male,33,25-34,Canada,"art, technology, food"
0437c,Male,19,18-24,Mexico,photography
043b8,Male,28,25-34,Brazil,"fashion, photography, food"
044f3,Male,23,18-24,France,"sports, news"
0458d,Male,26,25-34,United States,"finance, travel"
046b3,Other,34,25-34,Australia,finance
047ae,Female,26,25-34,Mexico,art
047df,Female,27,25-34,Australia,"technology, finance, fashion"
0486f,Male,30,25-34,United Kingdom,"fitness, food"
04a36,Male,38,35-44,India,"finance, fashion, technology"
04a6b,Male,19,18-24,United Kingdom,"food, gaming"
04ab8,Male,24,18-24,Germany,"gaming, food"
04b48,Female,30,25-34,Brazil,"gaming, travel"
04b67,Other,36,35-44,India,"technology, news, gaming"
04c39,Female,32,25-34,United Kingdom,"photography, news, art"
04d60,Female,24,18-24,United States,"news, photography"
04d90,Male,32,25-34,India,"photography, art"
04dce,Female,19,18-24,Brazil,"fitness, health, gaming"
04fc9,Female,18,18-24,Australia,"technology, photography, sports"
04ff1,Male,30,25-34,India,"health, photography"
051ff,Other,27,25-34,France,"technology, health"
052ef,Male,26,25-34,Canada,"health, art, food"
053ab,Male,57,55-65,United States,"travel, fitness"
053c5,Male,33,25-34,Germany,"gaming, food, technology"
0541a,Male,38,35-44,Australia,"travel, art, photography"
0542d,Male,38,35-44,United States,"travel, fashion"
054f7,Female,45,45-54,United Kingdom,"travel, art"
057d7,Male,27,25-34,India,"finance, technology"
0584d,Male,24,18-24,India,"travel, photography"
058ba,Female,38,35-44,India,gaming
059b3,Male,35,35-44,Mexico,"news, fashion"
059ee,Male,21,18-24,United Kingdom,photography
05a92,Male,30,25-34,United States,"technology, gaming, photography"
05b05,Male,44,35-44,United Kingdom,"sports, fitness"
05b29,Female,25,25-34,United Kingdom,"gaming, news"
05b6b,Female,31,25-34,Japan,"gaming, food, travel"
05bc8,Male,44,35-44,Japan,"photography, food, sports"
05bf4,Female,30,25-34,Canada,"gaming, lifestyle, technology"
05dcc,Other,22,18-24,India,"fashion, news, health"
05ddd,Male,18,18-24,United States,"travel, food"
05f1d,Male,27,25-34,Canada,"food, news, art"
05f2f,Other,31,25-34,United States,"finance, food, sports"
0605f,Other,36,35-44,India,sports
060f3,Male,26,25-34,India,"technology, finance"
061c2,Other,24,18-24,United States,"news, food"
062b2,Other,28,25-34,Germany,"art, lifestyle"
063ee,Male,31,25-34,United States,"finance, technology, travel"
0655a,Other,35,35-44,Australia,fashion
065ae,Female,23,18-24,United States,"art, sports, finance"
0666b,Male,43,35-44,United States,sports
0667c,Female,33,25-34,Germany,"photography, lifestyle"
066c7,Female,50,45-54,India,lifestyle
0683b,Male,32,25-34,France,"travel, art, lifestyle"
068af,Male,28,25-34,United States,"finance, travel, sports"
06a01,Male,31,25-34,United Kingdom,"fitness, lifestyle"
06acf,Female,27,25-34,Germany,art
06b58,Male,45,45-54,United States,"travel, food"
06bac,Male,26,25-34,Germany,"sports, food, fitness"
06bad,Other,25,25-34,France,"sports, fitness"
06cf9,Male,22,18-24,France,art
06d52,Male,27,25-34,United States,"health, news"
06db8,Female,31,25-34,Canada,gaming
06dc2,Female,23,18-24,Germany,"food, lifestyle"
06e0a,Male,18,18-24,United States,"travel, photography"
06e6a,Male,28,25-34,Japan,"food, photography, sports"
06f72,Male,30,25-34,Canada,"news, technology"
06f74,Male,38,35-44,United Kingdom,sports
06fd1,Male,25,25-34,United Kingdom,"travel, fashion"
070d2,Male,36,35-44,Japan,health
071ca,Female,43,35-44,United States,"sports, technology, finance"
0722b,Female,17,16-17,Canada,"technology, finance, photography"
0739f,Female,20,18-24,India,finance
0748b,Other,20,18-24,Japan,"technology, sports, health"
0748e,Other,24,18-24,United Kingdom,sports
074f3,Male,24,18-24,France,news
0760c,Female,38,35-44,United Kingdom,"fashion, gaming"
0772a,Female,35,35-44,United States,"technology, sports"
0773d,Female,27,25-34,Canada,"food, gaming"
077f4,Male,28,25-34,India,"photography, food, gaming"
077f8,Female,28,25-34,United States,"travel, art"
079b0,Female,26,25-34,India,"fashion, technology"
079b4,Male,26,25-34,Germany,"photography, finance, lifestyle"
079c7,Male,30,25-34,United Kingdom,"photography, food"
07a50,Male,23,18-24,Canada,sports
07a65,Male,17,16-17,United Kingdom,"finance, health"
07b00,Male,44,35-44,Canada,art
07b9c,Other,32,25-34,Canada,"health, travel"
07c1a,Male,28,25-34,Japan,"fashion, news, art"
07c26,Male,44,35-44,United States,"fitness, fashion, food"
07c3e,Male,31,25-34,United Kingdom,"lifestyle, technology, news"
07d38,Female,25,25-34,Canada,"sports, health"
07d74,Male,56,55-65,Germany,finance
07d7c,Female,46,45-54,United States,"fitness, lifestyle, fashion"
07e6e,Male,23,18-24,Australia,"travel, fitness"
07fd3,Female,23,18-24,United States,"fashion, fitness"
07ff5,Male,22,18-24,Canada,"travel, finance"
0803c,Female,25,25-34,United States,health
082cc,Male,22,18-24,Australia,"travel, art, health"
082f4,Male,22,18-24,Japan,"fitness, technology"
082f6,Male,23,18-24,United States,"travel, technology"
083d0,Male,38,35-44,United States,"art, food"
0863c,Female,25,25-34,France,"fitness, lifestyle"
0869a,Male,20,18-24,United States,"food, health, news"
086fc,Female,22,18-24,United States,food
0875b,Other,16,16-17,United States,"news, food, gaming"
0879c,Male,30,25-34,Canada,lifestyle
087cc,Male,17,16-17,United Kingdom,"gaming, fashion"
087f2,Male,23,18-24,India,health
088d9,Female,20,18-24,Mexico,"sports, gaming"
089ba,Male,22,18-24,Canada,fitness
089c8,Male,22,18-24,India,technology
089f6,Female,24,18-24,United States,lifestyle
08b48,Female,21,18-24,Japan,news
08b69,Male,38,35-44,United Kingdom,fitness
08b7b,Female,23,18-24,France,health
08bc2,Male,18,18-24,United Kingdom,"food, technology"
08c19,Female,16,16-17,United Kingdom,"health, gaming"
08c90,Female,25,25-34,Brazil,"food, sports"
08d14,Other,35,35-44,United States,"fitness, sports"
08d2a,Male,31,25-34,United Kingdom,fashion
08d85,Male,35,35-44,Japan,finance
08f24,Other,26,25-34,Brazil,"sports, technology"
08f7e,Male,35,35-44,United States,"finance, gaming"
08f9a,Male,27,25-34,India,"fashion, lifestyle, news"
08f9b,Male,19,18-24,United States,"fashion, photography, travel"
0907f,Male,35,35-44,Mexico,"gaming, fitness, technology"
0933e,Male,28,25-34,India,"travel, finance"
093d4,Male,36,35-44,India,"food, art"
093fb,Female,32,25-34,Mexico,technology
0954c,Female,20,18-24,United States,fitness
095bf,Male,28,25-34,United Kingdom,"sports, health, food"
0960e,Other,49,45-54,United States,"fitness, health, fashion"
0976c,Other,21,18-24,Germany,"travel, fashion"
0978d,Female,27,25-34,India,"fashion, gaming"
097a5,Female,31,25-34,Australia,"health, sports"
097f5,Male,17,16-17,Australia,travel
0982b,Female,22,18-24,India,"sports, news"
098a5,Other,30,25-34,Germany,"fashion, lifestyle"
098d9,Male,16,16-17,United Kingdom,"fitness, news"
0998f,Male,35,35-44,Japan,"technology, lifestyle"
099d9,Male,36,35-44,United States,"lifestyle, health"
09a07,Female,35,35-44,Germany,"finance, photography, fitness"
09abc,Female,31,25-34,Australia,photography
09abd,Female,29,25-34,India,"photography, technology, gaming"
09b78,Male,16,16-17,United States,fashion
09bdf,Male,29,25-34,Canada,"health, travel, finance"
09d1b,Male,58,55-65,United Kingdom,fitness
09d41,Other,23,18-24,India,"finance, sports"
09d62,Male,21,18-24,Canada,lifestyle
09f3a,Male,32,25-34,Australia,"fitness, art"
09ffb,Male,33,25-34,Japan,finance
0a0a4,Female,46,45-54,Germany,"lifestyle, photography"
0a0fb,Male,33,25-34,France,"news, sports, finance"
0a19b,Male,36,35-44,India,"fitness, lifestyle"
0a1be,Female,26,25-34,United States,"news, sports, food"
0a38c,Male,27,25-34,Germany,"lifestyle, technology, art"
0a39c,Female,48,45-54,United Kingdom,technology
0a3a4,Female,35,35-44,France,finance
0a3b4,Male,27,25-34,United Kingdom,lifestyle
0a4ef,Other,30,25-34,India,"sports, lifestyle, finance"
0a508,Female,19,18-24,Germany,news
0a531,Male,25,25-34,United States,"fitness, fashion"
0a578,Male,32,25-34,United States,news
0a5ad,Other,46,45-54,Germany,travel
0a63d,Male,28,25-34,Germany,photography
0a65c,Other,24,18-24,United States,fashion
0a6a1,Female,21,18-24,United States,gaming
0a6ec,Other,42,35-44,Canada,news
0a71f,Female,30,25-34,India,finance
0a793,Female,16,16-17,Canada,"technology, art, fashion"
0a899,Male,21,18-24,France,"sports, lifestyle, fitness"
0a8a3,Female,22,18-24,Japan,"fitness, food, health"
0a8ca,Female,36,35-44,Canada,"sports, fitness, travel"
0a8dc,Female,18,18-24,United States,fitness
0a923,Male,28,25-34,Australia,fitness
0a947,Male,25,25-34,United States,photography
0aa2c,Male,31,25-34,Canada,"health, gaming"
0aa97,Male,24,18-24,United States,"fashion, fitness, sports"
0ab2d,Female,22,18-24,United Kingdom,"technology, fashion"
0ab44,Male,30,25-34,France,travel
0ab8b,Male,27,25-34,United States,"technology, art"
0abe2,Male,23,18-24,United States,"travel, lifestyle, art"
0abfb,Male,29,25-34,Canada,"art, finance"
0ac1b,Male,25,25-34,India,fashion
0ac7d,Male,17,16-17,Australia,"art, food, travel"
0ad1a,Other,20,18-24,Canada,"fitness, technology, sports"
0ad95,Other,34,25-34,India,"health, food, news"
0adfe,Male,40,35-44,Germany,"health, news"
0ae1b,Other,16,16-17,Canada,"news, travel"
0ae1d,Other,30,25-34,United States,"art, lifestyle, photography"
0ae44,Male,21,18-24,Mexico,"travel, news"
0ae62,Male,32,25-34,United States,"photography, sports"
0af4b,Male,23,18-24,United States,"fashion, news, lifestyle"
0b07a,Female,18,18-24,Canada,"fitness, gaming, technology"
0b082,Male,28,25-34,Japan,"finance, food, art"
0b0e7,Female,26,25-34,India,"sports, travel"
0b14a,Male,18,18-24,United States,"technology, news"
0b158,Male,17,16-17,United States,art
0b17d,Female,24,18-24,United States,"photography, finance"
0b1b4,Female,26,25-34,Brazil,"technology, travel, photography"
0b1fc,Female,34,25-34,Japan,food
0b2c8,Female,36,35-44,United Kingdom,"news, sports, fitness"
0b35e,Male,21,18-24,United States,"photography, gaming, sports"
0b3a1,Male,24,18-24,Japan,photography
0b3d6,Female,28,25-34,Germany,"fitness, sports, health"
0b3eb,Male,24,18-24,Canada,art
0b412,Male,38,35-44,Brazil,"art, technology, fashion"
0b424,Male,35,35-44,United States,"food, art"
0b4a2,Female,23,18-24,India,travel
0b4dc,Female,23,18-24,United Kingdom,"fitness, health, food"
0b522,Male,29,25-34,Canada,"fashion, travel"
0b58d,Male,23,18-24,Australia,fitness
0b5e0,Male,39,35-44,Germany,"news, lifestyle"
0b673,Male,33,25-34,United States,"art, fitness"
0b683,Male,17,16-17,United States,"gaming, travel"
0b6e8,Male,57,55-65,Canada,lifestyle
0b721,Male,18,18-24,Germany,"technology, fitness, food"
0b729,Female,21,18-24,India,"fitness, news"
0b810,Female,31,25-34,United States,"fashion, news"
0b854,Female,30,25-34,United States,news
0b8c2,Male,27,25-34,Canada,"art, technology"
0b8c5,Other,38,35-44,Germany,"art, gaming"
0b8e7,Male,31,25-34,United Kingdom,"art, fashion"
0b93e,Female,28,25-34,United States,"health, art"
0b98e,Male,24,18-24,Australia,"lifestyle, art"
0b999,Female,23,18-24,United States,"news, photography"
0ba50,Female,20,18-24,United Kingdom,"lifestyle, food, fashion"
0bb06,Female,25,25-34,United Kingdom,fashion
0bb40,Male,16,16-17,United Kingdom,"technology, lifestyle, art"
0bb70,Male,21,18-24,France,"photography, fitness, gaming"
0bc27,Male,29,25-34,United Kingdom,art
0bc40,Male,28,25-34,Japan,"fashion, photography, gaming"
0bc5c,Other,27,25-34,United Kingdom,fashion
0bc6f,Female,50,45-54,United States,art
0bc87,Male,32,25-34,India,"food, technology, photography"
0bd7d,Male,21,18-24,Canada,"gaming, photography, food"
0be73,Other,26,25-34,Brazil,"travel, technology"
0bfcb,Male,25,25-34,United States,"art, finance, fashion"
0c04e,Female,16,16-17,United Kingdom,finance
0c080,Other,30,25-34,United States,"news, lifestyle, food"
0c0a3,Female,36,35-44,United States,"news, sports"
0c13f,Male,30,25-34,Australia,news
0c2c7,Male,29,25-34,United States,"gaming, travel, finance"
0c3a6,Female,29,25-34,United Kingdom,"health, news, fashion"
0c3ea,Other,20,18-24,Germany,news
0c446,Female,35,35-44,Japan,"art, gaming, finance"
0c4f6,Male,30,25-34,United States,photography
0c502,Female,32,25-34,Germany,"news, food"
0c56b,Female,24,18-24,Japan,gaming
0c5fb,Male,19,18-24,Mexico,"travel, finance"
0c658,Female,34,25-34,United States,art
0c68a,Male,32,25-34,Brazil,"fitness, technology"
0c6d9,Female,30,25-34,United States,"fitness, gaming"
0c714,Male,36,35-44,Japan,"travel, finance, lifestyle"
0c78e,Male,18,18-24,United Kingdom,"lifestyle, travel, food"
0c9b9,Female,28,25-34,Australia,"food, health, photography"
0ca0c,Female,19,18-24,United States,"health, gaming, sports"
0ca44,Other,28,25-34,United Kingdom,"fashion, photography, news"
0ca4b,Male,27,25-34,India,"gaming, fitness"
0cad0,Other,28,25-34,United States,"technology, travel"
0cb17,Other,16,16-17,Japan,fitness
0cb5f,Male,26,25-34,United Kingdom,"art, fitness"
0cbc5,Male,18,18-24,Australia,"technology, art, news"
0cbef,Female,26,25-34,India,"fitness, news, art"
0ccae,Male,16,16-17,United States,fitness
0cd41,Male,34,25-34,United States,"lifestyle, news"
0cdf2,Female,28,25-34,United Kingdom,"food, sports"
0ce1b,Male,18,18-24,United Kingdom,"technology, news"
0ce30,Female,22,18-24,United States,lifestyle
0ce7e,Female,47,45-54,Germany,health
0cf22,Male,28,25-34,Australia,fitness
0cf8f,Female,25,25-34,India,"health, fashion, sports"
0cfd9,Male,21,18-24,Germany,"food, sports, fitness"
0d013,Male,16,16-17,United States,"finance, news"
0d037,Male,36,35-44,United States,gaming
0d09b,Male,29,25-34,Brazil,fashion
0d0f6,Female,30,25-34,France,"health, sports, fitness"
0d148,Male,16,16-17,Australia,"news, art"
0d2a8,Other,20,18-24,Japan,photography
0d3fb,Other,26,25-34,Japan,sports
0d483,Male,32,25-34,Australia,news
0d4cc,Male,28,25-34,United Kingdom,"fashion, finance"
0d4d1,Female,24,18-24,Australia,"health, gaming, technology"
0d5b0,Male,20,18-24,United States,fitness
0d5f9,Male,27,25-34,Mexico,technology
0d607,Male,31,25-34,United Kingdom,sports
0d6d0,Female,22,18-24,Japan,"travel, lifestyle"
0d6d8,Female,28,25-34,Mexico,health
0d6fc,Male,26,25-34,Brazil,"art, food, fitness"
0d752,Female,26,25-34,United States,"news, fitness"
0d760,Male,20,18-24,United States,"finance, sports, food"
0d765,Other,27,25-34,Mexico,finance
0d788,Female,29,25-34,France,"finance, sports, food"
0d7cd,Male,17,16-17,Canada,lifestyle
0d850,Female,18,18-24,Canada,lifestyle
0d8f2,Female,29,25-34,Canada,travel
0d9be,Male,43,35-44,India,"food, sports, news"
0d9eb,Female,55,55-65,Australia,"photography, food"
0d9f5,Female,16,16-17,United States,"sports, art, fashion"
0dac5,Other,22,18-24,Japan,fitness
0db95,Female,41,35-44,United States,"fashion, health"
0dbfc,Other,29,25-34,Japan,news
0dc2f,Male,16,16-17,Mexico,gaming
0dc46,Female,21,18-24,Australia,"food, news"
0dc58,Male,28,25-34,Mexico,fashion
0dc59,Female,31,25-34,Australia,"finance, fitness, food"
0dcd3,Female,23,18-24,Germany,finance
0dd23,Male,48,45-54,Brazil,"gaming, sports, news"
0df67,Male,25,25-34,Mexico,"gaming, travel, finance"
0dfd8,Male,29,25-34,India,"gaming, health, travel"
0e10d,Male,23,18-24,United States,"fashion, technology, gaming"
0e19c,Male,20,18-24,India,technology
0e1a7,Female,31,25-34,India,"technology, photography, news"
0e21c,Female,23,18-24,Japan,art
0e2e2,Female,16,16-17,India,"food, lifestyle, photography"
0e346,Other,19,18-24,India,gaming
0e387,Male,20,18-24,United States,"technology, health"
0e4b6,Male,23,18-24,United Kingdom,"finance, health, sports"
0e557,Male,22,18-24,India,finance
0e55b,Male,20,18-24,United States,"art, news"
0e561,Male,37,35-44,Brazil,"art, gaming"
0e59b,Other,33,25-34,Canada,fitness
0e66b,Male,25,25-34,France,"gaming, lifestyle, sports"
0e754,Male,19,18-24,United States,travel
0e846,Female,16,16-17,United Kingdom,"fashion, technology, sports"
0e96e,Female,21,18-24,India,"finance, fashion, art"
0e97e,Male,20,18-24,Brazil,"sports, food, lifestyle"
0e9cb,Male,26,25-34,United States,"lifestyle, photography, fitness"
0e9ed,Male,26,25-34,United States,"fitness, news, health"
0e9ee,Male,21,18-24,India,sports
0ebd6,Male,30,25-34,Canada,health
0ec90,Male,24,18-24,Canada,"technology, finance, gaming"
0ecad,Female,31,25-34,United States,"fashion, fitness, sports"
0ecf6,Female,19,18-24,United States,"lifestyle, photography"
0edd6,Female,24,18-24,United States,sports
0eecb,Female,28,25-34,United States,photography
0ef32,Female,19,18-24,India,"art, travel"
0ef61,Male,44,35-44,Canada,"food, gaming"
0ef9f,Male,27,25-34,United States,"health, lifestyle, finance"
0eff3,Male,21,18-24,Australia,"art, fashion, sports"
0f074,Male,45,45-54,United States,"health, fashion"
0f0be,Male,38,35-44,Brazil,technology
0f0e0,Male,19,18-24,United States,"sports, travel"
0f0e7,Female,19,18-24,United States,"photography, finance"
0f0fa,Male,42,35-44,Germany,"food, fitness"
0f119,Female,38,35-44,France,"fitness, food"
0f18e,Female,33,25-34,India,gaming
0f1a9,Male,26,25-34,Japan,"fitness, travel"
0f29e,Other,36,35-44,Canada,"travel, finance, news"
0f30e,Female,20,18-24,United Kingdom,"gaming, news, health"
0f3ec,Male,33,25-34,Canada,"travel, finance"
0f4c0,Female,30,25-34,United States,"news, technology"
0f501,Male,19,18-24,India,art
0f55d,Male,21,18-24,Australia,lifestyle
0f5ee,Female,29,25-34,United States,"photography, food, gaming"
0f5f5,Other,29,25-34,United Kingdom,"technology, finance"
0f602,Female,16,16-17,France,sports
0f617,Other,25,25-34,United States,"food, lifestyle"
0f61f,Other,20,18-24,United States,"fitness, gaming, photography"
0f6a4,Other,21,18-24,United States,gaming
0f6cc,Female,31,25-34,United States,"gaming, finance"
0f758,Female,26,25-34,United States,photography
0f872,Female,19,18-24,United States,"lifestyle, fitness"
0f882,Female,27,25-34,United States,"fitness, food"
0f8ba,Male,29,25-34,Canada,"fashion, art"
0f8d9,Male,24,18-24,Australia,"finance, lifestyle, sports"
0f9d5,Male,20,18-24,United States,"photography, food"
0fa78,Female,37,35-44,United States,"finance, art"
0fa7a,Female,25,25-34,Japan,"technology, travel, photography"
0fa96,Female,33,25-34,United States,"lifestyle, art, photography"
0faad,Female,34,25-34,India,fashion
0fae7,Male,32,25-34,United States,"photography, sports, gaming"
0fb16,Male,22,18-24,Canada,"food, health, art"
0fb3c,Male,16,16-17,United States,"travel, food, finance"
0fb65,Male,22,18-24,United States,"food, sports, health"
0fce2,Other,18,18-24,Japan,"news, health"
0fda0,Male,25,25-34,United States,"lifestyle, gaming"
0fdd7,Female,34,25-34,Brazil,news
0fe19,Male,29,25-34,United States,"fashion, photography"
0fe62,Male,24,18-24,Germany,"fitness, finance"
0fe76,Female,28,25-34,India,"sports, art"
0fe7a,Other,39,35-44,United Kingdom,"gaming, travel"
0fe8b,Male,46,45-54,Germany,health
0ff2f,Female,28,25-34,United States,photography
0ffc6,Male,34,25-34,Germany,"health, sports, lifestyle"
1.00E+07,Female,17,16-17,Canada,"gaming, sports"
1.00E+10,Female,28,25-34,France,sports
1.00E+115,Female,25,25-34,Canada,fashion
1.00E+155,Other,26,25-34,United States,"fashion, health"
1.00E+28,Female,27,25-34,France,"sports, fashion, lifestyle"
1.00E+33,Other,28,25-34,United States,"health, gaming, fashion"
1.00E+85,Female,24,18-24,Japan,health
1.07E+02,Male,33,25-34,United States,food
1.09E+10,Male,20,18-24,Australia,art
1.20E+01,Male,56,55-65,Japan,"lifestyle, health"
1.20E+02,Male,38,35-44,Canada,"fashion, news"
1.20E+74,Other,26,25-34,Germany,"health, fashion"
1.30E+08,Male,19,18-24,United States,"food, travel, news"
1.30E+39,Female,33,25-34,India,"fitness, technology"
1.36E+11,Male,21,18-24,Canada,fashion
1.40E+10,Male,22,18-24,United States,"technology, art"
1.40E+25,Other,17,16-17,United States,fashion
1.41E+07,Male,21,18-24,Germany,"food, fitness, lifestyle"
1.50E+32,Female,16,16-17,United States,"photography, sports, news"
1.51E+10,Female,22,18-24,Japan,"lifestyle, fitness"
1.60E+99,Female,21,18-24,United States,"travel, health"
1.70E+52,Female,30,25-34,Brazil,art
1.72E+02,Female,31,25-34,United Kingdom,"finance, sports"
1.75E+03,Male,27,25-34,United States,fashion
1.80E+54,Male,16,16-17,Canada,"technology, finance"
1.80E+56,Male,26,25-34,Australia,"gaming, photography, health"
1.87E+07,Other,21,18-24,United Kingdom,health
1.90E+48,Female,18,18-24,United Kingdom,technology
1.90E+76,Male,23,18-24,Mexico,"health, sports, fashion"
1.90E+86,Female,28,25-34,United Kingdom,"lifestyle, fitness, food"
10005,Male,34,25-34,Brazil,"fitness, photography, finance"
1015d,Female,17,16-17,Australia,"health, finance"
10169,Female,27,25-34,United Kingdom,"fitness, food"
101f3,Other,22,18-24,United States,"technology, travel"
1029,Male,29,25-34,United States,"finance, technology, gaming"
10290,Male,29,25-34,United Kingdom,"lifestyle, fashion, fitness"
102c5,Male,24,18-24,France,"fitness, finance"
1031f,Male,21,18-24,Brazil,fashion
10341,Other,54,45-54,United Kingdom,lifestyle
10394,Female,35,35-44,Canada,"health, finance"
103d4,Female,31,25-34,Canada,"fashion, health"
103d7,Male,37,35-44,Germany,"travel, sports"
10464,Male,23,18-24,Brazil,"technology, sports, health"
1049,Other,26,25-34,Brazil,finance
104cb,Female,16,16-17,Brazil,"fashion, food, travel"
10599,Male,16,16-17,United States,fitness
105bb,Male,28,25-34,Canada,"food, finance"
10619,Other,18,18-24,United Kingdom,food
1062,Female,25,25-34,Germany,"art, lifestyle, finance"
10621,Female,40,35-44,Germany,"finance, food"
10624,Female,16,16-17,France,"travel, gaming"
10647,Male,21,18-24,Canada,technology
1069e,Male,29,25-34,India,food
1073f,Male,31,25-34,United States,sports
1079a,Other,29,25-34,India,"health, art, finance"
1085c,Male,17,16-17,Japan,"finance, fashion, technology"
10936,Female,33,25-34,Canada,"food, art"
1095,Female,42,35-44,United States,"lifestyle, technology"
10981,Other,23,18-24,United Kingdom,"fitness, gaming"
10984,Male,16,16-17,United States,"lifestyle, travel"
109d9,Male,27,25-34,United States,"sports, fashion, finance"
10aac,Male,28,25-34,Japan,"health, finance"
10b4b,Female,25,25-34,India,travel
10ba1,Female,28,25-34,Germany,"food, travel"
10ba4,Female,20,18-24,Brazil,gaming
10bbf,Male,16,16-17,United Kingdom,"art, fashion, gaming"
10c3f,Male,30,25-34,Brazil,"health, finance"
10c85,Female,29,25-34,Australia,"technology, sports, photography"
10d73,Male,32,25-34,Germany,"news, fashion, gaming"
10db9,Female,25,25-34,United States,"photography, travel, food"
10dbc,Other,48,45-54,Australia,"lifestyle, photography"
10ea8,Male,27,25-34,United States,food
10ed9,Male,19,18-24,Australia,"technology, travel, photography"
10f0d,Other,30,25-34,United States,"fitness, news, technology"
10f3d,Male,27,25-34,Japan,"fitness, finance"
10f49,Male,24,18-24,India,"fitness, finance, lifestyle"
10fb5,Male,26,25-34,Germany,"food, travel"
11025,Other,31,25-34,United States,"lifestyle, news, travel"
11053,Male,37,35-44,United States,"gaming, health, news"
11068,Male,29,25-34,Japan,"gaming, fitness, art"
1108f,Male,20,18-24,Australia,"technology, lifestyle"
11091,Female,28,25-34,Germany,"food, finance"
110ca,Female,33,25-34,United States,"finance, sports"
1111,Male,39,35-44,United Kingdom,"fashion, sports, health"
11135,Female,26,25-34,United States,"travel, technology, finance"
11144,Female,37,35-44,United States,sports
11159,Male,21,18-24,United States,"fitness, technology"
111b9,Female,25,25-34,Canada,fitness
1126f,Female,19,18-24,United Kingdom,gaming
112cc,Male,37,35-44,India,gaming
112d2,Male,20,18-24,United States,food
113cb,Female,18,18-24,United Kingdom,"health, lifestyle, finance"
11411,Other,33,25-34,United States,"technology, art"
11492,Female,19,18-24,Brazil,"fitness, technology, fashion"
11556,Male,29,25-34,United States,technology
11674,Male,32,25-34,Canada,"lifestyle, finance, health"
116eb,Male,26,25-34,United States,technology
11746,Female,16,16-17,United Kingdom,"food, technology"
1177a,Male,28,25-34,United States,"lifestyle, fitness, travel"
117c9,Male,16,16-17,Germany,health
11809,Male,36,35-44,United Kingdom,"news, technology"
1184e,Male,28,25-34,Japan,"lifestyle, health"
1187,Other,16,16-17,France,"technology, finance, news"
1191f,Other,29,25-34,Mexico,"health, photography"
1197a,Male,32,25-34,Mexico,"technology, sports, art"
119d3,Male,28,25-34,United Kingdom,"lifestyle, fashion, gaming"
11a13,Male,16,16-17,United States,"lifestyle, finance, fitness"
11a6c,Male,33,25-34,India,"fitness, food, gaming"
11bbd,Male,27,25-34,Australia,"finance, technology, lifestyle"
11c40,Female,41,35-44,United States,"finance, sports"
11cca,Male,16,16-17,India,"finance, fashion"
11ce0,Male,37,35-44,India,art
11eb1,Other,32,25-34,Germany,"gaming, finance"
11f1d,Female,22,18-24,India,"news, fitness, food"
11fa4,Other,20,18-24,France,"food, fashion"
11fac,Male,44,35-44,United Kingdom,"lifestyle, gaming, travel"
11fdd,Male,42,35-44,United States,"photography, gaming"
12050,Male,36,35-44,United States,news
1205a,Male,20,18-24,Australia,"food, sports, news"
121ce,Female,19,18-24,United States,travel
121f3,Male,24,18-24,United Kingdom,"gaming, news, travel"
1228e,Male,24,18-24,India,"health, food"
12348,Female,29,25-34,India,fashion
1239,Female,42,35-44,Brazil,health
123b4,Male,20,18-24,Australia,"finance, travel, technology"
123b9,Male,36,35-44,United Kingdom,"fitness, gaming, photography"
1243d,Female,24,18-24,Canada,"art, lifestyle, fitness"
12478,Male,19,18-24,United States,technology
1258f,Female,33,25-34,Canada,"health, fashion, sports"
125aa,Female,31,25-34,United Kingdom,gaming
1261c,Female,25,25-34,Australia,"news, photography, travel"
12622,Female,42,35-44,United Kingdom,travel
1266b,Male,17,16-17,United Kingdom,"health, technology, gaming"
12675,Female,24,18-24,Germany,lifestyle
1269a,Other,16,16-17,United States,"finance, photography, lifestyle"
1278c,Other,28,25-34,Australia,"lifestyle, travel"
127c3,Male,31,25-34,United States,"news, health"
127fd,Male,25,25-34,United States,fashion
1281b,Male,22,18-24,United Kingdom,"lifestyle, health, travel"
12823,Female,30,25-34,Mexico,"sports, art"
1282d,Male,23,18-24,United States,art
1285b,Female,18,18-24,United States,"food, sports, photography"
128bc,Other,24,18-24,United States,"gaming, fitness, art"
128bd,Male,25,25-34,France,"gaming, fitness"
12965,Female,16,16-17,Australia,"gaming, finance, travel"
129cd,Female,22,18-24,France,news
129da,Female,31,25-34,Germany,technology
129f1,Male,29,25-34,Japan,"photography, travel, food"
12a74,Other,24,18-24,United States,"technology, food"
12b06,Male,26,25-34,United States,technology
12baf,Female,23,18-24,United States,gaming
12ca5,Male,25,25-34,United States,lifestyle
12ca7,Male,29,25-34,United States,"health, photography"
12d28,Other,16,16-17,United Kingdom,"fitness, art"
12d2a,Male,25,25-34,Brazil,"finance, health"
12d2f,Male,30,25-34,United States,gaming
12d53,Female,32,25-34,United States,art
12e2d,Other,26,25-34,Germany,"fitness, travel, finance"
12e4d,Female,26,25-34,Canada,"travel, fashion"
12e9a,Female,39,35-44,United States,"fitness, travel, sports"
12ee8,Male,19,18-24,United States,"fashion, sports, news"
12f1b,Female,16,16-17,Brazil,sports
12f67,Female,16,16-17,United States,"gaming, sports, travel"
12fb7,Female,41,35-44,United Kingdom,art
13088,Female,34,25-34,United Kingdom,lifestyle
13091,Male,16,16-17,Mexico,"art, lifestyle, technology"
130aa,Male,30,25-34,Germany,"lifestyle, art"
130c4,Male,37,35-44,Australia,fashion
1310b,Male,27,25-34,Mexico,"health, technology, art"
13115,Female,53,45-54,Brazil,"news, sports"
131c1,Male,29,25-34,United States,"health, fashion, lifestyle"
1320,Male,44,35-44,United States,"finance, technology"
1323b,Male,21,18-24,Canada,food
1324a,Other,31,25-34,Germany,travel
13421,Male,23,18-24,United States,"health, travel, lifestyle"
13547,Female,30,25-34,India,"travel, food"
13584,Male,25,25-34,United Kingdom,"food, photography, gaming"
137dd,Male,20,18-24,Canada,photography
13864,Male,18,18-24,Australia,"health, art, gaming"
138c0,Female,42,35-44,Canada,travel
13919,Male,32,25-34,United Kingdom,health
13928,Male,32,25-34,United Kingdom,travel
13988,Female,32,25-34,Brazil,fashion
139a9,Male,26,25-34,India,photography
139cf,Female,23,18-24,United States,travel
13a0e,Female,16,16-17,Australia,"fitness, photography"
13b03,Male,26,25-34,India,"photography, fashion, finance"
13b5e,Male,22,18-24,Mexico,"gaming, travel, technology"
13b65,Male,24,18-24,Canada,sports
13be3,Male,16,16-17,Australia,fitness
13e2b,Other,40,35-44,United States,"art, technology, photography"
13f73,Male,21,18-24,India,"fashion, health, lifestyle"
13fd8,Other,40,35-44,Mexico,"lifestyle, food"
140d6,Female,26,25-34,India,health
141b4,Male,37,35-44,Mexico,"lifestyle, fitness, food"
1425f,Male,22,18-24,Brazil,"gaming, food, lifestyle"
142a2,Female,27,25-34,Australia,"technology, news"
1436d,Other,16,16-17,Canada,lifestyle
143ff,Male,40,35-44,Germany,"fitness, travel"
1440,Male,27,25-34,United States,fitness
14419,Other,28,25-34,India,"finance, fashion"
1441b,Male,20,18-24,United Kingdom,food
1446d,Male,43,35-44,Australia,"health, finance"
14490,Male,27,25-34,France,"lifestyle, art"
144f4,Male,31,25-34,United States,"travel, fashion, food"
14518,Male,30,25-34,United States,"health, art"
145c6,Male,25,25-34,Germany,"food, news"
1460c,Male,16,16-17,United Kingdom,"fashion, art"
14630,Male,33,25-34,Canada,"health, technology"
1465f,Female,58,55-65,Australia,"food, travel"
14789,Male,29,25-34,Brazil,fitness
147a0,Male,26,25-34,United States,"fitness, health"
14876,Male,33,25-34,Canada,"fashion, fitness, gaming"
14887,Male,20,18-24,Brazil,fitness
14910,Female,27,25-34,United States,gaming
1493d,Female,33,25-34,Mexico,"sports, lifestyle, food"
1496a,Male,37,35-44,Mexico,"technology, art"
149a6,Male,32,25-34,United Kingdom,"technology, photography"
149c6,Female,21,18-24,Canada,"fitness, photography, art"
14a80,Female,16,16-17,United Kingdom,"photography, finance"
14b32,Other,23,18-24,United Kingdom,lifestyle
14b3d,Female,33,25-34,Mexico,fitness
14b4f,Female,16,16-17,United States,health
14c62,Female,21,18-24,Germany,"sports, art"
14c74,Other,29,25-34,Japan,"fitness, fashion"
14cfd,Female,19,18-24,United Kingdom,fitness
14d07,Female,35,35-44,United Kingdom,"food, lifestyle"
14d54,Female,25,25-34,United Kingdom,"news, technology"
14da9,Male,20,18-24,India,"photography, news, gaming"
14ebe,Other,19,18-24,Mexico,technology
14ece,Female,32,25-34,Mexico,"technology, lifestyle, food"
14f32,Female,37,35-44,United Kingdom,"food, lifestyle, fitness"
14f3c,Other,22,18-24,Canada,finance
15043,Other,18,18-24,United Kingdom,technology
15067,Male,27,25-34,United States,"news, health, fashion"
150c8,Male,32,25-34,Germany,gaming
1512,Other,25,25-34,Mexico,health
15131,Other,41,35-44,United States,"fashion, art, gaming"
15147,Male,19,18-24,United States,"art, fashion, finance"
151d1,Male,30,25-34,Australia,"travel, health"
151f4,Male,16,16-17,Germany,"gaming, fashion"
15287,Male,18,18-24,Mexico,"gaming, travel"
15405,Male,36,35-44,Mexico,food
15462,Female,24,18-24,India,"gaming, lifestyle, technology"
1549,Female,42,35-44,Australia,"travel, art"
15515,Female,31,25-34,India,technology
155a1,Male,51,45-54,United States,"lifestyle, food, photography"
156d9,Male,19,18-24,United States,"art, gaming"
156f7,Male,32,25-34,Canada,"finance, sports"
1585,Other,16,16-17,United States,fashion
1592c,Male,18,18-24,United Kingdom,"finance, travel"
15937,Male,24,18-24,United States,health
15ad4,Male,26,25-34,United States,"fitness, art"
15ae0,Male,24,18-24,United States,technology
15ae8,Male,23,18-24,Germany,"health, technology, news"
15b97,Other,16,16-17,Japan,"photography, finance"
15c94,Male,37,35-44,India,"food, photography, lifestyle"
15ca0,Other,27,25-34,Japan,technology
15cee,Female,28,25-34,United Kingdom,"photography, lifestyle"
15dd6,Male,36,35-44,United Kingdom,"sports, technology, fitness"
15ddc,Female,26,25-34,Australia,gaming
15f26,Female,17,16-17,United Kingdom,travel
15f7b,Male,26,25-34,United States,"art, sports"
15f8c,Male,20,18-24,Australia,"gaming, travel"
160f9,Female,20,18-24,Brazil,"fashion, sports"
16118,Male,25,25-34,India,news
161dc,Male,17,16-17,United Kingdom,fashion
1620e,Male,31,25-34,Canada,"health, finance, technology"
1625c,Male,25,25-34,Australia,fashion
162ec,Male,28,25-34,Germany,"fitness, gaming, lifestyle"
16352,Male,24,18-24,United Kingdom,news
1649d,Female,26,25-34,United States,"food, art"
1652b,Male,38,35-44,Japan,art
16593,Male,28,25-34,Canada,"art, finance, technology"
165bc,Female,31,25-34,United States,fashion
165ec,Male,18,18-24,Brazil,"gaming, fitness, art"
166c8,Male,31,25-34,Japan,health
16830,Male,16,16-17,United States,"fashion, fitness, finance"
1685e,Male,28,25-34,Germany,food
168cf,Female,52,45-54,United Kingdom,"gaming, travel"
1699a,Female,28,25-34,Mexico,technology
16a68,Other,19,18-24,United Kingdom,"finance, fashion"
16aad,Male,37,35-44,Canada,food
16ab6,Female,23,18-24,United States,fitness
16ad7,Female,37,35-44,United States,gaming
16b66,Other,22,18-24,India,"finance, photography"
16ba2,Male,23,18-24,Brazil,"health, sports"
16cc4,Male,38,35-44,United States,"travel, lifestyle, gaming"
16d6f,Male,22,18-24,United States,"lifestyle, food, health"
16de0,Female,24,18-24,Australia,fashion
16e2b,Male,28,25-34,United States,"health, finance, travel"
16e7c,Other,18,18-24,Japan,"sports, travel, fashion"
16ed8,Male,18,18-24,Australia,"travel, sports"
16f04,Male,21,18-24,India,"art, photography, gaming"
16f17,Female,28,25-34,Australia,"fitness, photography"
16f7a,Male,44,35-44,Mexico,gaming
16f95,Male,28,25-34,Australia,"fashion, sports, photography"
16ffa,Female,41,35-44,Germany,travel
17002,Female,20,18-24,Germany,"fitness, news, gaming"
17087,Male,16,16-17,France,"finance, art"
170b1,Male,29,25-34,United States,sports
170b6,Female,35,35-44,Germany,finance
170bc,Male,34,25-34,India,"gaming, technology"
17106,Male,16,16-17,United States,"travel, photography, food"
17160,Female,27,25-34,United States,art
17181,Male,29,25-34,India,"health, food"
171ca,Male,26,25-34,Australia,finance
17301,Male,27,25-34,United Kingdom,photography
1738a,Female,23,18-24,Canada,"fitness, sports, lifestyle"
1740b,Male,34,25-34,Canada,lifestyle
1748c,Male,31,25-34,France,"photography, art"
17552,Female,34,25-34,United States,food
175c2,Male,20,18-24,United States,"news, technology, sports"
17689,Male,25,25-34,Germany,technology
176b5,Other,55,55-65,Canada,"finance, lifestyle"
17720,Female,22,18-24,India,"finance, travel"
177ac,Female,20,18-24,Australia,"finance, news"
17885,Female,16,16-17,Japan,"finance, fitness, travel"
178ca,Female,28,25-34,France,"photography, health"
1791c,Male,28,25-34,Germany,"photography, fitness"
17920,Male,57,55-65,United States,"sports, lifestyle"
1792b,Male,45,45-54,United States,"travel, food, technology"
179f8,Female,19,18-24,United States,"lifestyle, finance, technology"
17a3f,Male,21,18-24,Japan,sports
17a40,Male,16,16-17,Germany,"finance, technology, lifestyle"
17ab1,Female,30,25-34,United States,"travel, art, food"
17ac0,Male,39,35-44,Mexico,"sports, photography"
17b27,Male,34,25-34,Brazil,sports
17b35,Female,33,25-34,Germany,fitness
17b51,Female,22,18-24,United States,"gaming, finance"
17ce1,Male,26,25-34,United States,"food, gaming, fitness"
17d6d,Male,23,18-24,France,"art, travel, fitness"
17e1d,Male,22,18-24,Canada,"food, gaming"
17ebf,Male,21,18-24,United States,"finance, photography"
17f16,Female,20,18-24,United States,news
18002,Male,22,18-24,United States,"health, news"
18056,Female,37,35-44,United Kingdom,"health, travel"
18137,Male,33,25-34,Canada,technology
1816,Male,25,25-34,United States,technology
181f0,Male,19,18-24,United States,"technology, gaming"
1820,Female,32,25-34,Canada,"gaming, lifestyle"
18228,Male,24,18-24,France,"fitness, lifestyle, gaming"
18238,Other,21,18-24,India,"health, gaming, news"
182d6,Female,25,25-34,India,"technology, news"
18382,Male,18,18-24,Germany,fashion
18424,Female,26,25-34,Mexico,fashion
18427,Male,24,18-24,Canada,finance
1844e,Male,26,25-34,United States,"gaming, lifestyle"
1846a,Male,32,25-34,Mexico,sports
1853c,Female,42,35-44,United States,travel
18589,Female,24,18-24,Japan,"food, gaming"
18592,Male,35,35-44,United States,"fashion, news, travel"
18604,Female,23,18-24,Canada,fashion
1862c,Male,46,45-54,Mexico,"art, health, finance"
1863,Female,28,25-34,United Kingdom,news
186a7,Male,16,16-17,India,"fashion, fitness"
186da,Female,21,18-24,United States,"fitness, photography, lifestyle"
1875d,Other,31,25-34,Canada,"fitness, food"
18792,Other,29,25-34,India,"art, news, food"
187b4,Male,34,25-34,India,health
18872,Other,24,18-24,Germany,"fitness, lifestyle, fashion"
18898,Male,26,25-34,United States,travel
188be,Male,25,25-34,United States,photography
18961,Male,27,25-34,United States,photography
18977,Male,31,25-34,United States,"travel, art"
189fd,Male,21,18-24,Canada,"photography, sports, travel"
18a07,Female,18,18-24,Brazil,"sports, technology"
18a12,Male,24,18-24,Japan,"travel, finance"
18a32,Other,17,16-17,Mexico,"finance, news"
18a43,Male,28,25-34,United States,"photography, fashion"
18b04,Male,20,18-24,Canada,fitness
18b56,Female,37,35-44,United States,technology
18c50,Female,30,25-34,United States,"fitness, lifestyle, food"
18c77,Female,22,18-24,Brazil,"food, sports"
18d1d,Female,26,25-34,United States,photography
18d6c,Male,23,18-24,United States,"art, health, finance"
18da0,Female,27,25-34,Australia,sports
18e4c,Male,44,35-44,United Kingdom,"fitness, lifestyle"
18e9b,Male,27,25-34,United States,gaming
18eb0,Male,28,25-34,Australia,"art, food"
18f27,Male,23,18-24,United Kingdom,health
18f66,Female,34,25-34,United Kingdom,"news, travel, lifestyle"
18f74,Male,27,25-34,Japan,"finance, news"
18fb3,Male,22,18-24,India,health
19019,Male,48,45-54,Canada,"fitness, art"
1904c,Other,34,25-34,Canada,"finance, art, food"
190ad,Male,54,45-54,France,"gaming, art, food"
191aa,Male,33,25-34,United States,"sports, photography, art"
191ac,Male,37,35-44,India,"finance, sports, art"
191cb,Female,30,25-34,United States,"fashion, food, lifestyle"
19290,Male,20,18-24,Canada,"fitness, sports"
1929c,Female,23,18-24,United Kingdom,"art, fitness"
19310,Female,17,16-17,Japan,fashion
19325,Male,28,25-34,Australia,"sports, travel, lifestyle"
193ff,Other,18,18-24,Australia,"fashion, finance"
19514,Female,38,35-44,Canada,"fitness, food"
195ac,Other,27,25-34,Japan,"art, fashion"
195d1,Female,23,18-24,United States,art
1977c,Male,26,25-34,India,"lifestyle, gaming"
197d6,Male,18,18-24,United States,photography
19887,Male,32,25-34,Australia,"sports, travel, technology"
19895,Male,17,16-17,Australia,"fitness, photography"
19959,Female,22,18-24,Australia,"fashion, travel, technology"
19a31,Male,28,25-34,United Kingdom,news
19a7f,Female,43,35-44,United States,"finance, food, lifestyle"
19a87,Female,24,18-24,India,"fitness, food, health"
19af7,Female,30,25-34,France,"photography, technology"
19b61,Female,29,25-34,India,fashion
19bcd,Female,41,35-44,United States,finance
19bde,Male,29,25-34,Australia,"travel, fitness, fashion"
19c4c,Male,25,25-34,Germany,news
19c63,Male,46,45-54,United States,"news, travel, gaming"
19cc6,Female,22,18-24,United States,news
19d8f,Male,36,35-44,Canada,"finance, art"
19db3,Female,28,25-34,Japan,"fitness, finance"
19dfd,Female,20,18-24,United Kingdom,"news, technology"
19f04,Female,28,25-34,United States,"travel, food"
19f13,Female,53,45-54,India,"health, food"
19fd5,Other,24,18-24,Canada,technology
1a239,Male,44,35-44,France,"photography, technology, fashion"
1a2ec,Female,29,25-34,United States,"finance, photography"
1a306,Female,36,35-44,United States,"fashion, news, technology"
1a370,Male,36,35-44,Mexico,technology
1a39b,Male,19,18-24,United Kingdom,technology
1a3b6,Female,20,18-24,Germany,"fitness, lifestyle"
1a3e2,Male,27,25-34,India,news
1a3f2,Male,28,25-34,Canada,art
1a414,Male,32,25-34,United States,"travel, lifestyle, photography"
1a479,Male,42,35-44,United States,"lifestyle, food"
1a4dd,Male,34,25-34,United States,"art, news"
1a509,Female,23,18-24,Mexico,"lifestyle, gaming"
1a554,Female,29,25-34,Brazil,health
1a5c2,Female,22,18-24,United Kingdom,"technology, photography, gaming"
1a738,Female,23,18-24,Japan,"lifestyle, finance"
1a75b,Female,38,35-44,Mexico,"travel, art, health"
1a7ac,Female,41,35-44,India,travel
1a7cd,Male,16,16-17,Mexico,"technology, travel, gaming"
1a7fb,Male,23,18-24,Canada,health
1a7fc,Female,36,35-44,Canada,"sports, photography, travel"
1a82a,Female,35,35-44,Canada,sports
1a830,Male,33,25-34,Germany,fashion
1a870,Female,30,25-34,United States,"lifestyle, travel, gaming"
1a8db,Male,38,35-44,France,"food, gaming, photography"
1a906,Male,20,18-24,United States,"news, sports, fashion"
1a99b,Male,26,25-34,United States,fashion
1a9aa,Female,23,18-24,United States,food
1a9ff,Female,39,35-44,India,"fitness, news, sports"
1ab1d,Male,28,25-34,United States,fitness
1ab8b,Female,33,25-34,Mexico,"fashion, art, travel"
1abd1,Female,37,35-44,Australia,"news, health"
1ac28,Male,31,25-34,India,"fashion, art"
1ac97,Female,29,25-34,United States,"fitness, finance"
1ac9e,Male,37,35-44,United Kingdom,"travel, finance"
1ad20,Male,25,25-34,India,"food, health"
1ad51,Female,28,25-34,United States,"art, news"
1adca,Male,21,18-24,India,"lifestyle, travel"
1adcc,Male,30,25-34,United Kingdom,"photography, food"
1ade3,Other,31,25-34,United Kingdom,"fashion, photography, health"
1ae33,Other,29,25-34,United States,finance
1b006,Male,28,25-34,India,photography
1b08d,Female,24,18-24,United States,"sports, photography"
1b0d6,Male,34,25-34,United Kingdom,"technology, travel"
1b135,Other,26,25-34,Mexico,food
1b17a,Male,22,18-24,United States,"food, fashion"
1b227,Male,37,35-44,Germany,health
1b251,Male,45,45-54,United States,art
1b2a5,Male,29,25-34,United States,sports
1b2d7,Other,40,35-44,United States,sports
1b4d4,Male,34,25-34,Australia,"technology, health, sports"
1b53a,Male,23,18-24,France,"fashion, finance, food"
1b573,Female,25,25-34,United Kingdom,"fashion, travel, lifestyle"
1b595,Male,27,25-34,Germany,"travel, sports, fashion"
1b59c,Male,34,25-34,United Kingdom,"art, sports, technology"
1b6bb,Female,28,25-34,United Kingdom,"travel, sports, finance"
1b6c0,Female,23,18-24,United States,"art, gaming, news"
1b718,Female,18,18-24,United States,food
1b7d7,Male,50,45-54,Mexico,health
1b7fb,Female,38,35-44,Germany,health
1b842,Female,21,18-24,Germany,food
1b86d,Female,24,18-24,Australia,"finance, gaming, fashion"
1b8cd,Female,27,25-34,Japan,fashion
1b910,Male,19,18-24,Brazil,"art, fitness"
1b97d,Male,32,25-34,United States,"food, lifestyle"
1b9ae,Other,25,25-34,Germany,"photography, food, finance"
1b9b3,Male,27,25-34,United Kingdom,technology
1bb04,Male,29,25-34,Canada,"technology, photography, gaming"
1bb39,Male,22,18-24,Australia,"gaming, fashion, finance"
1bba3,Male,30,25-34,Germany,travel
1bba9,Female,30,25-34,Australia,technology
1bbd0,Male,28,25-34,Germany,"sports, gaming"
1bbda,Male,32,25-34,Germany,"food, finance"
1bd20,Female,25,25-34,United States,"gaming, photography, fitness"
1bd3c,Female,19,18-24,Canada,"fitness, sports"
1bde3,Male,17,16-17,United Kingdom,"finance, food"
1be17,Male,34,25-34,United Kingdom,"fitness, art, photography"
1bf1d,Other,34,25-34,Germany,"fashion, news"
1c11c,Female,24,18-24,United Kingdom,fashion
1c13d,Male,27,25-34,United States,"health, gaming"
1c14d,Female,26,25-34,France,"finance, fitness"
1c1b5,Female,21,18-24,Japan,"lifestyle, fashion"
1c20a,Male,17,16-17,United States,health
1c247,Male,19,18-24,United Kingdom,food
1c331,Male,38,35-44,United States,"fitness, finance, news"
1c463,Female,20,18-24,Canada,"news, fashion, sports"
1c583,Female,28,25-34,United Kingdom,"sports, news"
1c5b3,Female,32,25-34,Mexico,"sports, lifestyle"
1c63b,Male,38,35-44,United Kingdom,"art, travel"
1c6e1,Male,38,35-44,Brazil,health
1c7bb,Male,29,25-34,United States,fashion
1c7ea,Male,19,18-24,India,"finance, news, technology"
1c81f,Female,30,25-34,Canada,"travel, art"
1c834,Other,20,18-24,United States,"fitness, news, fashion"
1c8b3,Other,35,35-44,United States,finance
1c8ed,Female,22,18-24,India,health
1c90d,Male,19,18-24,United States,"lifestyle, news, fashion"
1c96d,Female,40,35-44,United Kingdom,"food, art"
1c97f,Male,27,25-34,United Kingdom,food
1ca7a,Male,19,18-24,Germany,"fitness, fashion"
1caa3,Other,16,16-17,Canada,"gaming, fitness"
1cd98,Male,20,18-24,India,travel
1ce10,Female,22,18-24,United States,"lifestyle, fitness"
1ce18,Other,32,25-34,Brazil,"finance, travel"
1ce27,Male,23,18-24,United States,"food, health"
1cfd4,Female,27,25-34,Germany,lifestyle
1d0f3,Male,31,25-34,United States,"travel, sports, art"
1d256,Female,30,25-34,United Kingdom,travel
1d340,Male,24,18-24,United States,"photography, travel"
1d348,Other,20,18-24,India,"lifestyle, sports"
1d3b1,Male,16,16-17,United Kingdom,lifestyle
1d3ed,Female,16,16-17,Japan,fitness
1d519,Male,21,18-24,United Kingdom,"technology, finance, health"
1d530,Female,28,25-34,Australia,food
1d558,Female,45,45-54,India,gaming
1d608,Male,32,25-34,India,"technology, photography"
1d694,Female,24,18-24,United Kingdom,news
1d704,Male,28,25-34,United States,"sports, news"
1d7b9,Male,32,25-34,Canada,"gaming, food, technology"
1d7e0,Male,30,25-34,United States,"news, sports, gaming"
1d7ff,Female,38,35-44,United States,fitness
1d8ad,Female,16,16-17,United States,gaming
1d944,Male,34,25-34,United Kingdom,"travel, finance, art"
1da5e,Other,39,35-44,United States,"finance, technology, fitness"
1daba,Female,28,25-34,Brazil,"travel, technology"
1daf9,Male,36,35-44,United States,"travel, photography"
1dc35,Male,28,25-34,France,food
1dc48,Male,22,18-24,United Kingdom,"finance, technology"
1dc5a,Male,26,25-34,Brazil,art
1dc71,Male,27,25-34,Brazil,"health, travel, finance"
1dc9b,Male,32,25-34,Germany,art
1dcb6,Female,26,25-34,Canada,"art, sports, gaming"
1decb,Female,42,35-44,Brazil,"health, news, finance"
1df52,Male,27,25-34,United States,sports
1df93,Female,32,25-34,Brazil,"technology, finance, news"
1dfe5,Male,33,25-34,United States,health
1dfe8,Female,42,35-44,United States,"finance, art, fitness"
1dffb,Male,34,25-34,Brazil,"travel, fitness"
1e23b,Male,32,25-34,Japan,"travel, art"
1e2b5,Other,32,25-34,Australia,"technology, art"
1e371,Female,33,25-34,Mexico,health
1e480,Male,16,16-17,United States,"fashion, lifestyle"
1e498,Male,21,18-24,India,"news, lifestyle, travel"
1e4c2,Male,31,25-34,Mexico,gaming
1e544,Female,21,18-24,United States,photography
1e64b,Male,35,35-44,Brazil,gaming
1e656,Female,36,35-44,Germany,photography
1e688,Female,46,45-54,Canada,"fashion, news, technology"
1e758,Other,39,35-44,India,travel
1e788,Female,16,16-17,United States,"lifestyle, food"
1e7b0,Male,28,25-34,Brazil,news
1e7c6,Female,18,18-24,France,"fashion, gaming, travel"
1e7fc,Female,21,18-24,United States,"health, fitness, finance"
1e83c,Female,24,18-24,France,"lifestyle, photography"
1e8ca,Female,33,25-34,United States,"technology, food"
1e915,Male,20,18-24,United States,"finance, sports"
1e969,Other,23,18-24,Australia,"technology, fashion, gaming"
1ea34,Female,30,25-34,United States,"sports, fashion"
1eae9,Male,38,35-44,India,"gaming, art, photography"
1eb28,Male,17,16-17,India,sports
1ebf9,Male,24,18-24,India,"sports, fashion, technology"
1ec13,Male,22,18-24,United States,"travel, health, lifestyle"
1ec58,Female,17,16-17,United Kingdom,"sports, technology"
1ecb0,Female,30,25-34,United Kingdom,"lifestyle, art"
1ed04,Female,29,25-34,Brazil,"lifestyle, art"
1ed64,Female,18,18-24,United Kingdom,food
1edc6,Female,35,35-44,Mexico,"lifestyle, sports, finance"
1ee53,Male,27,25-34,Japan,fitness
1ee6a,Female,47,45-54,United Kingdom,"fashion, technology, fitness"
1eefe,Male,20,18-24,Japan,"fashion, gaming, photography"
1ef29,Female,44,35-44,Australia,"news, art"
1efd9,Female,29,25-34,United States,"food, travel"
1effb,Other,25,25-34,United States,"sports, fashion, travel"
1f062,Other,47,45-54,Australia,"food, fashion, fitness"
1f16e,Female,25,25-34,India,"lifestyle, finance"
1f17d,Male,27,25-34,United States,"health, lifestyle"
1f1b1,Male,24,18-24,United States,"news, finance"
1f1f7,Male,25,25-34,Australia,"finance, lifestyle, news"
1f2ab,Male,40,35-44,United States,"sports, food, travel"
1f32f,Male,34,25-34,United States,fitness
1f362,Female,30,25-34,United Kingdom,"fitness, fashion, finance"
1f381,Male,31,25-34,United States,"food, technology, lifestyle"
1f39f,Male,25,25-34,India,"finance, news, food"
1f3ab,Female,26,25-34,Mexico,food
1f45d,Female,26,25-34,United Kingdom,"gaming, art, technology"
1f47b,Male,34,25-34,Canada,food
1f4a8,Male,23,18-24,Canada,"gaming, fashion, news"
1f4a9,Male,27,25-34,United States,"sports, gaming, health"
1f58f,Male,34,25-34,Canada,"food, fashion"
1f599,Male,48,45-54,United States,"travel, fitness, photography"
1f63e,Female,32,25-34,Brazil,news
1f757,Female,22,18-24,Australia,"photography, art"
1f77e,Female,36,35-44,India,"travel, food, photography"
1f7ba,Male,20,18-24,United States,"sports, news"
1f7d4,Male,36,35-44,Mexico,"photography, sports, finance"
1f81a,Male,21,18-24,Mexico,technology
1f82b,Male,40,35-44,Mexico,"sports, art, food"
1f8c9,Female,37,35-44,Canada,"health, finance, travel"
1f9bd,Male,47,45-54,Australia,"news, photography"
1fa2b,Female,30,25-34,United States,news
1fa31,Male,33,25-34,Australia,"lifestyle, food"
1fa53,Male,58,55-65,India,food
1fa95,Other,16,16-17,United Kingdom,"lifestyle, health"
1fae5,Female,22,18-24,United States,lifestyle
1fb01,Female,25,25-34,France,art
1fb4d,Male,44,35-44,United States,"fitness, finance, technology"
1fb5d,Female,16,16-17,Germany,"gaming, news"
1fb9b,Male,30,25-34,United States,art
1fcd9,Male,27,25-34,India,news
1fd39,Male,16,16-17,India,travel
1fd87,Male,22,18-24,United States,"health, news"
1fe8c,Male,43,35-44,United States,"photography, food"
1ff10,Female,25,25-34,Canada,news
1ff8d,Female,32,25-34,United Kingdom,"photography, health, news"
1ffec,Female,19,18-24,France,"lifestyle, finance"
2.00E+21,Male,32,25-34,United States,"gaming, fitness, food"
2.00E+210,Female,36,35-44,United Kingdom,"fashion, sports, gaming"
2.00E+266,Male,44,35-44,Australia,health
2.00E+275,Female,43,35-44,Australia,news
2.00E+305,Female,28,25-34,India,"food, photography"
2.00E+39,Male,27,25-34,India,travel
2.00E+61,Male,24,18-24,India,"travel, health, technology"
2.00E+62,Male,29,25-34,United Kingdom,food
2.10E+17,Male,28,25-34,United States,"gaming, fashion"
2.10E+53,Male,44,35-44,United Kingdom,finance
2.20E+37,Female,16,16-17,United States,"art, fitness"
2.30E+04,Male,33,25-34,United States,"sports, food, health"
2.30E+32,Female,22,18-24,United States,"fitness, photography"
2.30E+82,Female,18,18-24,United States,art
2.33E+06,Male,27,25-34,Mexico,"food, gaming"
2.35E+07,Male,30,25-34,United States,finance
2.46E+06,Female,39,35-44,Germany,"fashion, photography"
2.50E+02,Male,20,18-24,Mexico,finance
2.60E+89,Male,21,18-24,Mexico,"fitness, art"
2.61E+02,Male,16,16-17,Mexico,art
2.64E+03,Male,33,25-34,Germany,"fashion, food, art"
2.65E+07,Male,22,18-24,United Kingdom,"gaming, technology, lifestyle"
2.67E+06,Male,26,25-34,Mexico,health
2.80E+05,Male,29,25-34,Mexico,"lifestyle, fashion, health"
2.86E+08,Male,36,35-44,Germany,"finance, sports"
2.90E+16,Male,27,25-34,United States,fashion
2.90E+22,Female,25,25-34,United Kingdom,"travel, art"
2.92E+07,Male,16,16-17,Germany,"lifestyle, travel, technology"
2.98E+10,Male,44,35-44,United States,sports
200c8,Male,38,35-44,United States,"art, finance, food"
200cc,Other,31,25-34,Germany,"finance, news"
20106,Female,64,55-65,United States,"finance, technology, news"
20138,Male,27,25-34,India,"news, gaming, health"
2017f,Male,21,18-24,United States,"travel, lifestyle, gaming"
201a2,Male,39,35-44,Canada,art
20254,Other,31,25-34,Canada,sports
20305,Other,16,16-17,Brazil,"lifestyle, travel, sports"
20310,Male,24,18-24,India,finance
2031b,Other,43,35-44,France,"finance, art, travel"
203a5,Female,29,25-34,Germany,"art, photography"
203fc,Female,25,25-34,Mexico,gaming
20426,Male,22,18-24,United States,health
20450,Female,46,45-54,United States,travel
204a1,Male,23,18-24,Canada,"fitness, finance"
20578,Male,37,35-44,Mexico,"fitness, photography"
2059c,Female,19,18-24,India,"sports, finance"
205cd,Male,25,25-34,India,"travel, fashion, lifestyle"
20631,Female,45,45-54,United States,travel
20632,Male,26,25-34,Australia,"travel, finance, technology"
2064e,Male,35,35-44,United States,fitness
20667,Female,40,35-44,Japan,travel
206f8,Female,38,35-44,Japan,"food, fashion"
2073e,Male,34,25-34,Germany,"health, food, gaming"
20787,Male,23,18-24,United States,"fashion, news"
207b0,Female,39,35-44,United Kingdom,"technology, food, gaming"
207d2,Male,22,18-24,United States,"sports, gaming"
2082,Male,33,25-34,Canada,"technology, lifestyle, sports"
20879,Male,40,35-44,Canada,"art, fashion"
2089f,Male,23,18-24,United States,"travel, fitness, finance"
208a0,Male,21,18-24,Canada,"travel, photography, lifestyle"
20936,Male,28,25-34,Mexico,travel
20a5a,Male,30,25-34,United Kingdom,"fashion, food, gaming"
20af5,Male,37,35-44,United Kingdom,health
20ba9,Female,18,18-24,United Kingdom,technology
20bc2,Female,22,18-24,United States,"finance, travel, sports"
20c0b,Other,29,25-34,Canada,fitness
20c24,Male,32,25-34,Japan,art
20c87,Female,31,25-34,United Kingdom,lifestyle
20cd5,Male,58,55-65,India,"photography, health"
20d08,Female,28,25-34,India,"health, news, finance"
20d74,Other,32,25-34,Mexico,fashion
20d8b,Male,21,18-24,United Kingdom,"sports, health"
21025,Female,40,35-44,United States,"finance, food, technology"
21060,Female,24,18-24,United States,"fashion, fitness"
2108,Male,25,25-34,Mexico,"finance, fitness"
21098,Female,33,25-34,India,fitness
21210,Male,31,25-34,United States,"sports, travel"
2123b,Female,16,16-17,United States,art
21244,Male,30,25-34,Canada,"sports, gaming"
21270,Other,31,25-34,United States,"lifestyle, news, fitness"
21278,Male,16,16-17,Brazil,"photography, gaming"
2127f,Female,33,25-34,United States,news
21307,Female,38,35-44,Australia,lifestyle
2132,Male,21,18-24,Australia,"gaming, photography"
21369,Male,23,18-24,Australia,"photography, technology"
2138d,Female,21,18-24,United States,"finance, art, technology"
2148d,Male,18,18-24,India,gaming
21559,Male,19,18-24,Canada,art
21560,Male,23,18-24,United States,art
216a6,Other,29,25-34,Germany,"travel, technology, fashion"
2173c,Male,23,18-24,Brazil,"food, gaming"
21757,Male,44,35-44,United States,gaming
217bf,Male,25,25-34,Australia,"travel, health"
2184c,Female,38,35-44,France,fashion
2190e,Female,16,16-17,United States,"photography, lifestyle, fitness"
2192c,Male,21,18-24,India,health
21943,Female,32,25-34,United Kingdom,"photography, finance, health"
219b6,Male,26,25-34,Canada,"art, gaming, photography"
21b10,Other,27,25-34,France,"lifestyle, gaming, news"
21bd4,Male,35,35-44,United Kingdom,"sports, photography, fitness"
21c1d,Male,32,25-34,Japan,"food, art, fashion"
21c50,Male,42,35-44,Japan,"news, technology"
21c75,Male,36,35-44,Mexico,"lifestyle, news, art"
21dae,Male,35,35-44,Mexico,art
21dbd,Male,29,25-34,Australia,"fashion, photography"
21e2d,Male,27,25-34,Canada,food
21ea1,Female,19,18-24,United States,gaming
21ea4,Male,25,25-34,United Kingdom,"fitness, photography, gaming"
22062,Male,32,25-34,United States,"photography, technology"
22078,Male,38,35-44,Brazil,"fitness, finance"
22098,Male,29,25-34,United Kingdom,"sports, fitness"
2211c,Male,23,18-24,United States,travel
2213d,Female,36,35-44,United States,food
22154,Male,45,45-54,United States,"gaming, food, health"
2219d,Other,30,25-34,United States,news
221eb,Male,19,18-24,United States,fashion
221f2,Male,18,18-24,Brazil,food
2235d,Female,40,35-44,United States,"gaming, lifestyle, health"
22364,Male,32,25-34,Australia,"technology, sports, art"
223f2,Male,25,25-34,United Kingdom,"food, gaming, fitness"
224b5,Male,36,35-44,United States,"food, travel, art"
22523,Male,19,18-24,Australia,"travel, sports, food"
22542,Male,24,18-24,United Kingdom,fashion
2257e,Male,21,18-24,Mexico,"finance, travel, health"
22587,Male,33,25-34,India,"news, travel, fitness"
225cf,Female,17,16-17,United Kingdom,"finance, travel"
22696,Other,26,25-34,United Kingdom,gaming
2272,Male,40,35-44,Brazil,"sports, technology"
2277d,Male,32,25-34,Japan,"sports, fitness, technology"
227cd,Male,47,45-54,United Kingdom,"fitness, news"
227ce,Male,33,25-34,Germany,fitness
22802,Male,23,18-24,Brazil,fitness
2280b,Female,16,16-17,United States,"health, travel"
228d7,Other,20,18-24,United Kingdom,"finance, sports, photography"
229fe,Other,30,25-34,United Kingdom,fashion
22a14,Female,37,35-44,United Kingdom,"lifestyle, food"
22ac4,Female,43,35-44,Brazil,lifestyle
22b02,Female,20,18-24,United Kingdom,"gaming, food"
22b2c,Male,18,18-24,United States,fitness
22b41,Male,25,25-34,United States,fashion
22b4d,Female,30,25-34,United States,"fitness, gaming, technology"
22c85,Female,23,18-24,United Kingdom,"travel, gaming"
22cb8,Female,21,18-24,Germany,"art, lifestyle, finance"
22cd8,Female,30,25-34,India,"lifestyle, fashion, photography"
22cda,Male,19,18-24,United States,fashion
22d69,Male,27,25-34,United States,art
22da4,Female,40,35-44,Germany,"sports, food, gaming"
22e4c,Male,18,18-24,United States,"gaming, lifestyle, finance"
22f1c,Male,23,18-24,United States,"photography, sports, finance"
22fd6,Male,16,16-17,United States,"fitness, photography, health"
22fe7,Male,26,25-34,Brazil,sports
2315e,Male,30,25-34,United Kingdom,"lifestyle, gaming"
231c9,Male,30,25-34,Australia,"finance, fashion"
2327f,Female,25,25-34,United Kingdom,art
23384,Male,24,18-24,Germany,"health, lifestyle, finance"
233fa,Male,30,25-34,Canada,lifestyle
23444,Female,30,25-34,United Kingdom,"food, technology"
23451,Male,21,18-24,France,"food, health"
23545,Female,22,18-24,United States,"lifestyle, technology, fashion"
2355f,Male,24,18-24,Japan,"news, gaming"
2356b,Female,20,18-24,India,"technology, art, finance"
23579,Male,23,18-24,United States,"lifestyle, fitness, fashion"
2359b,Female,24,18-24,United States,"gaming, food"
235d7,Other,26,25-34,United Kingdom,"fashion, health"
23637,Male,33,25-34,Australia,art
23656,Male,25,25-34,India,"health, food, travel"
236ac,Male,35,35-44,United States,travel
23750,Female,21,18-24,United States,"technology, news"
23781,Male,26,25-34,United Kingdom,gaming
2380f,Male,21,18-24,France,travel
23891,Female,24,18-24,Japan,travel
238d1,Male,42,35-44,India,fitness
238d7,Male,27,25-34,Australia,"sports, finance"
2398,Male,23,18-24,United States,lifestyle
239d2,Female,39,35-44,United Kingdom,photography
23a03,Female,26,25-34,India,"news, fitness"
23a17,Female,35,35-44,United States,"finance, travel"
23a43,Female,26,25-34,United States,"art, food"
23abb,Male,48,45-54,Brazil,"fitness, gaming"
23b0b,Female,37,35-44,United States,"fashion, sports"
23b52,Male,17,16-17,United States,"news, fashion, lifestyle"
23b62,Male,28,25-34,Mexico,fitness
23b96,Female,22,18-24,Canada,finance
23c1a,Male,25,25-34,United States,"news, health, lifestyle"
23c32,Male,28,25-34,Germany,"fitness, lifestyle"
23c4c,Female,26,25-34,India,"gaming, fashion, sports"
23c75,Male,55,55-65,United Kingdom,technology
23c7e,Male,28,25-34,Canada,"gaming, technology"
23cbf,Female,19,18-24,India,"travel, fashion, food"
23d32,Male,16,16-17,United States,"technology, news, health"
23d93,Male,17,16-17,United States,gaming
23ee4,Male,17,16-17,United States,"health, technology, sports"
23faf,Male,20,18-24,United States,travel
23ffc,Female,43,35-44,Canada,"lifestyle, fashion, food"
240cb,Female,32,25-34,Brazil,art
24191,Female,31,25-34,United States,photography
24223,Male,23,18-24,United Kingdom,"sports, lifestyle, fashion"
24283,Female,21,18-24,United States,"art, travel, fitness"
242aa,Male,16,16-17,United States,food
242ff,Female,30,25-34,United States,"art, sports"
24360,Male,18,18-24,United States,"news, fashion, travel"
24364,Male,18,18-24,United States,"travel, fashion, art"
2458a,Male,29,25-34,India,art
245ba,Male,39,35-44,India,finance
245ce,Female,30,25-34,United States,lifestyle
2460,Male,24,18-24,Brazil,"photography, fitness"
24607,Male,21,18-24,United States,"finance, health, gaming"
24617,Male,30,25-34,India,"photography, gaming, food"
24737,Male,22,18-24,United Kingdom,"news, food"
2481a,Female,48,45-54,Germany,"art, finance, fitness"
24826,Female,33,25-34,Australia,"food, finance"
24884,Female,24,18-24,Brazil,"finance, fitness, lifestyle"
24886,Male,36,35-44,India,health
248b4,Female,25,25-34,United States,"technology, lifestyle"
249df,Male,25,25-34,United Kingdom,"sports, health"
24a67,Male,16,16-17,United States,"finance, gaming, health"
24b2f,Male,18,18-24,United States,health
24b85,Female,21,18-24,Australia,lifestyle
24b9b,Male,31,25-34,Brazil,"sports, health"
24c3b,Male,17,16-17,Japan,photography
24ddd,Male,36,35-44,Germany,"food, photography"
24e5d,Other,30,25-34,India,"fashion, lifestyle, news"
24f0a,Female,16,16-17,Japan,"finance, fashion, art"
24f19,Female,16,16-17,United States,"art, technology"
24f32,Male,29,25-34,Germany,"food, news"
24fe2,Male,32,25-34,Japan,"gaming, news, lifestyle"
25085,Female,19,18-24,United States,"travel, fashion"
25089,Male,28,25-34,Canada,"fashion, technology"
250be,Male,21,18-24,Germany,photography
250ff,Female,42,35-44,United States,travel
2519b,Female,18,18-24,United States,"photography, sports"
2526f,Male,18,18-24,France,sports
25299,Female,20,18-24,Germany,"technology, food"
25379,Male,17,16-17,Germany,"lifestyle, photography, sports"
253c7,Male,30,25-34,Germany,"finance, health, technology"
253d1,Other,33,25-34,Australia,news
25451,Male,48,45-54,United States,"gaming, technology"
25472,Male,20,18-24,United States,sports
254b0,Male,20,18-24,United Kingdom,"travel, news"
254b2,Male,28,25-34,United States,"art, photography, travel"
254f1,Female,32,25-34,France,"health, sports, technology"
25562,Male,32,25-34,United Kingdom,art
256f9,Male,22,18-24,Canada,photography
25708,Male,23,18-24,Germany,"travel, fitness, technology"
25732,Male,36,35-44,Australia,fitness
2578b,Female,22,18-24,Brazil,"fashion, health"
257c6,Male,29,25-34,Brazil,"finance, news, food"
2580f,Female,27,25-34,United States,"fashion, lifestyle"
25864,Male,20,18-24,United Kingdom,food
25884,Male,29,25-34,United Kingdom,"photography, sports, finance"
258a1,Male,27,25-34,France,"travel, sports"
258ef,Male,26,25-34,United States,"art, lifestyle, news"
25948,Female,33,25-34,United States,gaming
2596c,Female,19,18-24,United States,"gaming, lifestyle, technology"
25a4b,Other,38,35-44,Germany,"gaming, fitness"
25a53,Male,24,18-24,United States,photography
25a71,Other,26,25-34,United Kingdom,travel
25a93,Female,36,35-44,United States,sports
25aff,Male,42,35-44,United States,"art, technology, fashion"
25b2e,Male,35,35-44,United States,news
25b61,Male,19,18-24,United States,"gaming, travel"
25cc3,Female,23,18-24,United Kingdom,"art, health"
25cd1,Female,44,35-44,United States,"news, finance, health"
25d12,Male,28,25-34,France,fitness
25d1a,Male,19,18-24,Japan,"fashion, lifestyle, food"
25d65,Male,21,18-24,Canada,"fashion, sports, finance"
25d7d,Male,46,45-54,Germany,"sports, travel"
25d87,Female,21,18-24,United States,travel
25de8,Female,26,25-34,United Kingdom,"travel, food"
25e0d,Male,23,18-24,United Kingdom,"finance, lifestyle, fashion"
25efd,Male,17,16-17,Australia,"news, finance"
25f2f,Other,26,25-34,United Kingdom,"food, photography, gaming"
25fe9,Male,33,25-34,United States,"sports, art"
2600,Male,30,25-34,Brazil,technology
26103,Male,17,16-17,Germany,"lifestyle, fashion"
26117,Male,31,25-34,Germany,technology
261ca,Female,29,25-34,Germany,"travel, fitness, gaming"
26221,Female,20,18-24,France,food
2628d,Other,16,16-17,United Kingdom,"fashion, finance"
26294,Female,16,16-17,Brazil,art
262f0,Female,22,18-24,United States,"news, sports, food"
26334,Other,34,25-34,United States,"sports, technology, travel"
2633a,Male,29,25-34,United States,technology
2633d,Male,45,45-54,France,"news, sports, health"
26369,Female,28,25-34,Japan,art
263dd,Female,27,25-34,United Kingdom,"lifestyle, health, art"
264d0,Male,24,18-24,Germany,"health, fashion"
2652f,Other,16,16-17,United States,"finance, technology"
2653f,Other,22,18-24,United States,"news, art"
26592,Male,29,25-34,United States,health
2665c,Female,35,35-44,United Kingdom,travel
26704,Male,16,16-17,Germany,"gaming, fitness"
26736,Male,29,25-34,Canada,food
267c3,Male,32,25-34,United States,fashion
267ed,Male,16,16-17,Germany,"travel, food"
26828,Male,19,18-24,France,"news, travel, art"
26910,Male,38,35-44,Germany,sports
2692b,Male,26,25-34,United States,health
2693c,Other,21,18-24,Germany,"fitness, photography"
26a7d,Female,32,25-34,Mexico,food
26ad5,Male,19,18-24,Germany,art
26ae4,Female,29,25-34,Mexico,"news, lifestyle, photography"
26b02,Other,24,18-24,United States,"food, lifestyle, finance"
26b0c,Male,50,45-54,United Kingdom,"fashion, health"
26b30,Female,32,25-34,India,"sports, technology, travel"
26bfc,Female,24,18-24,France,"health, fashion"
26c32,Male,32,25-34,Brazil,"lifestyle, gaming"
26c6e,Female,35,35-44,United States,photography
26c8a,Female,47,45-54,United Kingdom,"health, fashion"
26cc3,Female,52,45-54,United States,"art, sports, technology"
26d89,Female,39,35-44,Australia,food
26de1,Male,16,16-17,Germany,"news, food"
26f3d,Male,23,18-24,Canada,"food, gaming"
26f5f,Male,29,25-34,Germany,"lifestyle, food, technology"
26f88,Female,24,18-24,Canada,"lifestyle, photography"
27043,Male,24,18-24,United Kingdom,sports
2705e,Male,30,25-34,Germany,"fashion, finance"
27067,Male,25,25-34,United Kingdom,"travel, health"
27077,Male,26,25-34,United States,gaming
270a9,Male,27,25-34,United States,finance
270b9,Female,29,25-34,United Kingdom,"finance, news, photography"
270df,Other,28,25-34,United States,"finance, art, news"
27189,Male,19,18-24,United Kingdom,"photography, news"
2726,Male,22,18-24,Canada,"art, news"
27267,Male,32,25-34,Germany,health
2727c,Male,16,16-17,United States,"fitness, finance"
27306,Female,24,18-24,United States,travel
27309,Female,16,16-17,Germany,"gaming, news"
27424,Other,16,16-17,Brazil,"food, finance, sports"
2749a,Female,26,25-34,Brazil,"travel, fitness"
2756c,Male,31,25-34,Germany,"fashion, fitness, food"
275d1,Female,21,18-24,Australia,"news, lifestyle"
27618,Male,43,35-44,Brazil,"news, technology"
27650,Male,20,18-24,United States,photography
27682,Female,16,16-17,United States,"photography, news"
27706,Male,34,25-34,Canada,"gaming, fitness"
27713,Male,32,25-34,Japan,"technology, art"
27884,Female,33,25-34,United States,"finance, food, gaming"
278ec,Male,32,25-34,United States,"finance, photography"
2790f,Female,23,18-24,Brazil,news
27958,Male,26,25-34,United States,"fashion, health"
27961,Female,26,25-34,India,"news, food, finance"
2796c,Female,38,35-44,United Kingdom,"technology, fashion"
2799a,Male,20,18-24,United States,"travel, photography"
27a7d,Male,29,25-34,United States,"travel, lifestyle"
27a90,Male,24,18-24,India,"technology, food"
27a95,Male,31,25-34,Japan,"news, technology, health"
27b11,Male,41,35-44,Australia,"travel, technology, fitness"
27baa,Male,27,25-34,United States,"technology, lifestyle"
27cac,Female,18,18-24,India,"gaming, art, fitness"
27cda,Male,34,25-34,Australia,"technology, fitness, news"
27d38,Male,36,35-44,Japan,gaming
27e0a,Female,26,25-34,United Kingdom,finance
27ef6,Male,28,25-34,India,lifestyle
27f22,Male,16,16-17,United States,"gaming, health"
27fba,Other,25,25-34,France,news
2801a,Female,44,35-44,Mexico,gaming
2822c,Male,29,25-34,United States,"lifestyle, fashion, finance"
28240,Male,21,18-24,United Kingdom,art
28376,Male,30,25-34,Mexico,"technology, finance"
2848e,Male,18,18-24,India,news
2859,Female,32,25-34,Australia,"art, food"
28629,Male,22,18-24,Japan,"sports, art, travel"
287ac,Male,28,25-34,Japan,"lifestyle, health"
287ba,Male,18,18-24,Japan,art
28919,Male,33,25-34,India,"health, food, fitness"
28925,Male,29,25-34,India,"news, fashion"
28aca,Other,32,25-34,Japan,"gaming, lifestyle, art"
28b59,Male,16,16-17,India,"art, sports"
28ba0,Male,32,25-34,Brazil,"finance, art"
28bb1,Other,27,25-34,United States,travel
28bbe,Female,25,25-34,United States,"gaming, technology, lifestyle"
28cb4,Male,27,25-34,Japan,"finance, food"
28cf0,Male,28,25-34,Germany,"travel, sports"
28dd4,Male,16,16-17,United States,"technology, food, travel"
28eb4,Female,22,18-24,United Kingdom,"art, news"
28fa0,Male,46,45-54,India,"food, photography, sports"
28fa9,Male,20,18-24,Germany,"finance, sports, food"
28fd4,Male,30,25-34,Canada,fashion
28fd5,Female,19,18-24,United Kingdom,"art, photography, health"
28ff5,Male,25,25-34,United States,fashion
290f0,Female,33,25-34,United States,"photography, technology"
290f8,Male,47,45-54,United Kingdom,"gaming, finance, art"
29134,Male,31,25-34,United States,"technology, health"
2923b,Male,47,45-54,United Kingdom,finance
2929,Female,35,35-44,Australia,"art, fitness"
2929d,Male,17,16-17,Germany,"food, art"
2934f,Female,19,18-24,Germany,"fashion, health, sports"
293c3,Female,16,16-17,United States,"travel, fitness"
293ce,Male,23,18-24,Japan,"travel, gaming"
2943,Female,46,45-54,Germany,"gaming, photography"
29452,Male,18,18-24,United States,fashion
2945a,Male,30,25-34,Germany,technology
29506,Male,26,25-34,France,"news, finance"
29507,Female,26,25-34,United Kingdom,"fashion, travel, sports"
2955,Female,16,16-17,United States,lifestyle
2955f,Female,16,16-17,Canada,"finance, lifestyle"
29563,Other,18,18-24,United States,finance
2957f,Female,37,35-44,Mexico,sports
2963e,Male,25,25-34,United States,photography
29661,Female,17,16-17,United States,"photography, fitness"
29669,Male,34,25-34,United States,"health, art, gaming"
296bc,Male,23,18-24,Mexico,health
29752,Other,32,25-34,Australia,"fashion, travel, food"
297bb,Male,29,25-34,United States,"travel, technology, health"
29811,Female,36,35-44,France,"travel, news"
298ee,Other,24,18-24,United States,"fashion, photography"
29901,Male,38,35-44,India,"fitness, sports"
29906,Male,42,35-44,Mexico,food
29982,Male,22,18-24,India,"photography, health"
299f1,Female,22,18-24,Canada,"lifestyle, fashion"
29ae1,Male,25,25-34,United States,"fitness, fashion, finance"
29b24,Female,33,25-34,United Kingdom,fashion
29c35,Female,25,25-34,Germany,"news, photography"
29c52,Female,34,25-34,United States,sports
29cbc,Male,32,25-34,United States,gaming
29d1d,Male,20,18-24,Japan,fitness
29d61,Male,30,25-34,United States,"art, gaming"
29d7a,Other,31,25-34,India,"travel, sports, fitness"
29dcf,Male,26,25-34,Canada,"fashion, news, art"
29ea6,Female,27,25-34,Mexico,"fitness, photography"
29ee4,Male,19,18-24,United States,"news, health"
29ef0,Female,26,25-34,Germany,"sports, finance"
29f1c,Male,29,25-34,Australia,"photography, sports, finance"
2a055,Female,23,18-24,Germany,sports
2a06d,Other,20,18-24,India,art
2a0d4,Female,25,25-34,United States,"fashion, lifestyle, sports"
2a0f7,Male,42,35-44,Canada,"finance, photography, art"
2a127,Male,18,18-24,United States,travel
2a1c9,Male,31,25-34,Mexico,"travel, art"
2a1d2,Female,16,16-17,United States,"fashion, news, lifestyle"
2a1d5,Female,24,18-24,Mexico,"food, fashion"
2a22a,Other,28,25-34,United Kingdom,"sports, technology, art"
2a233,Female,27,25-34,France,"food, fashion, health"
2a27b,Male,19,18-24,United States,"fitness, photography, food"
2a379,Male,21,18-24,United States,"art, sports"
2a492,Female,31,25-34,United States,finance
2a4b5,Female,20,18-24,Mexico,"fashion, technology"
2a538,Male,45,45-54,United Kingdom,art
2a5ba,Male,51,45-54,Australia,fashion
2a692,Male,23,18-24,Brazil,"technology, finance, fashion"
2a895,Female,32,25-34,Australia,"finance, technology, art"
2a897,Male,22,18-24,United States,"food, finance"
2a94f,Female,17,16-17,Japan,health
2a950,Male,31,25-34,United Kingdom,"news, art"
2aa1d,Male,28,25-34,United Kingdom,"news, gaming, fashion"
2ab3d,Male,25,25-34,United States,"gaming, fashion"
2abc2,Male,29,25-34,United States,"technology, photography"
2abfb,Female,20,18-24,India,"lifestyle, fashion"
2ac02,Male,38,35-44,United Kingdom,photography
2ac0f,Male,16,16-17,Australia,"travel, food, health"
2ac33,Female,29,25-34,Brazil,fitness
2acdb,Male,35,35-44,Canada,travel
2ad57,Male,32,25-34,Japan,"sports, health"
2ad8d,Male,33,25-34,India,"art, finance"
2ada9,Other,16,16-17,Brazil,"health, news"
2adab,Male,22,18-24,United Kingdom,health
2adc2,Male,24,18-24,United States,"travel, art, photography"
2adea,Male,25,25-34,United States,technology
2ae0f,Male,16,16-17,Germany,"food, fitness, finance"
2aeaf,Male,29,25-34,Brazil,"travel, technology"
2aeee,Male,30,25-34,United States,"gaming, finance"
2af0c,Male,24,18-24,France,gaming
2af89,Female,17,16-17,Canada,"gaming, food"
2afec,Male,20,18-24,United States,"art, lifestyle"
2b13d,Male,29,25-34,United States,lifestyle
2b18c,Other,41,35-44,United Kingdom,"gaming, photography"
2b1d1,Male,26,25-34,India,news
2b28c,Male,41,35-44,Mexico,fitness
2b312,Male,20,18-24,United States,"lifestyle, sports, technology"
2b339,Female,22,18-24,United Kingdom,"gaming, news"
2b363,Male,21,18-24,Mexico,"food, art, fashion"
2b498,Other,29,25-34,United States,"photography, lifestyle"
2b4b0,Male,55,55-65,United States,"art, photography"
2b4b6,Male,47,45-54,United Kingdom,"health, lifestyle, technology"
2b4b9,Male,18,18-24,Mexico,gaming
2b4dc,Male,40,35-44,Canada,"fashion, health, photography"
2b4fd,Male,26,25-34,United States,"fashion, news"
2b602,Male,40,35-44,United States,"technology, health"
2b630,Male,26,25-34,United States,"art, lifestyle, photography"
2b690,Male,25,25-34,France,"gaming, travel, sports"
2b799,Female,24,18-24,Brazil,health
2b79f,Male,17,16-17,United States,"food, travel"
2b7c8,Male,32,25-34,United States,fitness
2b807,Female,25,25-34,Brazil,"art, photography"
2b860,Female,18,18-24,United Kingdom,finance
2b870,Male,31,25-34,United States,"health, fitness"
2b87a,Male,19,18-24,Japan,sports
2b908,Male,18,18-24,Mexico,"lifestyle, fitness"
2b97e,Male,42,35-44,India,photography
2bad1,Male,36,35-44,United Kingdom,sports
2bb3d,Male,22,18-24,United Kingdom,"art, news"
2bb42,Female,31,25-34,India,"health, fitness, finance"
2bb4e,Other,21,18-24,Mexico,art
2bb86,Male,24,18-24,India,"food, health, fitness"
2bb98,Male,59,55-65,United Kingdom,finance
2bbe8,Male,29,25-34,United States,health
2bc3a,Female,33,25-34,India,photography
2bc62,Male,27,25-34,United Kingdom,"sports, art, finance"
2bcde,Female,36,35-44,France,"gaming, fitness"
2bdbe,Male,18,18-24,United Kingdom,"art, health, finance"
2bddf,Other,25,25-34,United States,"fitness, food"
2be03,Female,27,25-34,India,fitness
2be63,Male,33,25-34,United Kingdom,finance
2be6f,Male,31,25-34,Brazil,travel
2c03e,Male,19,18-24,United Kingdom,"news, fashion"
2c0a8,Male,20,18-24,Mexico,"travel, health, food"
2c0dc,Male,18,18-24,United Kingdom,"sports, food"
2c0ee,Male,23,18-24,United States,"health, technology"
2c11d,Male,19,18-24,United States,"photography, sports, fashion"
2c1b7,Female,20,18-24,United States,"news, food"
2c2cc,Female,19,18-24,United States,fitness
2c2d6,Male,27,25-34,India,"food, fashion, travel"
2c2dc,Female,55,55-65,United States,art
2c3f3,Female,34,25-34,United States,photography
2c407,Male,22,18-24,Brazil,"photography, sports, finance"
2c425,Male,16,16-17,Japan,"gaming, technology, sports"
2c4bf,Male,29,25-34,Canada,"photography, art, fitness"
2c4c4,Male,25,25-34,Mexico,"finance, art"
2c4fb,Male,23,18-24,Canada,lifestyle
2c56b,Other,39,35-44,Brazil,news
2c5ad,Male,31,25-34,Brazil,gaming
2c5d7,Male,19,18-24,Japan,gaming
2c634,Female,19,18-24,France,fashion
2c654,Other,18,18-24,Canada,art
2c6cd,Male,31,25-34,Australia,"health, food"
2c6f7,Other,28,25-34,Canada,"gaming, fashion, travel"
2c703,Male,30,25-34,Germany,"fitness, finance"
2c734,Male,24,18-24,United States,"food, finance, gaming"
2c7bb,Male,32,25-34,India,fitness
2c7d1,Male,17,16-17,United States,"fashion, photography, technology"
2c7ec,Other,27,25-34,Germany,"gaming, health"
2c805,Male,46,45-54,United Kingdom,"travel, lifestyle, fitness"
2c80b,Male,28,25-34,France,"gaming, photography"
2c881,Other,65,55-65,United Kingdom,"finance, sports, fitness"
2c910,Other,23,18-24,India,"news, art, sports"
2c91c,Male,43,35-44,India,"lifestyle, fashion"
2c9e0,Male,26,25-34,Germany,"technology, travel, lifestyle"
2ca2d,Female,17,16-17,United States,art
2ca45,Male,26,25-34,Germany,fashion
2cb49,Female,52,45-54,Brazil,sports
2cb73,Male,25,25-34,United States,"finance, food, gaming"
2cbd2,Male,22,18-24,United Kingdom,"fashion, lifestyle"
2cbfd,Male,27,25-34,United States,photography
2cc94,Female,17,16-17,India,finance
2cca5,Male,20,18-24,Japan,"gaming, fitness"
2cccd,Male,16,16-17,United Kingdom,"photography, fashion, lifestyle"
2cd7a,Male,23,18-24,Japan,news
2cd80,Male,19,18-24,Germany,travel
2cdb2,Female,37,35-44,Australia,travel
2ce19,Other,44,35-44,Japan,"fitness, fashion"
2ce8c,Female,25,25-34,Brazil,"travel, finance, lifestyle"
2cfcc,Female,26,25-34,Australia,"gaming, food, sports"
2cff5,Female,24,18-24,United Kingdom,"travel, fitness, technology"
2d068,Female,28,25-34,Germany,"lifestyle, art, food"
2d081,Male,24,18-24,United Kingdom,gaming
2d109,Female,40,35-44,Brazil,"gaming, technology, fitness"
2d16a,Male,26,25-34,India,"technology, travel"
2d1be,Male,35,35-44,Brazil,"food, travel"
2d2bf,Other,44,35-44,Mexico,art
2d2d0,Other,27,25-34,United States,"travel, sports"
2d325,Male,37,35-44,Japan,art
2d544,Male,28,25-34,India,"photography, finance, fashion"
2d5a6,Male,45,45-54,Brazil,travel
2d5de,Male,27,25-34,Japan,"fashion, art"
2d5f4,Male,16,16-17,India,"finance, technology"
2d693,Male,29,25-34,Canada,lifestyle
2d6fa,Female,36,35-44,United Kingdom,lifestyle
2d6ff,Female,48,45-54,United States,travel
2d739,Male,34,25-34,United Kingdom,art
2d895,Male,25,25-34,Germany,"gaming, lifestyle, technology"
2d8bd,Male,36,35-44,Canada,"travel, fitness"
2d934,Male,33,25-34,Mexico,"finance, travel, photography"
2d9f9,Male,21,18-24,United States,sports
2da4d,Other,28,25-34,United States,"finance, gaming"
2da81,Male,20,18-24,Canada,"news, travel"
2db07,Male,37,35-44,Australia,news
2dba6,Female,16,16-17,India,art
2dc87,Male,27,25-34,United States,finance
2dd09,Female,39,35-44,United Kingdom,sports
2dd94,Female,22,18-24,Brazil,"photography, news, health"
2ddb1,Male,16,16-17,United Kingdom,"fashion, fitness, news"
2ddfc,Female,38,35-44,United States,"food, fitness, art"
2de16,Male,27,25-34,United Kingdom,"health, food"
2df0a,Other,42,35-44,United States,"travel, fitness"
2df11,Female,18,18-24,Canada,"fashion, art, fitness"
2df47,Female,24,18-24,United Kingdom,finance
2dfe8,Other,20,18-24,United States,"food, news, travel"
2e00b,Male,41,35-44,India,"travel, health"
2e16d,Other,22,18-24,United Kingdom,sports
2e18e,Female,25,25-34,Australia,"photography, news"
2e1e5,Other,31,25-34,United States,"food, art, fashion"
2e22c,Male,29,25-34,United States,"fashion, news"
2e2ae,Male,19,18-24,United States,lifestyle
2e327,Male,30,25-34,Mexico,lifestyle
2e465,Male,32,25-34,India,"photography, fitness"
2e483,Male,36,35-44,Canada,food
2e4b9,Female,28,25-34,Canada,"technology, fashion, gaming"
2e657,Male,22,18-24,United Kingdom,"lifestyle, health, fitness"
2e6c3,Female,16,16-17,United Kingdom,"travel, finance"
2e6ef,Male,45,45-54,Australia,"travel, sports, health"
2e7e7,Male,20,18-24,Brazil,"lifestyle, art"
2e989,Male,31,25-34,Germany,"sports, gaming"
2e9b0,Female,39,35-44,Australia,"news, sports"
2e9b2,Other,28,25-34,United States,"food, sports, art"
2ea00,Male,27,25-34,United States,photography
2eaa1,Other,34,25-34,United States,"art, finance, fitness"
2eaa9,Male,23,18-24,India,"sports, lifestyle, technology"
2eae9,Male,28,25-34,Germany,"gaming, finance, technology"
2ebcd,Female,48,45-54,Germany,"finance, sports, fashion"
2ecac,Male,23,18-24,France,"finance, gaming, news"
2ed46,Female,34,25-34,Germany,"technology, finance"
2eda0,Female,49,45-54,Australia,fitness
2ee0f,Female,26,25-34,United States,art
2ee22,Male,29,25-34,India,"fashion, lifestyle"
2ee24,Male,32,25-34,United Kingdom,"gaming, finance, health"
2ee79,Female,16,16-17,Canada,"finance, technology, food"
2eeaf,Male,23,18-24,United States,lifestyle
2eece,Male,28,25-34,United Kingdom,"fashion, photography, art"
2eefe,Male,18,18-24,Germany,"fitness, technology, food"
2ef03,Male,18,18-24,Mexico,art
2ef3b,Other,48,45-54,United Kingdom,food
2ef3e,Male,24,18-24,India,"finance, fashion"
2ef58,Male,29,25-34,United States,"health, technology, fashion"
2efa0,Male,28,25-34,United Kingdom,gaming
2f06a,Male,16,16-17,Germany,food
2f0bb,Other,33,25-34,Japan,"fitness, food"
2f12b,Female,27,25-34,Brazil,"technology, finance, photography"
2f133,Male,29,25-34,United States,"sports, health, gaming"
2f1cf,Female,24,18-24,United Kingdom,news
2f1d2,Male,24,18-24,Canada,health
2f24c,Male,31,25-34,India,"lifestyle, technology"
2f327,Male,18,18-24,United States,"health, fitness"
2f3f7,Male,19,18-24,United Kingdom,"gaming, finance, photography"
2f581,Male,16,16-17,United Kingdom,"art, lifestyle"
2f5b2,Other,23,18-24,Australia,health
2f647,Male,28,25-34,United Kingdom,"food, photography, news"
2f681,Female,20,18-24,United Kingdom,finance
2f6a0,Other,24,18-24,United States,news
2f716,Female,21,18-24,United States,lifestyle
2f789,Male,49,45-54,Canada,lifestyle
2f78e,Female,64,55-65,United Kingdom,"sports, lifestyle"
2f7ca,Male,40,35-44,Germany,fashion
2f7e2,Male,39,35-44,United States,fitness
2f822,Female,21,18-24,United States,gaming
2f8d3,Male,18,18-24,India,"news, technology, lifestyle"
2fa59,Female,31,25-34,United States,"travel, art, photography"
2fa7d,Male,28,25-34,United States,"gaming, lifestyle, health"
2fb60,Male,28,25-34,United States,"health, travel, gaming"
2fb9b,Male,26,25-34,Brazil,news
2fbc1,Female,32,25-34,Canada,"art, fashion, travel"
2fbf7,Male,26,25-34,United States,"travel, food, art"
2fc6e,Female,26,25-34,Canada,"sports, technology"
2fd5c,Male,18,18-24,United States,health
2fda7,Male,16,16-17,United Kingdom,photography
2fddd,Male,32,25-34,Mexico,"photography, lifestyle"
2fecd,Male,29,25-34,France,"gaming, food"
2fed2,Male,16,16-17,United Kingdom,lifestyle
2fefc,Male,33,25-34,United Kingdom,"technology, news"
3.00E+101,Other,38,35-44,United States,"health, gaming, finance"
3.00E+137,Female,28,25-34,United States,"photography, travel"
3.00E+202,Female,26,25-34,Japan,"photography, fashion, fitness"
3.00E+237,Male,27,25-34,United States,fashion
3.09E+08,Other,29,25-34,France,photography
3.19E+03,Male,44,35-44,Canada,"news, fashion"
3.20E+06,Male,24,18-24,United Kingdom,"fitness, travel, photography"
3.24E+08,Other,31,25-34,Canada,technology
3.25E+11,Male,48,45-54,Mexico,"fashion, travel"
3.47E+06,Female,30,25-34,India,"lifestyle, finance"
3.50E+29,Male,16,16-17,United States,"fashion, lifestyle"
3.55E+03,Other,23,18-24,United States,health
3.60E+18,Other,21,18-24,France,"gaming, sports, lifestyle"
3.70E+18,Other,29,25-34,Canada,"fitness, travel, health"
3.73E+06,Male,24,18-24,United Kingdom,gaming
3.79E+07,Female,36,35-44,Brazil,"sports, technology, travel"
30-Dec,Female,20,18-24,United Kingdom,"news, fashion, gaming"
3002d,Male,29,25-34,Japan,"fitness, sports, finance"
30074,Male,32,25-34,United States,"sports, gaming, photography"
30088,Male,23,18-24,Japan,"finance, technology"
3012e,Male,34,25-34,Brazil,photography
3016e,Male,29,25-34,United States,"art, technology, food"
3018c,Male,26,25-34,Canada,"art, sports"
3024,Male,17,16-17,United States,photography
3028,Male,34,25-34,United Kingdom,sports
30290,Female,27,25-34,United Kingdom,"sports, photography, travel"
302cf,Other,47,45-54,India,lifestyle
30404,Female,21,18-24,Mexico,"food, gaming"
3042c,Male,21,18-24,Germany,news
30436,Male,34,25-34,United States,"sports, fashion"
304ca,Male,22,18-24,United States,fitness
304cd,Male,24,18-24,Germany,"fitness, health, sports"
30534,Male,26,25-34,Brazil,"finance, news, fashion"
30539,Male,31,25-34,Japan,art
305a5,Male,25,25-34,Mexico,health
305c7,Male,19,18-24,United States,lifestyle
305eb,Male,29,25-34,France,gaming
30611,Male,23,18-24,France,food
306a8,Female,20,18-24,United States,"technology, art"
306f2,Female,50,45-54,Mexico,"news, travel"
30716,Male,28,25-34,United Kingdom,"travel, fashion"
3071b,Male,19,18-24,United Kingdom,"news, finance"
307df,Male,26,25-34,United States,"news, art, health"
30977,Male,20,18-24,Australia,gaming
309ae,Male,41,35-44,United States,"photography, travel"
309bc,Other,31,25-34,United Kingdom,fitness
309d4,Other,28,25-34,Canada,"technology, gaming"
30a4c,Male,42,35-44,Canada,"finance, fashion"
30a8c,Female,30,25-34,Germany,"technology, lifestyle, art"
30b7d,Other,50,45-54,United Kingdom,"art, fitness, fashion"
30bf3,Male,26,25-34,United States,"travel, art"
30c74,Male,29,25-34,United States,lifestyle
30ca9,Male,20,18-24,United Kingdom,"sports, photography"
30d2f,Male,44,35-44,United States,technology
30da4,Female,21,18-24,United Kingdom,"fitness, technology, sports"
30ec5,Male,36,35-44,United States,"news, health, travel"
30f25,Female,16,16-17,United States,"finance, sports, photography"
31064,Female,16,16-17,United States,"travel, art, technology"
3106c,Female,29,25-34,United States,"travel, sports"
310a0,Female,28,25-34,Australia,"gaming, travel, fashion"
3114c,Female,49,45-54,Canada,"finance, news, food"
31192,Male,20,18-24,India,art
31210,Male,24,18-24,United States,"photography, news, food"
31347,Female,31,25-34,United States,"gaming, sports"
31381,Male,26,25-34,United States,travel
313ad,Male,35,35-44,United Kingdom,"art, fitness"
313af,Female,31,25-34,Germany,"news, travel"
31401,Female,24,18-24,United States,travel
314aa,Male,19,18-24,Mexico,"food, news"
3152d,Female,37,35-44,Japan,"gaming, art"
315b6,Male,30,25-34,United States,"food, finance, art"
31615,Female,36,35-44,Germany,lifestyle
3161b,Female,19,18-24,United Kingdom,"art, fitness"
31650,Female,18,18-24,Germany,"fashion, finance, fitness"
3177e,Female,39,35-44,United Kingdom,photography
31790,Female,24,18-24,United States,lifestyle
3185f,Male,27,25-34,Mexico,"fitness, gaming, lifestyle"
318ac,Male,16,16-17,Canada,"lifestyle, art"
31951,Female,27,25-34,Mexico,"news, art"
31956,Female,24,18-24,United Kingdom,travel
3196b,Male,22,18-24,United States,fashion
319c1,Female,28,25-34,India,health
319f7,Female,20,18-24,Mexico,"sports, photography, fashion"
31a47,Male,23,18-24,United States,"food, finance, fashion"
31a94,Male,27,25-34,United Kingdom,"art, photography, finance"
31aba,Male,27,25-34,United Kingdom,"gaming, art"
31bad,Other,16,16-17,Germany,"photography, art, technology"
31c29,Male,17,16-17,Japan,sports
31c60,Female,24,18-24,Canada,"food, lifestyle"
31ca2,Male,19,18-24,Canada,"fashion, sports, lifestyle"
31cb3,Female,45,45-54,United States,"gaming, art, technology"
31dbe,Other,21,18-24,United States,"photography, travel, health"
31f1d,Male,29,25-34,United Kingdom,"technology, photography"
31f26,Other,23,18-24,United States,"fitness, gaming"
31f44,Male,21,18-24,United States,"art, health"
31f54,Male,35,35-44,Canada,"finance, news"
31f81,Female,19,18-24,Japan,fashion
31f9d,Male,16,16-17,United States,"travel, fashion, finance"
32027,Female,42,35-44,India,"photography, sports, art"
32103,Female,28,25-34,Mexico,"gaming, technology, fitness"
3214f,Male,24,18-24,Brazil,technology
32172,Female,25,25-34,United States,lifestyle
32191,Female,24,18-24,Germany,travel
321b8,Female,37,35-44,India,"sports, lifestyle, travel"
3220d,Female,22,18-24,United States,"finance, art, technology"
32278,Female,29,25-34,Germany,"art, finance, photography"
322af,Male,45,45-54,United Kingdom,travel
32330,Male,43,35-44,United Kingdom,fashion
32338,Male,29,25-34,United Kingdom,"sports, food"
32387,Female,34,25-34,United States,finance
3238b,Female,21,18-24,Australia,"finance, sports, gaming"
323b0,Male,20,18-24,France,"photography, sports, health"
3243c,Male,30,25-34,United Kingdom,"art, gaming"
32497,Other,20,18-24,Germany,"food, news, technology"
324bf,Female,28,25-34,Australia,"finance, lifestyle, health"
3253f,Female,26,25-34,Canada,"technology, lifestyle"
325c2,Male,17,16-17,United States,food
325fd,Other,36,35-44,Australia,"art, news, fashion"
32612,Female,35,35-44,Australia,"art, photography, technology"
32614,Other,27,25-34,Canada,technology
3263b,Other,22,18-24,United States,"news, food"
3264d,Other,22,18-24,United Kingdom,fashion
32684,Male,29,25-34,India,health
326b3,Female,31,25-34,Canada,"food, photography, fashion"
32780,Male,28,25-34,Brazil,"news, art, sports"
32789,Other,23,18-24,Brazil,"lifestyle, travel, gaming"
3283,Male,36,35-44,Canada,"technology, health, fashion"
32852,Other,50,45-54,United States,gaming
328b1,Female,52,45-54,Canada,"technology, food, art"
3292a,Other,17,16-17,United States,lifestyle
3292c,Male,40,35-44,Brazil,"gaming, food, photography"
3294c,Male,20,18-24,United States,sports
32aea,Male,19,18-24,Australia,"news, fashion, lifestyle"
32b43,Male,34,25-34,India,technology
32bd7,Female,31,25-34,Japan,"travel, food, lifestyle"
32ccb,Female,17,16-17,Mexico,"health, sports"
32ce9,Male,20,18-24,Australia,"fashion, technology, food"
32d1b,Female,36,35-44,United States,food
32d3b,Female,33,25-34,United Kingdom,art
32ec0,Male,18,18-24,India,"news, health, travel"
32eea,Female,30,25-34,Germany,news
32ff0,Female,31,25-34,United Kingdom,"health, lifestyle"
3309c,Female,46,45-54,United States,lifestyle
330ff,Male,30,25-34,Germany,"news, finance"
33183,Male,35,35-44,United States,"lifestyle, travel, fitness"
33268,Male,22,18-24,United States,"gaming, news, fashion"
332b8,Male,26,25-34,Mexico,"fashion, fitness, art"
332fd,Male,18,18-24,United States,"fitness, finance"
33344,Male,21,18-24,France,"art, gaming"
33347,Male,22,18-24,Mexico,"lifestyle, fitness"
333dc,Male,26,25-34,United States,"lifestyle, health"
33426,Female,32,25-34,United States,"technology, photography"
3343e,Female,27,25-34,Germany,"gaming, news"
334bc,Female,21,18-24,Mexico,"finance, sports, gaming"
3352a,Female,56,55-65,Germany,"photography, travel"
33581,Male,27,25-34,Canada,"gaming, food, finance"
336,Female,25,25-34,United States,fashion
33617,Female,36,35-44,United Kingdom,"fashion, technology, lifestyle"
33632,Other,21,18-24,Germany,"fashion, fitness, sports"
33682,Male,20,18-24,United States,health
336d3,Female,45,45-54,United Kingdom,"sports, health, gaming"
33775,Female,16,16-17,Brazil,"fitness, sports"
33824,Male,22,18-24,Germany,"art, gaming, food"
3385,Female,23,18-24,Canada,lifestyle
3388a,Male,28,25-34,United States,"technology, gaming, finance"
338c7,Male,17,16-17,Germany,"food, sports"
3390a,Male,21,18-24,Japan,news
33920,Female,16,16-17,United States,"travel, gaming, fashion"
33945,Male,34,25-34,United States,finance
33a98,Male,20,18-24,United States,sports
33b5c,Male,47,45-54,India,gaming
33be7,Male,47,45-54,Canada,"fashion, news"
33c80,Male,34,25-34,India,"sports, food"
33cf4,Female,36,35-44,United States,"photography, travel, fitness"
33d2e,Other,27,25-34,United States,technology
33dbc,Female,25,25-34,United States,finance
33ded,Male,20,18-24,Australia,"finance, news"
33df1,Female,35,35-44,United Kingdom,"food, travel"
33eb8,Female,26,25-34,United Kingdom,"travel, fashion, food"
33eef,Other,16,16-17,France,"art, gaming"
33f08,Male,26,25-34,Australia,"health, gaming, lifestyle"
33f4f,Male,18,18-24,Canada,"news, fitness, gaming"
33f85,Male,42,35-44,United States,technology
33f8a,Male,16,16-17,United States,lifestyle
33f93,Female,18,18-24,Germany,"finance, lifestyle, art"
33fdf,Other,34,25-34,Canada,lifestyle
34048,Female,16,16-17,India,"gaming, food"
34066,Male,33,25-34,Australia,photography
3413c,Male,27,25-34,Mexico,"food, finance"
34294,Female,19,18-24,United States,food
34328,Male,21,18-24,United States,art
3439b,Male,23,18-24,Germany,"technology, fashion"
3442c,Male,35,35-44,United Kingdom,news
344fb,Male,46,45-54,United States,finance
3451c,Other,24,18-24,Canada,"lifestyle, photography, travel"
3454,Male,20,18-24,Germany,"gaming, art"
3456b,Male,20,18-24,France,"food, health, news"
34619,Female,19,18-24,United States,"health, finance"
3463,Male,48,45-54,United States,"technology, fashion, travel"
3468b,Male,28,25-34,United Kingdom,"food, news"
346ba,Male,33,25-34,United States,"lifestyle, fitness, news"
346db,Male,42,35-44,United States,"gaming, finance, health"
347ea,Male,40,35-44,Canada,"news, art, health"
3484c,Male,34,25-34,Japan,fashion
34872,Male,24,18-24,Australia,"food, photography"
34884,Male,29,25-34,Brazil,travel
348a2,Other,20,18-24,Australia,fitness
349ca,Female,31,25-34,United Kingdom,"health, lifestyle"
34ac2,Male,40,35-44,Germany,fitness
34c99,Male,32,25-34,Germany,health
34cf5,Female,39,35-44,India,fashion
34db0,Male,27,25-34,Australia,"fashion, news"
34e3f,Female,26,25-34,Brazil,"technology, travel"
34f0b,Female,24,18-24,Germany,"health, finance, food"
34f72,Male,37,35-44,United States,"finance, technology"
34fe0,Female,30,25-34,United Kingdom,fashion
35011,Male,21,18-24,Canada,"health, technology"
35043,Female,32,25-34,United Kingdom,sports
35049,Female,30,25-34,United Kingdom,technology
3507d,Male,21,18-24,United States,"technology, health, sports"
350ac,Other,35,35-44,United Kingdom,gaming
3517e,Female,32,25-34,Australia,"news, food"
351a7,Male,18,18-24,United States,"photography, sports"
352c8,Male,44,35-44,Canada,"health, technology, lifestyle"
35311,Female,22,18-24,Japan,"health, travel, lifestyle"
35346,Female,20,18-24,United Kingdom,"fashion, photography, food"
35370,Female,30,25-34,United States,"gaming, health"
3538e,Male,23,18-24,United Kingdom,health
3539f,Other,27,25-34,India,"sports, gaming, lifestyle"
354fe,Male,36,35-44,Canada,sports
35643,Male,31,25-34,United States,"travel, health, news"
356a5,Female,21,18-24,France,"fitness, photography, travel"
356f0,Female,18,18-24,Brazil,"food, lifestyle"
3571,Female,17,16-17,Brazil,sports
35763,Female,29,25-34,India,"finance, health, technology"
3579,Male,24,18-24,United Kingdom,"sports, finance, health"
357ea,Male,31,25-34,Brazil,"travel, technology, news"
35912,Female,19,18-24,Australia,art
3592f,Male,27,25-34,Japan,gaming
35ac0,Male,19,18-24,United States,news
35b3d,Male,27,25-34,Japan,"food, lifestyle, sports"
35b82,Male,17,16-17,United Kingdom,fashion
35ca2,Male,27,25-34,Canada,photography
35d65,Male,37,35-44,Canada,"food, gaming, sports"
35d6e,Male,34,25-34,Japan,finance
35d75,Other,27,25-34,Brazil,technology
35f0b,Female,31,25-34,United States,health
36050,Female,22,18-24,Mexico,sports
360f8,Other,29,25-34,India,finance
361c9,Female,37,35-44,Germany,"technology, travel, gaming"
36274,Other,30,25-34,Japan,"news, fashion"
362a6,Male,23,18-24,United States,"gaming, lifestyle, fitness"
362ab,Male,33,25-34,United States,photography
36317,Male,29,25-34,Canada,fashion
36365,Male,36,35-44,United States,"gaming, health, news"
363d1,Male,21,18-24,United Kingdom,news
36455,Female,20,18-24,United States,"fitness, travel"
364bd,Male,54,45-54,Canada,"fashion, fitness"
364df,Female,38,35-44,Australia,"art, fashion, technology"
36660,Female,27,25-34,United States,"news, food"
367b8,Male,38,35-44,India,health
36886,Female,42,35-44,United Kingdom,"photography, health, art"
368a5,Female,29,25-34,United Kingdom,lifestyle
36901,Male,21,18-24,Mexico,"news, fashion"
36a75,Female,18,18-24,India,"food, travel"
36a7a,Male,27,25-34,Japan,"food, fashion, travel"
36a7c,Other,17,16-17,United States,art
36ad0,Male,29,25-34,United Kingdom,fitness
36b20,Male,22,18-24,United Kingdom,lifestyle
36b34,Male,30,25-34,United States,"lifestyle, travel"
36b63,Male,21,18-24,Canada,"health, news"
36b8f,Female,20,18-24,United States,"lifestyle, sports"
36c21,Female,25,25-34,Australia,"food, art"
36c47,Female,36,35-44,United States,"technology, news"
36cc1,Male,22,18-24,Japan,"fashion, health, finance"
36cd6,Male,28,25-34,Germany,"fitness, fashion, art"
36d1e,Other,26,25-34,Australia,health
36ebb,Male,31,25-34,Germany,"news, lifestyle"
36ee7,Other,20,18-24,Canada,photography
36fbc,Male,18,18-24,India,"art, travel"
37097,Female,23,18-24,Canada,technology
372a2,Male,21,18-24,India,fitness
37339,Male,29,25-34,United Kingdom,fitness
37351,Female,24,18-24,India,"fitness, sports, travel"
373f8,Male,27,25-34,India,gaming
37402,Male,29,25-34,Germany,lifestyle
3740b,Female,30,25-34,Australia,"photography, gaming, fitness"
374a2,Female,23,18-24,United States,"sports, news, art"
374a7,Male,28,25-34,India,"lifestyle, technology"
37592,Female,60,55-65,United States,gaming
37621,Male,26,25-34,Australia,"photography, health"
37672,Male,31,25-34,Japan,"lifestyle, fashion"
3769d,Female,33,25-34,Canada,"health, technology, photography"
377c0,Male,65,55-65,Brazil,"art, news, technology"
37820,Male,27,25-34,United States,"fashion, technology"
3783c,Male,41,35-44,Brazil,"art, news"
3788d,Female,42,35-44,Canada,"finance, fitness, technology"
37a86,Male,19,18-24,United Kingdom,health
37ab0,Female,18,18-24,Canada,"news, health, photography"
37be4,Male,20,18-24,France,"lifestyle, technology, health"
37c04,Other,29,25-34,United Kingdom,"fitness, health, news"
37c50,Female,36,35-44,United States,"health, technology, photography"
37d3c,Female,39,35-44,Germany,gaming
37d80,Male,26,25-34,United Kingdom,health
37dc0,Male,23,18-24,United States,"food, fashion, health"
37ef0,Male,22,18-24,Canada,"fitness, travel"
37f0c,Male,26,25-34,United States,photography
37f3b,Other,20,18-24,Germany,"health, technology"
37feb,Male,55,55-65,United States,gaming
3800d,Female,32,25-34,Brazil,food
380a1,Female,31,25-34,Germany,art
380b0,Other,30,25-34,Australia,"photography, fitness, technology"
380c9,Male,27,25-34,United States,health
380ff,Female,23,18-24,United States,"fitness, sports, travel"
38131,Male,44,35-44,Germany,"finance, fashion, sports"
38176,Female,30,25-34,United States,"food, art, finance"
3817a,Male,30,25-34,Australia,"news, technology"
381b1,Female,26,25-34,Australia,health
381c6,Male,32,25-34,Germany,"fitness, travel"
381fc,Female,24,18-24,United States,"fashion, news"
381fe,Male,23,18-24,Canada,"finance, food, sports"
3834,Female,24,18-24,Germany,"art, lifestyle"
385f8,Male,21,18-24,United States,sports
38646,Female,23,18-24,India,"technology, food"
3869a,Male,24,18-24,Canada,"art, fashion"
386ae,Male,24,18-24,United Kingdom,food
386ed,Other,23,18-24,Canada,technology
386f2,Other,26,25-34,United States,fashion
38763,Male,19,18-24,United States,"news, sports"
3878e,Male,18,18-24,United States,"art, food"
38838,Female,32,25-34,Canada,photography
38846,Male,27,25-34,Canada,finance
388de,Female,22,18-24,Mexico,"sports, photography, health"
3893,Female,16,16-17,India,"fitness, photography"
389cd,Male,29,25-34,United States,"travel, sports"
38abc,Female,20,18-24,Mexico,travel
38be1,Other,28,25-34,Australia,"travel, food"
38cea,Female,23,18-24,United States,technology
38d00,Other,16,16-17,United States,"lifestyle, health"
38d07,Male,24,18-24,United Kingdom,health
38d13,Male,37,35-44,United States,gaming
38d28,Male,25,25-34,Canada,"health, art, gaming"
38d40,Female,23,18-24,United States,"finance, lifestyle, sports"
38de1,Male,29,25-34,Canada,"lifestyle, technology, gaming"
38eb3,Female,33,25-34,United States,"lifestyle, travel, art"
38f5c,Male,16,16-17,Australia,photography
38fbf,Male,23,18-24,United States,"art, photography"
390f0,Male,24,18-24,Germany,photography
39196,Other,31,25-34,United States,"food, art"
39199,Male,25,25-34,Canada,"art, sports"
3930c,Female,26,25-34,United States,"photography, gaming"
39400,Male,47,45-54,United Kingdom,"gaming, sports, art"
39456,Male,36,35-44,Brazil,fitness
3946c,Female,29,25-34,Germany,news
394a6,Female,28,25-34,United Kingdom,"finance, health"
394fd,Female,27,25-34,United States,"gaming, health, sports"
395a7,Other,27,25-34,United Kingdom,"food, lifestyle"
3968b,Male,30,25-34,United States,fitness
3968c,Female,25,25-34,United States,"food, health, news"
397b6,Male,40,35-44,United States,"art, news"
39823,Male,32,25-34,Japan,technology
3984b,Female,16,16-17,United States,"fitness, finance"
3984d,Other,22,18-24,India,"health, fashion, gaming"
39858,Male,22,18-24,Australia,"technology, travel"
39b61,Female,20,18-24,United States,health
39b9a,Male,22,18-24,Germany,"fitness, technology, sports"
39bda,Female,23,18-24,France,"fitness, lifestyle, gaming"
39ca9,Male,34,25-34,Canada,"fashion, photography"
39f39,Male,29,25-34,United States,health
39f75,Female,23,18-24,Australia,"fashion, food"
3a093,Male,24,18-24,Germany,"finance, fashion, gaming"
3a3bc,Female,34,25-34,United Kingdom,"news, food"
3a3d7,Female,47,45-54,United States,"finance, food"
3a3df,Other,27,25-34,United Kingdom,lifestyle
3a483,Female,36,35-44,Brazil,"food, photography"
3a48a,Male,29,25-34,Mexico,"art, news"
3a4de,Male,24,18-24,Canada,gaming
3a504,Female,32,25-34,United Kingdom,sports
3a5d1,Male,23,18-24,United States,"technology, food, travel"
3a5d3,Male,22,18-24,United States,health
3a652,Female,35,35-44,France,"fitness, gaming, technology"
3a732,Male,16,16-17,Mexico,sports
3a832,Other,23,18-24,Mexico,"fitness, technology, lifestyle"
3a8ba,Male,22,18-24,India,"finance, travel, fashion"
3a935,Male,31,25-34,Canada,"photography, news, food"
3aa1a,Male,18,18-24,Mexico,"technology, finance"
3aadb,Male,45,45-54,India,"finance, news, sports"
3aae8,Male,41,35-44,Australia,"finance, sports, gaming"
3ab61,Male,35,35-44,United States,"travel, fashion"
3ab75,Male,41,35-44,Germany,lifestyle
3abfa,Male,22,18-24,Germany,"finance, fashion, news"
3aca5,Male,31,25-34,Canada,"technology, food"
3acbc,Male,28,25-34,United States,news
3acbd,Male,25,25-34,United States,lifestyle
3accf,Female,26,25-34,United States,"fashion, art"
3ad10,Female,26,25-34,France,"art, news, sports"
3ad38,Male,21,18-24,United States,"technology, photography, gaming"
3ad3a,Male,31,25-34,Canada,"travel, fitness, art"
3ad79,Other,38,35-44,United Kingdom,"health, art, news"
3adc2,Female,34,25-34,Australia,"art, sports"
3add1,Male,24,18-24,Brazil,"fitness, photography, finance"
3ae41,Female,16,16-17,United States,"lifestyle, art"
3ae4d,Female,16,16-17,United Kingdom,"art, sports, technology"
3aee2,Other,59,55-65,Japan,"sports, technology"
3af35,Male,31,25-34,India,"sports, fashion"
3af5b,Male,25,25-34,Australia,"fitness, fashion"
3b032,Male,16,16-17,United States,photography
3b062,Male,24,18-24,Canada,"sports, travel, news"
3b0b6,Female,56,55-65,United States,"fitness, food"
3b0c2,Female,25,25-34,Japan,fashion
3b0d4,Male,24,18-24,Brazil,"travel, news"
3b194,Male,16,16-17,Canada,technology
3b1c2,Male,35,35-44,Mexico,fitness
3b2fa,Female,31,25-34,United States,"finance, fitness"
3b2fb,Male,19,18-24,United States,"travel, sports, news"
3b395,Other,16,16-17,Canada,gaming
3b3f8,Male,23,18-24,United States,"technology, health"
3b3fc,Other,25,25-34,India,lifestyle
3b405,Other,27,25-34,France,"fitness, food, sports"
3b40d,Female,36,35-44,Japan,"health, travel, fashion"
3b421,Female,26,25-34,United States,"sports, photography"
3b49f,Male,18,18-24,Mexico,"technology, lifestyle"
3b4ee,Female,28,25-34,United Kingdom,art
3b559,Other,16,16-17,Canada,"finance, fitness"
3b59f,Male,18,18-24,United Kingdom,"health, fashion"
3b642,Male,19,18-24,Brazil,"food, travel, photography"
3b667,Other,37,35-44,India,"health, gaming"
3b6b1,Male,21,18-24,United States,"food, travel, gaming"
3b6b5,Female,25,25-34,India,"fitness, food"
3b71a,Female,22,18-24,United Kingdom,"fitness, finance, health"
3b825,Male,37,35-44,Mexico,"photography, fitness"
3b8d2,Male,21,18-24,United States,"fashion, gaming"
3b8ee,Male,36,35-44,Australia,"finance, sports, news"
3b938,Female,45,45-54,Canada,travel
3b93b,Male,30,25-34,United States,"finance, food"
3baaa,Male,32,25-34,Mexico,"photography, lifestyle"
3bbca,Male,44,35-44,United Kingdom,"lifestyle, food"
3bc44,Female,24,18-24,India,travel
3bc52,Male,28,25-34,Canada,finance
3bc59,Male,33,25-34,Australia,"finance, gaming, food"
3bc8b,Male,32,25-34,Germany,"news, fitness"
3bd0c,Male,28,25-34,Germany,"health, fashion"
3bd49,Male,20,18-24,Canada,gaming
3bdcf,Male,32,25-34,Canada,"gaming, fitness, technology"
3be2f,Male,24,18-24,Canada,"sports, lifestyle, finance"
3bebd,Male,21,18-24,Australia,"technology, travel"
3c02f,Other,37,35-44,India,travel
3c051,Male,34,25-34,United States,"art, photography"
3c05c,Male,18,18-24,Canada,fitness
3c10a,Female,22,18-24,Canada,finance
3c133,Other,33,25-34,India,"art, food, health"
3c1d6,Female,20,18-24,United Kingdom,"photography, lifestyle, finance"
3c21d,Male,26,25-34,Canada,"lifestyle, fashion, health"
3c316,Male,16,16-17,United States,"travel, food, fitness"
3c36d,Male,21,18-24,Japan,"fashion, travel, health"
3c38d,Male,37,35-44,India,"fitness, art, technology"
3c3d8,Female,16,16-17,Brazil,"food, fitness"
3c4aa,Male,59,55-65,India,travel
3c500,Male,25,25-34,India,"art, travel"
3c51c,Male,24,18-24,Japan,health
3c582,Male,39,35-44,Mexico,"food, health"
3c595,Female,26,25-34,Canada,"fashion, sports"
3c5a3,Other,16,16-17,United States,travel
3c67c,Male,27,25-34,Canada,technology
3c782,Male,20,18-24,United Kingdom,"photography, travel, sports"
3c8bd,Female,27,25-34,Canada,"travel, food, photography"
3c913,Female,26,25-34,United Kingdom,technology
3c9fb,Male,27,25-34,Japan,"art, gaming, health"
3c9fc,Male,34,25-34,Germany,technology
3ca21,Male,28,25-34,France,lifestyle
3ca3e,Female,20,18-24,United States,"travel, lifestyle, food"
3cab7,Female,24,18-24,France,"fashion, health, technology"
3caf2,Female,16,16-17,United States,fashion
3cb4b,Male,29,25-34,Brazil,food
3cb8c,Male,16,16-17,United States,"fashion, fitness, photography"
3cd91,Female,19,18-24,United Kingdom,"health, gaming, sports"
3ce42,Female,29,25-34,Germany,fashion
3ced1,Female,20,18-24,Brazil,fitness
3cf04,Male,30,25-34,Australia,"sports, travel, health"
3cf12,Male,25,25-34,Japan,"fashion, sports, gaming"
3cf51,Female,34,25-34,United Kingdom,"travel, technology"
3cfde,Male,28,25-34,United States,"photography, fashion"
3d0e1,Male,25,25-34,Canada,"photography, sports"
3d0e7,Female,32,25-34,United Kingdom,"news, travel"
3d169,Female,21,18-24,Japan,fitness
3d18c,Male,21,18-24,Brazil,"travel, technology, sports"
3d1c2,Female,17,16-17,United Kingdom,"health, fitness"
3d1d5,Male,32,25-34,Germany,"finance, food"
3d341,Male,25,25-34,Canada,"gaming, lifestyle"
3d361,Male,32,25-34,Canada,"photography, fitness, gaming"
3d367,Female,28,25-34,Canada,"health, news, gaming"
3d3b3,Male,38,35-44,United Kingdom,lifestyle
3d3e0,Female,18,18-24,Canada,"gaming, fashion, photography"
3d440,Female,18,18-24,United States,"food, art"
3d456,Male,27,25-34,United Kingdom,"art, gaming"
3d5cd,Male,38,35-44,United Kingdom,"news, photography"
3d680,Male,25,25-34,Germany,"technology, health"
3d6b6,Male,28,25-34,United States,"food, gaming, lifestyle"
3d74d,Male,17,16-17,India,"sports, fashion"
3d786,Male,27,25-34,United Kingdom,health
3d7c3,Female,27,25-34,United States,health
3d834,Male,30,25-34,Brazil,"finance, art, lifestyle"
3d91c,Female,34,25-34,Japan,gaming
3d92c,Female,32,25-34,United States,food
3d974,Other,23,18-24,Australia,"sports, travel"
3d9c8,Female,35,35-44,Germany,"news, sports"
3da64,Female,21,18-24,United Kingdom,"gaming, fitness"
3daa5,Male,33,25-34,India,health
3daf6,Male,26,25-34,Mexico,"art, fitness, health"
3db85,Male,28,25-34,Canada,"news, food, gaming"
3dc1b,Female,21,18-24,India,"travel, technology, news"
3dd3b,Other,49,45-54,United Kingdom,"lifestyle, fashion, health"
3dd3c,Male,24,18-24,United States,"fashion, sports, health"
3dddb,Male,30,25-34,Japan,health
3ddf7,Other,38,35-44,Germany,"sports, technology, art"
3de1b,Female,20,18-24,United Kingdom,"technology, lifestyle"
3de23,Female,22,18-24,France,"health, fashion"
3dfd4,Male,26,25-34,France,fitness
3e09a,Male,26,25-34,Canada,"fitness, health"
3e09f,Female,24,18-24,Canada,"gaming, photography, technology"
3e2bf,Male,26,25-34,India,"technology, fashion"
3e340,Female,19,18-24,Japan,"finance, news, food"
3e3e8,Male,29,25-34,United States,"news, sports, health"
3e4df,Male,31,25-34,Canada,photography
3e590,Male,22,18-24,United States,sports
3e612,Female,16,16-17,France,"news, food"
3e64a,Other,17,16-17,Brazil,fitness
3e654,Female,35,35-44,Canada,lifestyle
3e660,Female,27,25-34,United States,"news, finance, gaming"
3e6b0,Male,32,25-34,Brazil,"fitness, photography, gaming"
3e7b0,Male,23,18-24,United States,"gaming, lifestyle, art"
3e7b5,Male,33,25-34,United States,"technology, art"
3e859,Male,48,45-54,Germany,art
3e8ce,Male,20,18-24,India,"gaming, art, photography"
3e8e6,Other,22,18-24,Australia,art
3ea2c,Female,28,25-34,United States,"fashion, food"
3ea33,Other,24,18-24,Canada,"finance, photography, art"
3ea49,Female,28,25-34,United Kingdom,fitness
3ea84,Female,20,18-24,United States,"health, photography"
3eab2,Male,26,25-34,Canada,"health, lifestyle"
3eb6e,Female,27,25-34,Brazil,"fashion, gaming"
3ec00,Female,22,18-24,United States,fashion
3ec5b,Female,32,25-34,India,art
3eca3,Male,30,25-34,United Kingdom,gaming
3ed1d,Male,40,35-44,United States,"lifestyle, technology, sports"
3ed5a,Female,33,25-34,United States,travel
3ed77,Male,33,25-34,United Kingdom,"fitness, health"
3ee02,Male,29,25-34,Australia,"finance, fashion, art"
3ef28,Male,32,25-34,United States,technology
3efd0,Male,25,25-34,United Kingdom,photography
3effe,Other,29,25-34,France,"gaming, health"
3f071,Female,24,18-24,Canada,food
3f088,Male,29,25-34,United States,"health, gaming"
3f18e,Female,34,25-34,United States,sports
3f1c8,Female,26,25-34,Australia,"food, gaming"
3f242,Other,22,18-24,France,"health, food, fashion"
3f2ab,Female,24,18-24,Canada,"photography, news"
3f2b0,Male,25,25-34,United States,art
3f3a7,Male,26,25-34,India,"photography, news, sports"
3f417,Male,28,25-34,United States,"gaming, health, finance"
3f467,Male,21,18-24,United States,"health, sports, news"
3f4d8,Female,21,18-24,Australia,"health, news"
3f571,Male,16,16-17,United States,"gaming, fitness"
3f64e,Female,21,18-24,United States,"fashion, fitness"
3f651,Female,40,35-44,Canada,technology
3f754,Male,34,25-34,United Kingdom,"art, travel"
3f75c,Male,16,16-17,United States,finance
3f7e6,Male,39,35-44,Brazil,"photography, art"
3f8dd,Male,19,18-24,United States,"sports, technology"
3f936,Male,16,16-17,United Kingdom,"technology, finance"
3f95f,Other,17,16-17,United States,"travel, art"
3f9e1,Female,18,18-24,Brazil,"fitness, gaming"
3faa4,Male,28,25-34,United Kingdom,finance
3fb3b,Female,27,25-34,United States,"photography, gaming"
3fbd5,Female,30,25-34,United Kingdom,food
3fc19,Male,39,35-44,United States,"fitness, travel"
3fc94,Male,30,25-34,France,"fashion, technology, lifestyle"
3fd01,Male,18,18-24,United States,technology
3fd0a,Male,33,25-34,France,fashion
3fda1,Male,22,18-24,United States,"technology, lifestyle, fitness"
3fe58,Female,36,35-44,Germany,"food, finance"
3fea3,Female,19,18-24,Germany,"finance, travel, fitness"
3ff7f,Female,23,18-24,Japan,fitness
4.00E+02,Male,23,18-24,United States,"photography, fashion, finance"
4.00E+12,Other,20,18-24,Germany,"food, news"
4.00E+13,Other,30,25-34,India,"food, travel"
4.00E+134,Female,28,25-34,Japan,"travel, photography"
4.00E+226,Male,26,25-34,United States,"finance, photography, fitness"
4.00E+54,Male,23,18-24,United States,food
4.00E+57,Female,24,18-24,Brazil,"photography, finance"
4.10E+07,Female,36,35-44,United States,"food, fashion"
4.24E+04,Male,25,25-34,United States,health
4.30E+02,Female,20,18-24,United Kingdom,"health, sports, technology"
4.30E+05,Female,29,25-34,Germany,"travel, technology, lifestyle"
4.30E+11,Female,30,25-34,Mexico,"technology, sports"
4.47E+08,Female,16,16-17,Mexico,"art, finance"
4.49E+02,Male,27,25-34,India,"photography, gaming, art"
4.50E+22,Male,42,35-44,United Kingdom,"gaming, sports, food"
4.52E+10,Male,27,25-34,United States,"photography, lifestyle"
4.69E+08,Female,21,18-24,Mexico,"lifestyle, health, technology"
4.70E+61,Female,27,25-34,United States,news
4.70E+72,Female,30,25-34,United Kingdom,"food, lifestyle"
4.70E+89,Male,23,18-24,United States,art
4.73E+05,Male,33,25-34,United States,"gaming, technology"
4.75E+08,Female,22,18-24,United States,"art, gaming"
4.82E+05,Male,17,16-17,Mexico,"fitness, travel"
40020,Male,22,18-24,United States,food
40073,Female,17,16-17,Mexico,"photography, fashion, food"
40092,Male,25,25-34,Australia,finance
40105,Male,36,35-44,Germany,technology
40152,Female,22,18-24,Australia,art
40159,Other,35,35-44,Australia,lifestyle
401b2,Male,23,18-24,Germany,art
401d4,Male,34,25-34,Brazil,lifestyle
401d8,Female,18,18-24,United States,"art, travel, lifestyle"
4024d,Male,40,35-44,United States,gaming
4026b,Male,35,35-44,Germany,art
402ef,Male,19,18-24,France,art
402f0,Female,24,18-24,United States,"sports, health"
40324,Male,41,35-44,United States,health
40382,Male,21,18-24,United Kingdom,"photography, food"
403a0,Male,17,16-17,Canada,"fitness, technology, food"
403c5,Male,33,25-34,Brazil,"food, art, news"
40412,Male,26,25-34,Canada,travel
40545,Female,25,25-34,United States,"photography, sports"
405bc,Female,26,25-34,India,fashion
4062f,Male,23,18-24,United States,"travel, gaming, art"
406c1,Other,29,25-34,United States,"gaming, travel"
4072c,Male,27,25-34,United Kingdom,travel
4073,Male,26,25-34,Germany,"photography, lifestyle"
40769,Male,27,25-34,United States,"food, photography"
40790,Male,36,35-44,United States,lifestyle
407a6,Other,21,18-24,United Kingdom,"finance, health, fitness"
40992,Male,24,18-24,France,technology
409c2,Male,30,25-34,United Kingdom,"food, sports"
40a2a,Male,21,18-24,Canada,health
40a82,Male,24,18-24,United Kingdom,"art, health"
40af9,Male,22,18-24,United Kingdom,"technology, travel, news"
40b9d,Male,23,18-24,Mexico,"food, sports, finance"
40c2a,Male,29,25-34,United States,"health, gaming, food"
40ca5,Male,33,25-34,United Kingdom,fashion
40cce,Male,19,18-24,Mexico,"gaming, lifestyle"
40d72,Female,31,25-34,India,"fashion, food, travel"
40d81,Female,16,16-17,Japan,lifestyle
40d9e,Male,32,25-34,United Kingdom,"lifestyle, photography"
40ece,Male,41,35-44,United States,"finance, travel, news"
40f29,Male,26,25-34,France,"sports, fitness"
40f41,Female,35,35-44,India,"gaming, food, finance"
40fce,Male,32,25-34,United Kingdom,"sports, fashion, photography"
41050,Male,32,25-34,United States,food
410a7,Female,19,18-24,United Kingdom,"art, lifestyle, gaming"
410b3,Male,27,25-34,United States,"fashion, lifestyle"
4121a,Male,34,25-34,Australia,sports
4126f,Female,26,25-34,Brazil,"lifestyle, photography"
41353,Female,22,18-24,United States,"art, travel, fitness"
4136b,Female,20,18-24,United Kingdom,photography
413fa,Male,27,25-34,Canada,"food, photography"
4144b,Female,20,18-24,Brazil,"food, fashion"
4146a,Female,29,25-34,Germany,"health, art"
415a2,Male,16,16-17,Germany,"technology, fitness"
415bb,Male,27,25-34,United States,"food, sports"
41646,Male,26,25-34,United Kingdom,"fitness, health, finance"
417da,Male,20,18-24,France,art
41842,Male,32,25-34,United States,"art, travel"
418c3,Female,38,35-44,United States,"food, fitness"
418db,Female,30,25-34,United States,"fashion, lifestyle"
4198e,Male,35,35-44,Japan,"art, travel, news"
41a2e,Other,21,18-24,United States,"gaming, photography"
41a5c,Female,37,35-44,United States,"gaming, food"
41aae,Male,32,25-34,United States,"fashion, finance"
41ab8,Male,32,25-34,United States,"travel, art"
41b5a,Female,35,35-44,Australia,sports
41b76,Male,21,18-24,Australia,fashion
41b95,Male,32,25-34,United Kingdom,"news, sports, finance"
41c03,Male,31,25-34,India,"art, fitness, photography"
41c11,Male,25,25-34,United States,"lifestyle, health, finance"
41c30,Male,28,25-34,Germany,"art, food, gaming"
41c41,Female,33,25-34,United States,"fitness, art"
41c74,Female,42,35-44,Australia,"technology, food, lifestyle"
41d08,Female,29,25-34,United Kingdom,sports
41d39,Male,25,25-34,United Kingdom,health
41dc9,Female,28,25-34,Mexico,"gaming, food"
41df9,Male,25,25-34,Australia,"health, lifestyle, art"
41e0a,Other,32,25-34,United States,"photography, health, food"
41e2d,Male,30,25-34,Mexico,health
420d3,Male,17,16-17,Germany,"gaming, health"
4216a,Female,40,35-44,Canada,"technology, fitness"
422d5,Other,36,35-44,United States,"gaming, finance"
423b3,Female,23,18-24,United States,"fashion, technology"
42405,Female,23,18-24,United States,lifestyle
42420,Male,41,35-44,Australia,"fitness, art, fashion"
4248,Male,22,18-24,Brazil,"news, technology"
4254d,Female,27,25-34,Canada,gaming
42574,Female,19,18-24,Canada,gaming
4265c,Male,26,25-34,Brazil,travel
4267a,Male,36,35-44,United States,"fashion, sports"
42683,Male,23,18-24,United States,"fashion, art"
426be,Male,27,25-34,United States,"sports, photography, lifestyle"
426da,Female,35,35-44,Canada,"fashion, gaming, lifestyle"
4274d,Female,36,35-44,Japan,"sports, travel, lifestyle"
42792,Male,18,18-24,United Kingdom,fitness
427a3,Female,29,25-34,United Kingdom,"news, fitness"
427d4,Female,36,35-44,Germany,"news, travel"
42801,Male,19,18-24,India,"lifestyle, sports, gaming"
42824,Male,20,18-24,United States,"news, sports"
42a54,Male,35,35-44,Germany,"health, news, fitness"
42afa,Male,36,35-44,United Kingdom,"lifestyle, finance"
42b3a,Male,27,25-34,United States,finance
42b44,Other,16,16-17,United States,"fashion, finance, sports"
42c47,Male,24,18-24,Australia,"health, finance, gaming"
42c99,Female,23,18-24,Canada,"art, health"
42d17,Female,33,25-34,Australia,sports
42d9b,Male,43,35-44,United Kingdom,news
42dc3,Female,27,25-34,India,"sports, fashion, photography"
42f20,Male,37,35-44,United States,"food, sports, fashion"
42f50,Male,16,16-17,United Kingdom,"health, lifestyle"
42fe9,Male,31,25-34,United Kingdom,technology
42ffc,Female,27,25-34,United States,"news, lifestyle, art"
4301d,Male,31,25-34,India,sports
430a5,Male,19,18-24,United Kingdom,"news, art, lifestyle"
43190,Female,39,35-44,Japan,"lifestyle, food"
4323,Male,27,25-34,Canada,food
4325f,Male,31,25-34,United States,"technology, sports, travel"
432a2,Male,27,25-34,Japan,"sports, news"
43324,Female,26,25-34,Canada,"art, gaming"
4338a,Female,26,25-34,Brazil,"art, news, travel"
433b9,Male,31,25-34,United States,"sports, fitness, gaming"
433f2,Male,25,25-34,United States,fashion
4341,Male,23,18-24,Brazil,"fashion, technology, photography"
43428,Male,30,25-34,United States,"fitness, technology"
434a1,Female,35,35-44,Canada,sports
434ca,Female,21,18-24,Brazil,"sports, fashion, news"
43538,Other,32,25-34,Canada,"sports, fashion"
435c6,Male,31,25-34,United States,"health, technology, news"
4368a,Other,16,16-17,Brazil,photography
43705,Female,34,25-34,United States,"technology, fashion, finance"
4370f,Female,18,18-24,Canada,"travel, technology, fitness"
43782,Female,34,25-34,United States,"fitness, gaming, news"
43852,Male,37,35-44,Canada,art
43872,Female,27,25-34,Brazil,"news, gaming"
43891,Other,20,18-24,Brazil,"fashion, health"
43943,Male,29,25-34,United Kingdom,"finance, sports"
43a65,Other,31,25-34,Australia,news
43a66,Male,30,25-34,Canada,"gaming, sports, travel"
43af4,Female,32,25-34,Japan,"travel, art"
43b3f,Other,38,35-44,United Kingdom,"sports, fashion, fitness"
43b82,Female,28,25-34,United Kingdom,"health, technology, lifestyle"
43bb7,Male,37,35-44,United Kingdom,"art, sports, fitness"
43c0c,Male,21,18-24,United Kingdom,"art, technology"
43cc0,Male,24,18-24,United Kingdom,"news, lifestyle, art"
43d06,Male,18,18-24,India,"technology, gaming"
43d8e,Female,16,16-17,United States,"technology, health"
43dd5,Male,36,35-44,India,fitness
43f56,Female,33,25-34,Germany,photography
43f57,Male,30,25-34,Canada,"technology, fashion, photography"
43f91,Male,47,45-54,Germany,"art, technology"
44074,Male,29,25-34,Brazil,news
4413c,Male,35,35-44,United States,"news, technology, finance"
441d9,Female,50,45-54,United States,gaming
4424,Female,31,25-34,United Kingdom,"health, art, photography"
442ab,Female,36,35-44,United Kingdom,gaming
442d4,Male,18,18-24,United States,gaming
442f8,Male,18,18-24,Australia,sports
44374,Male,27,25-34,India,"fashion, photography"
44433,Female,24,18-24,United States,"fashion, gaming"
44460,Male,16,16-17,United States,"fashion, travel, food"
44526,Other,26,25-34,United States,finance
4457a,Female,22,18-24,Australia,"photography, food, fashion"
445eb,Other,21,18-24,Australia,"technology, art, gaming"
44675,Female,26,25-34,United States,food
4472f,Male,19,18-24,India,travel
44870,Female,30,25-34,United States,"photography, technology"
4492a,Female,43,35-44,Mexico,"gaming, fashion, health"
44964,Male,17,16-17,United States,"news, fashion"
4499a,Female,22,18-24,Canada,"travel, food, finance"
44a03,Male,22,18-24,India,"health, news"
44a3b,Male,23,18-24,Mexico,"photography, food"
44a70,Male,29,25-34,India,photography
44ab8,Other,28,25-34,United States,finance
44aeb,Female,26,25-34,United Kingdom,food
44b07,Female,33,25-34,United Kingdom,"photography, travel"
44b21,Female,22,18-24,India,"news, finance"
44b7d,Male,23,18-24,United States,finance
44b88,Female,23,18-24,United Kingdom,gaming
44bdd,Female,42,35-44,United Kingdom,"fitness, news, sports"
44cd4,Male,22,18-24,United Kingdom,"travel, finance, health"
44d3e,Female,35,35-44,Germany,fitness
44d55,Other,40,35-44,United States,"news, health, travel"
44da4,Male,45,45-54,United Kingdom,"news, fitness"
44db7,Other,37,35-44,United States,"photography, food, fashion"
44e4f,Male,33,25-34,United States,news
44f1b,Male,22,18-24,United States,"sports, technology, health"
44f4d,Male,26,25-34,Japan,"art, fitness"
4505c,Female,22,18-24,United States,"finance, news"
450c0,Other,20,18-24,Japan,sports
450d4,Male,21,18-24,Germany,"gaming, fashion"
4515c,Female,43,35-44,United States,"gaming, sports, food"
451bf,Male,31,25-34,United Kingdom,"photography, technology, fashion"
4524d,Male,28,25-34,Germany,"photography, gaming, art"
4525,Female,21,18-24,Brazil,food
45290,Male,38,35-44,United Kingdom,travel
45305,Male,24,18-24,Brazil,"gaming, health, art"
45314,Male,19,18-24,United States,sports
45394,Female,27,25-34,United Kingdom,"lifestyle, technology"
453ce,Other,20,18-24,United Kingdom,"photography, news"
454fd,Female,36,35-44,India,photography
4552d,Male,36,35-44,Brazil,"sports, lifestyle, finance"
455ff,Female,17,16-17,Canada,photography
45692,Female,18,18-24,Australia,"art, technology, finance"
45698,Other,30,25-34,Japan,"health, technology"
456a9,Male,26,25-34,United States,"health, photography, sports"
45757,Male,16,16-17,United States,technology
45769,Male,39,35-44,United Kingdom,"finance, art, news"
457b9,Female,37,35-44,United Kingdom,"finance, food, travel"
4580d,Male,20,18-24,United States,"news, travel, art"
45851,Male,31,25-34,United States,finance
45879,Female,32,25-34,Brazil,"health, photography, art"
458d5,Male,20,18-24,Australia,"food, photography"
45931,Male,38,35-44,United Kingdom,gaming
459d2,Male,16,16-17,Brazil,finance
45a10,Other,19,18-24,Australia,photography
45a2f,Male,20,18-24,United States,"travel, lifestyle, news"
45a6a,Male,24,18-24,United States,technology
45a8f,Male,16,16-17,United Kingdom,"sports, finance, gaming"
45b15,Male,16,16-17,United States,lifestyle
45b78,Male,30,25-34,United States,"sports, photography, finance"
45bbb,Female,18,18-24,Germany,technology
45c66,Male,30,25-34,United Kingdom,"food, news"
45c8a,Male,33,25-34,Australia,fitness
45d42,Male,27,25-34,Canada,"lifestyle, health"
45d79,Female,23,18-24,Mexico,"sports, fashion, lifestyle"
45ed2,Other,37,35-44,United States,"travel, fitness, health"
45ef4,Male,18,18-24,Brazil,"gaming, news, fitness"
45f48,Other,32,25-34,United States,"sports, lifestyle"
45fab,Male,29,25-34,France,"fashion, technology"
45fde,Male,16,16-17,United Kingdom,"gaming, sports"
45fe1,Female,33,25-34,United States,"finance, fitness"
45ff0,Female,27,25-34,United Kingdom,"gaming, sports, finance"
46005,Female,22,18-24,India,"fashion, lifestyle, gaming"
46006,Female,23,18-24,United Kingdom,"fashion, art"
46059,Female,33,25-34,Australia,health
46072,Female,22,18-24,United Kingdom,"sports, finance, gaming"
460ac,Male,35,35-44,United States,technology
460cf,Female,22,18-24,United Kingdom,"sports, food, health"
460f8,Other,22,18-24,United Kingdom,"lifestyle, gaming"
4610f,Female,43,35-44,Canada,"travel, news, fitness"
46188,Male,16,16-17,United States,"photography, news"
461c4,Male,17,16-17,United States,"lifestyle, food, gaming"
4625,Female,16,16-17,Australia,"technology, fashion"
462dc,Female,24,18-24,United States,art
46395,Male,22,18-24,France,"fashion, finance"
46431,Male,22,18-24,India,technology
464c4,Male,39,35-44,United States,"art, finance, fitness"
4657c,Male,30,25-34,France,"photography, fashion, fitness"
46601,Female,18,18-24,Canada,"food, finance, travel"
46700,Male,38,35-44,Germany,travel
468,Female,19,18-24,United States,finance
46816,Female,30,25-34,Germany,photography
46829,Male,34,25-34,Germany,"fitness, health"
4689d,Male,20,18-24,Canada,"gaming, technology"
468ff,Male,25,25-34,Canada,fitness
46910,Male,16,16-17,Canada,"art, health, news"
46970,Male,22,18-24,Australia,art
469fe,Male,36,35-44,Germany,"finance, photography"
46a16,Male,27,25-34,United States,fashion
46a35,Other,28,25-34,United States,"health, food"
46b41,Male,30,25-34,Japan,"travel, food"
46bc2,Male,30,25-34,United Kingdom,travel
46cc3,Male,28,25-34,India,"health, photography, food"
46d04,Male,19,18-24,India,"gaming, technology, fashion"
46dd9,Male,41,35-44,Canada,"gaming, lifestyle, art"
46df2,Male,43,35-44,United States,photography
46ed7,Other,39,35-44,Australia,"news, finance, travel"
46f1a,Other,18,18-24,Mexico,photography
46f45,Male,31,25-34,Canada,"finance, sports, fitness"
46fcc,Male,54,45-54,Canada,"art, finance, gaming"
47030,Male,20,18-24,United Kingdom,"lifestyle, fitness"
4709e,Male,20,18-24,United States,"fashion, sports, health"
470bf,Female,23,18-24,Canada,lifestyle
470ee,Female,18,18-24,India,news
47173,Male,19,18-24,United States,"fitness, sports"
471ab,Other,32,25-34,United States,"art, photography, sports"
471fa,Male,35,35-44,United States,"photography, gaming"
4728,Male,55,55-65,United States,"gaming, news, fashion"
472f5,Other,33,25-34,Canada,travel
47333,Male,37,35-44,Germany,"food, photography"
47340,Male,21,18-24,United States,"gaming, sports"
47371,Female,19,18-24,United Kingdom,fitness
47376,Female,28,25-34,Canada,"lifestyle, travel, food"
4739c,Female,27,25-34,United States,"fashion, travel, art"
4753a,Female,28,25-34,Germany,"health, news"
47602,Female,24,18-24,India,"fashion, fitness"
47784,Female,24,18-24,United Kingdom,travel
477c6,Male,24,18-24,United Kingdom,"fashion, art, travel"
477d7,Male,26,25-34,United States,photography
4781e,Other,23,18-24,Germany,"art, travel"
47824,Male,32,25-34,India,art
4784,Other,19,18-24,United States,technology
4785,Male,25,25-34,Japan,"photography, travel"
47898,Male,39,35-44,United States,"gaming, art"
478d5,Male,23,18-24,United Kingdom,"photography, gaming, food"
47923,Female,28,25-34,Australia,gaming
479d6,Other,23,18-24,United States,"sports, fitness, art"
47a59,Male,22,18-24,Mexico,"lifestyle, travel, news"
47aa1,Female,38,35-44,United States,photography
47aac,Male,25,25-34,United States,"art, fashion, lifestyle"
47af7,Male,34,25-34,India,"news, technology"
47b0a,Male,24,18-24,United Kingdom,"fashion, gaming, news"
47c3a,Male,25,25-34,Brazil,"news, sports"
47d9b,Female,40,35-44,United States,technology
47df7,Male,29,25-34,Australia,"sports, fitness, technology"
47f99,Male,22,18-24,United States,"finance, health, art"
47fac,Female,37,35-44,Japan,"travel, gaming, health"
47fd3,Male,21,18-24,Brazil,"gaming, photography"
47fe8,Female,28,25-34,Brazil,"technology, art, fitness"
4800e,Female,16,16-17,United States,"fashion, art, sports"
4804b,Male,21,18-24,Canada,"food, lifestyle, news"
4805d,Male,26,25-34,United Kingdom,"travel, health"
480a3,Female,28,25-34,United States,food
480cf,Female,22,18-24,United Kingdom,health
48128,Female,20,18-24,Mexico,gaming
4822,Male,41,35-44,Canada,"travel, health, art"
483c9,Male,25,25-34,Canada,"photography, finance"
4853a,Male,20,18-24,United States,art
48546,Male,41,35-44,Australia,"travel, photography, finance"
48579,Female,34,25-34,United States,technology
485ec,Male,37,35-44,United States,"art, fashion"
48622,Male,27,25-34,India,"food, art"
486a5,Female,44,35-44,Canada,"gaming, news, sports"
48737,Female,23,18-24,Germany,lifestyle
48790,Male,17,16-17,France,"sports, travel"
487c5,Male,38,35-44,United States,"food, lifestyle"
48903,Male,42,35-44,Canada,fashion
48942,Male,31,25-34,United Kingdom,art
48a52,Male,24,18-24,United States,"fashion, news, photography"
48a86,Male,31,25-34,Brazil,"art, health, news"
48aaf,Male,27,25-34,United States,"fitness, finance, travel"
48af1,Male,33,25-34,Germany,"food, health, gaming"
48ba9,Female,31,25-34,United States,"gaming, photography, art"
48bdf,Female,25,25-34,Canada,"health, sports"
48cd2,Female,44,35-44,Australia,art
48cf8,Male,16,16-17,India,"art, fitness, food"
48dd8,Male,30,25-34,Canada,health
48df7,Male,28,25-34,Australia,"fitness, finance, photography"
48f5c,Male,29,25-34,Germany,news
48fdf,Male,33,25-34,Canada,"finance, photography"
49037,Other,31,25-34,Canada,"food, health, finance"
49121,Male,33,25-34,Canada,lifestyle
491ff,Male,19,18-24,Australia,"food, art"
49357,Female,28,25-34,Canada,"lifestyle, travel, sports"
49487,Female,28,25-34,India,"photography, art"
494b9,Male,39,35-44,Australia,technology
495ef,Male,28,25-34,Brazil,finance
4972b,Female,33,25-34,India,lifestyle
4977c,Other,27,25-34,Germany,"finance, art"
497f0,Male,28,25-34,Germany,"finance, technology"
4996f,Other,30,25-34,Germany,"travel, news, technology"
49a8e,Female,36,35-44,Australia,"health, travel, food"
49b8d,Female,35,35-44,United Kingdom,"art, photography, food"
49be1,Other,33,25-34,Canada,"health, fitness"
49c43,Female,18,18-24,United Kingdom,travel
49c4d,Female,23,18-24,Australia,"news, gaming, fashion"
49c5c,Female,33,25-34,Brazil,"food, health, lifestyle"
49c8f,Male,27,25-34,India,"photography, news"
49ccf,Male,19,18-24,Brazil,"art, travel, news"
49cf4,Male,27,25-34,Brazil,"fashion, gaming, finance"
49d91,Male,28,25-34,Mexico,technology
49d92,Female,31,25-34,United Kingdom,fashion
49dd5,Female,35,35-44,Germany,health
49e5e,Female,34,25-34,France,"technology, sports"
49ec8,Female,23,18-24,United Kingdom,technology
49fde,Female,22,18-24,United Kingdom,fitness
4a060,Male,26,25-34,France,fashion
4a064,Male,31,25-34,Australia,"sports, finance, lifestyle"
4a0b6,Male,25,25-34,United Kingdom,"technology, gaming, lifestyle"
4a0c8,Male,19,18-24,Australia,fitness
4a0c9,Female,42,35-44,Canada,photography
4a15b,Male,35,35-44,United Kingdom,fitness
4a172,Male,24,18-24,United Kingdom,"art, news, lifestyle"
4a180,Male,20,18-24,United Kingdom,"technology, fashion"
4a1c7,Female,34,25-34,United Kingdom,"photography, technology, health"
4a1d1,Female,29,25-34,United Kingdom,"health, travel"
4a264,Female,19,18-24,Australia,"news, lifestyle, gaming"
4a290,Male,18,18-24,Australia,travel
4a36f,Other,36,35-44,France,"lifestyle, fashion"
4a3aa,Female,16,16-17,United States,finance
4a43d,Male,31,25-34,United Kingdom,food
4a554,Male,26,25-34,Brazil,lifestyle
4a649,Male,16,16-17,Brazil,"fitness, fashion"
4a69d,Female,22,18-24,India,health
4a6fc,Female,23,18-24,United States,technology
4a7b7,Male,29,25-34,United States,"travel, finance"
4a882,Female,24,18-24,Mexico,travel
4a899,Male,20,18-24,Brazil,news
4a8ef,Other,28,25-34,United States,"gaming, photography, finance"
4a929,Male,22,18-24,United Kingdom,"sports, travel, technology"
4a95a,Male,25,25-34,Australia,"technology, travel, news"
4a967,Female,16,16-17,United Kingdom,"news, gaming, health"
4a9d1,Other,45,45-54,France,"finance, technology, fitness"
4a9f8,Male,22,18-24,India,"art, photography"
4aae7,Male,30,25-34,United Kingdom,"news, fitness, technology"
4aaef,Male,42,35-44,United States,"gaming, sports"
4ab02,Male,32,25-34,United States,"food, travel"
4ab1f,Other,25,25-34,Japan,"health, art, news"
4ab54,Female,29,25-34,United States,lifestyle
4ab71,Male,27,25-34,United States,"finance, art"
4ab7b,Female,16,16-17,United States,"art, food, finance"
4ab8b,Male,31,25-34,United States,fashion
4ac00,Female,19,18-24,United States,"fashion, food"
4ac5e,Male,21,18-24,Mexico,gaming
4ac67,Female,16,16-17,United Kingdom,finance
4ac7f,Female,18,18-24,Canada,"lifestyle, health"
4ac89,Male,21,18-24,United Kingdom,"travel, technology"
4ad48,Male,24,18-24,United States,"lifestyle, news"
4ae1b,Male,26,25-34,Australia,fitness
4af06,Male,21,18-24,United States,"sports, food, gaming"
4af5e,Other,29,25-34,United Kingdom,"technology, photography"
4af66,Female,25,25-34,Canada,photography
4afc8,Other,38,35-44,United States,"gaming, health"
4afdb,Female,27,25-34,Germany,"finance, lifestyle"
4b0bd,Male,20,18-24,India,"health, sports"
4b13c,Male,22,18-24,United States,technology
4b1e0,Female,29,25-34,United States,"finance, art"
4b1fd,Male,24,18-24,United States,"travel, fitness, technology"
4b219,Female,32,25-34,Brazil,"health, fashion"
4b310,Other,20,18-24,United States,"gaming, news, food"
4b393,Female,22,18-24,India,"travel, finance"
4b396,Female,29,25-34,United States,"news, art, finance"
4b4fe,Other,28,25-34,Canada,"art, gaming, sports"
4b507,Female,26,25-34,United Kingdom,"technology, fitness"
4b524,Male,27,25-34,India,"technology, gaming"
4b5b3,Female,28,25-34,United States,"travel, sports, food"
4b639,Male,39,35-44,United States,"fitness, news"
4b68a,Other,37,35-44,United States,"travel, food, fitness"
4b68d,Male,21,18-24,Canada,"food, news, fitness"
4b7b9,Male,30,25-34,France,fitness
4b817,Female,38,35-44,Germany,travel
4b84d,Female,29,25-34,India,"travel, health"
4b868,Male,33,25-34,Mexico,"fitness, photography"
4b8fe,Female,38,35-44,United States,"news, lifestyle, food"
4b9c8,Male,28,25-34,United Kingdom,technology
4ba52,Female,21,18-24,United Kingdom,"lifestyle, travel, food"
4bab7,Other,18,18-24,Australia,"news, lifestyle"
4bb68,Male,22,18-24,Germany,"fashion, lifestyle"
4bbcf,Other,16,16-17,Mexico,gaming
4bc54,Other,35,35-44,France,"food, technology"
4bd6e,Female,32,25-34,United States,"food, photography, health"
4bd90,Male,36,35-44,United Kingdom,travel
4be8a,Male,19,18-24,United States,"fitness, fashion"
4beaf,Female,26,25-34,United Kingdom,"technology, art, health"
4c02a,Male,20,18-24,United Kingdom,"photography, health"
4c0cb,Female,29,25-34,United Kingdom,"news, gaming"
4c10f,Male,39,35-44,United States,news
4c13a,Male,65,55-65,United States,"health, travel, fitness"
4c224,Female,33,25-34,Brazil,"finance, food, health"
4c264,Female,21,18-24,United States,sports
4c276,Male,23,18-24,Australia,sports
4c321,Female,27,25-34,Brazil,gaming
4c392,Female,38,35-44,Brazil,"fashion, sports, gaming"
4c404,Female,29,25-34,Germany,food
4c40f,Male,25,25-34,Brazil,"gaming, technology, health"
4c46e,Female,24,18-24,India,"finance, food, fashion"
4c482,Female,20,18-24,United Kingdom,"food, news, fitness"
4c4d1,Female,30,25-34,United States,gaming
4c538,Male,22,18-24,United States,food
4c53e,Other,25,25-34,United Kingdom,"photography, technology, gaming"
4c574,Other,44,35-44,Japan,fitness
4c57f,Male,18,18-24,United States,"finance, lifestyle, fashion"
4c58c,Male,28,25-34,United States,"art, news"
4c58e,Female,20,18-24,Canada,"technology, photography"
4c5f9,Other,30,25-34,Germany,"food, fashion, fitness"
4c624,Female,41,35-44,Japan,"sports, photography, travel"
4c730,Female,45,45-54,United Kingdom,news
4c814,Male,46,45-54,United Kingdom,travel
4c893,Male,29,25-34,United States,"lifestyle, technology"
4c8bb,Other,32,25-34,France,fashion
4c8cd,Female,29,25-34,India,fashion
4c915,Other,23,18-24,United States,"news, gaming, technology"
4c91c,Male,24,18-24,United Kingdom,"travel, fitness"
4c94c,Female,42,35-44,United Kingdom,"food, art, photography"
4ca83,Male,21,18-24,United Kingdom,photography
4cb25,Male,32,25-34,Japan,"fitness, travel"
4cb4d,Male,21,18-24,Australia,"lifestyle, fitness"
4cb63,Male,23,18-24,France,lifestyle
4cc1a,Male,17,16-17,Canada,"food, gaming"
4cc2e,Male,35,35-44,Germany,"technology, health"
4cd36,Male,17,16-17,Australia,finance
4cd54,Female,43,35-44,United States,technology
4ce09,Male,30,25-34,United Kingdom,"finance, art"
4ce12,Other,28,25-34,United States,"news, travel"
4ce79,Male,27,25-34,India,"sports, health, gaming"
4cf2b,Female,25,25-34,Mexico,"health, fitness, art"
4d0f6,Male,49,45-54,United States,"fitness, sports"
4d100,Female,25,25-34,United States,"art, technology"
4d126,Male,30,25-34,Canada,"fashion, food, art"
4d198,Female,19,18-24,United Kingdom,fitness
4d19f,Female,18,18-24,Australia,"sports, health"
4d1a0,Other,46,45-54,Germany,photography
4d1f7,Female,23,18-24,Brazil,"fitness, photography, food"
4d20f,Female,41,35-44,Australia,"travel, food"
4d21a,Female,48,45-54,Mexico,art
4d28b,Other,23,18-24,United States,"sports, news"
4d336,Male,24,18-24,India,"lifestyle, news"
4d344,Male,30,25-34,United Kingdom,"food, news, photography"
4d376,Male,28,25-34,Australia,"photography, technology, travel"
4d3da,Female,20,18-24,United States,"health, art"
4d426,Female,24,18-24,United States,"art, lifestyle"
4d4cf,Male,21,18-24,India,"fashion, lifestyle"
4d4de,Male,27,25-34,India,"fashion, travel"
4d51a,Other,23,18-24,United Kingdom,technology
4d62a,Male,29,25-34,Japan,"finance, technology"
4d66a,Male,19,18-24,Germany,"health, sports"
4d6a6,Female,46,45-54,United States,"photography, sports"
4d76a,Female,35,35-44,Canada,health
4d7a7,Female,27,25-34,United States,"sports, gaming, fashion"
4d86d,Female,32,25-34,Brazil,"art, photography"
4d89f,Male,23,18-24,United States,"technology, finance"
4d8ff,Female,34,25-34,Australia,travel
4d9a0,Male,23,18-24,France,"food, fitness, travel"
4d9b1,Male,35,35-44,United States,"finance, sports, photography"
4da34,Female,56,55-65,United States,"travel, fitness"
4db44,Female,23,18-24,United Kingdom,"travel, gaming"
4db9f,Female,25,25-34,Mexico,"fitness, technology"
4dbaa,Other,27,25-34,India,"health, fitness, travel"
4dbbe,Female,24,18-24,Canada,photography
4dc01,Male,26,25-34,United States,"art, lifestyle, finance"
4dc63,Male,33,25-34,Canada,"food, fashion, lifestyle"
4dc7a,Female,22,18-24,Mexico,"news, photography, sports"
4dc9d,Female,32,25-34,United States,photography
4dd64,Other,23,18-24,United States,"food, photography, technology"
4dd65,Female,23,18-24,United States,"art, sports, travel"
4dd81,Male,39,35-44,United Kingdom,"technology, lifestyle"
4de1c,Female,31,25-34,Japan,"health, fitness, fashion"
4debd,Male,45,45-54,Mexico,"news, art, technology"
4ded4,Male,23,18-24,Canada,"food, art, sports"
4ded7,Female,32,25-34,United Kingdom,"art, food, sports"
4def8,Male,18,18-24,India,art
4df64,Male,16,16-17,United States,"finance, fitness, travel"
4df88,Male,30,25-34,Brazil,"art, photography"
4e0d5,Male,16,16-17,Mexico,fitness
4e0f0,Male,46,45-54,United States,"travel, fitness, art"
4e1a4,Female,17,16-17,United States,"news, sports, technology"
4e2b7,Other,24,18-24,Germany,finance
4e38f,Other,23,18-24,United States,"fitness, fashion, art"
4e3e9,Male,26,25-34,France,fashion
4e3ea,Other,31,25-34,United Kingdom,health
4e3ec,Male,16,16-17,United States,fashion
4e50b,Male,26,25-34,Brazil,fashion
4e56e,Female,65,55-65,United States,photography
4e5b1,Male,21,18-24,India,"finance, photography, fitness"
4e5bd,Male,22,18-24,United Kingdom,"fitness, news"
4e648,Male,20,18-24,United Kingdom,"lifestyle, technology, fashion"
4e655,Male,23,18-24,Australia,"health, fitness, technology"
4e683,Other,25,25-34,United States,"photography, news"
4e7a6,Male,16,16-17,Mexico,photography
4e7cf,Female,18,18-24,United States,gaming
4e7fb,Male,32,25-34,Germany,"art, gaming, travel"
4e86b,Female,28,25-34,India,"photography, news"
4e8b5,Male,41,35-44,India,"art, news"
4e8dc,Male,24,18-24,Mexico,"lifestyle, gaming"
4e8e4,Male,26,25-34,United Kingdom,lifestyle
4e944,Male,17,16-17,Brazil,"art, technology, lifestyle"
4e99d,Male,33,25-34,United States,"travel, gaming"
4e9bf,Other,40,35-44,Canada,"sports, food, fitness"
4e9dc,Female,41,35-44,Japan,fashion
4ea84,Female,20,18-24,United Kingdom,"fitness, food"
4ea9a,Male,38,35-44,Japan,"sports, lifestyle, travel"
4eac4,Female,22,18-24,Australia,"fashion, fitness"
4eb7d,Male,22,18-24,United States,"finance, art"
4ebab,Female,16,16-17,United States,"travel, fashion, sports"
4ec0b,Female,28,25-34,United Kingdom,gaming
4ec7c,Female,33,25-34,United Kingdom,"technology, health"
4ecb8,Male,30,25-34,United Kingdom,"fitness, finance"
4ecc6,Male,32,25-34,United Kingdom,"fashion, technology, fitness"
4eda0,Female,22,18-24,India,"technology, finance, health"
4edbf,Male,31,25-34,United States,"news, fashion, sports"
4edee,Female,16,16-17,United Kingdom,"food, finance"
4ee12,Male,26,25-34,Japan,lifestyle
4ee56,Male,34,25-34,United States,"photography, fitness, finance"
4ee6d,Other,19,18-24,Japan,"technology, health, art"
4ee79,Male,28,25-34,Brazil,art
4ef84,Other,29,25-34,Australia,"travel, gaming, technology"
4efec,Female,16,16-17,United Kingdom,"sports, finance"
4f051,Female,20,18-24,United States,photography
4f062,Male,25,25-34,United States,news
4f0cf,Other,27,25-34,Germany,"food, fashion"
4f0e4,Female,27,25-34,United Kingdom,"news, art"
4f10f,Female,18,18-24,France,health
4f12b,Other,23,18-24,Brazil,"travel, photography, technology"
4f14f,Male,17,16-17,Brazil,"technology, health, lifestyle"
4f154,Female,28,25-34,United States,"finance, lifestyle"
4f155,Male,41,35-44,United Kingdom,news
4f164,Female,18,18-24,United States,food
4f166,Female,24,18-24,Brazil,travel
4f19c,Male,17,16-17,Australia,"health, technology"
4f238,Female,29,25-34,Germany,food
4f270,Other,28,25-34,Brazil,"finance, gaming"
4f27d,Male,23,18-24,United States,"photography, sports, health"
4f345,Male,21,18-24,Japan,"food, travel, health"
4f3b8,Male,24,18-24,India,"news, fashion, travel"
4f3f1,Female,39,35-44,Canada,travel
4f471,Male,25,25-34,India,fashion
4f4be,Female,17,16-17,United Kingdom,"health, sports, technology"
4f630,Female,26,25-34,Japan,fitness
4f66a,Female,24,18-24,United Kingdom,"news, fitness"
4f67d,Female,34,25-34,Mexico,"fitness, technology, travel"
4f6eb,Male,36,35-44,United Kingdom,"art, finance"
4f720,Male,16,16-17,United States,technology
4f73e,Female,32,25-34,United Kingdom,"sports, food"
4f793,Female,25,25-34,United States,"art, finance, fashion"
4f8cc,Female,25,25-34,Brazil,"finance, news, fashion"
4f986,Male,31,25-34,United States,"art, technology, health"
4f9b3,Male,24,18-24,United States,"fitness, food"
4f9e4,Male,39,35-44,United States,food
4f9f0,Female,29,25-34,United Kingdom,"travel, health"
4fa02,Male,16,16-17,Japan,"sports, news"
4fa6c,Male,32,25-34,United States,finance
4fa87,Female,29,25-34,United States,"health, technology, fitness"
4fa89,Female,18,18-24,Mexico,"photography, fitness, news"
4fa90,Male,16,16-17,Mexico,fitness
4fbc0,Female,26,25-34,France,"technology, lifestyle"
4fbe3,Female,47,45-54,India,"travel, art, photography"
4fcbb,Male,38,35-44,Japan,"photography, art"
4fd11,Other,38,35-44,India,"photography, travel, food"
4fd3a,Male,23,18-24,Canada,"fashion, lifestyle"
4fd5d,Female,30,25-34,Brazil,"technology, art, photography"
4fd6f,Female,34,25-34,United States,finance
4fd83,Male,26,25-34,France,"sports, finance"
4fe32,Male,26,25-34,India,"fashion, health"
4ff04,Male,20,18-24,India,fitness
4ff39,Other,19,18-24,United States,art
4ff50,Female,35,35-44,Germany,"technology, fitness"
4ffbb,Other,23,18-24,United Kingdom,"news, health"
4ffbd,Male,28,25-34,Brazil,"technology, sports"
5-Feb-00,Female,51,45-54,Australia,"news, fashion"
5.00E+01,Female,17,16-17,Canada,"food, finance"
5.00E+169,Male,41,35-44,United States,"sports, fashion"
5.00E+213,Male,22,18-24,India,"travel, news, lifestyle"
5.00E+215,Male,28,25-34,Canada,"travel, photography"
5.00E+236,Other,16,16-17,United Kingdom,"fashion, art"
5.07E+06,Male,24,18-24,Japan,"technology, finance"
5.10E+16,Female,41,35-44,France,travel
5.10E+73,Female,28,25-34,United Kingdom,"fitness, fashion, sports"
5.10E+91,Other,21,18-24,Mexico,"fashion, photography"
5.16E+02,Female,24,18-24,Brazil,"fitness, fashion, health"
5.22E+02,Female,22,18-24,Japan,photography
5.23E+08,Male,18,18-24,United Kingdom,"travel, sports"
5.26E+08,Female,53,45-54,United Kingdom,"lifestyle, news"
5.28E+10,Male,38,35-44,Brazil,"lifestyle, art, sports"
5.30E+02,Male,21,18-24,United States,"finance, sports, news"
5.40E+89,Female,31,25-34,United Kingdom,"sports, health"
5.41E+07,Male,25,25-34,India,lifestyle
5.47E+08,Female,23,18-24,United Kingdom,"health, art, news"
5.50E+45,Female,27,25-34,Germany,"gaming, news"
5.50E+96,Female,47,45-54,United States,"photography, lifestyle, technology"
5.62E+11,Male,42,35-44,United States,"lifestyle, fitness, gaming"
5.70E+36,Female,25,25-34,United Kingdom,"gaming, art"
5.70E+76,Male,28,25-34,Brazil,photography
5.80E+05,Male,29,25-34,Canada,finance
5.80E+16,Other,39,35-44,Canada,travel
5.80E+23,Male,18,18-24,United Kingdom,fitness
5.80E+53,Female,19,18-24,United Kingdom,gaming
5.80E+66,Male,40,35-44,United Kingdom,finance
5.81E+06,Male,33,25-34,United States,"gaming, fashion"
5.90E+04,Female,32,25-34,Brazil,technology
50033,Male,24,18-24,Canada,"finance, news"
5003b,Male,32,25-34,Japan,food
500a1,Female,26,25-34,United States,"sports, gaming, health"
500ac,Male,23,18-24,Australia,"news, technology"
5017c,Male,31,25-34,Australia,"food, fitness"
501ed,Female,28,25-34,United States,finance
50286,Other,31,25-34,Canada,finance
5037,Female,16,16-17,Canada,"gaming, finance"
5039a,Male,17,16-17,United States,"fashion, photography"
5043f,Male,26,25-34,Brazil,"art, fitness, finance"
5055,Male,34,25-34,United States,"food, fashion, travel"
5058d,Female,25,25-34,France,sports
50593,Male,30,25-34,Mexico,"gaming, fitness"
50638,Female,18,18-24,United Kingdom,"lifestyle, travel, photography"
506c0,Male,16,16-17,Germany,"photography, fitness"
5071b,Female,26,25-34,Brazil,food
50749,Male,28,25-34,Germany,photography
507b4,Female,37,35-44,Japan,"finance, health, photography"
50935,Male,27,25-34,France,"food, art"
5097,Other,30,25-34,Germany,"health, technology, finance"
5098,Male,27,25-34,United States,sports
509b7,Male,28,25-34,Canada,"fashion, gaming, travel"
50a37,Male,35,35-44,Japan,fitness
50a61,Male,41,35-44,India,technology
50a6c,Female,45,45-54,Australia,"travel, fitness"
50a85,Female,33,25-34,United States,"fashion, food, gaming"
50ab0,Other,56,55-65,United States,"fitness, food"
50b45,Male,19,18-24,Brazil,"food, news, art"
50b82,Male,29,25-34,United States,"sports, technology, health"
50bda,Male,25,25-34,Brazil,"travel, sports"
50bea,Female,38,35-44,United States,travel
50bf7,Female,31,25-34,United States,"fitness, technology"
50c70,Other,26,25-34,India,"food, lifestyle"
50d25,Male,20,18-24,United States,"fashion, technology, travel"
50d58,Male,21,18-24,Brazil,"food, fitness, photography"
50f1c,Male,23,18-24,Australia,"sports, finance"
50f25,Other,31,25-34,Mexico,"fashion, technology, finance"
50f68,Male,27,25-34,Australia,fashion
50f81,Male,18,18-24,United Kingdom,"sports, finance, food"
5104d,Female,25,25-34,United States,"sports, fashion, food"
51052,Male,29,25-34,India,food
510a2,Other,34,25-34,United Kingdom,"news, finance, travel"
51116,Male,29,25-34,India,"travel, food"
5111a,Male,32,25-34,Japan,"finance, travel, art"
51155,Other,28,25-34,Canada,"travel, fashion"
51184,Male,23,18-24,Brazil,"news, lifestyle"
511ac,Male,38,35-44,Canada,travel
511cb,Female,42,35-44,United Kingdom,"travel, fashion, technology"
511fc,Female,32,25-34,Canada,technology
51267,Female,18,18-24,United States,art
512d1,Female,42,35-44,United States,"finance, travel"
512fb,Female,19,18-24,Canada,"finance, news, fitness"
513d8,Male,16,16-17,Australia,"fitness, news"
513dd,Male,35,35-44,United Kingdom,"food, fashion"
513ef,Female,19,18-24,Germany,"art, photography"
513f1,Male,28,25-34,Mexico,fashion
513fb,Female,25,25-34,United Kingdom,"food, fashion"
51415,Male,25,25-34,France,"gaming, news, travel"
51486,Male,28,25-34,Germany,"food, gaming, news"
5148a,Female,40,35-44,United Kingdom,news
514a3,Female,18,18-24,Germany,"gaming, health, sports"
51511,Male,26,25-34,Canada,"fitness, gaming"
51523,Male,19,18-24,Japan,"food, fashion"
515b5,Male,16,16-17,United States,"food, photography, gaming"
51640,Male,32,25-34,United Kingdom,"technology, lifestyle"
516aa,Other,35,35-44,Germany,"lifestyle, fashion"
5174d,Male,32,25-34,Brazil,gaming
517df,Male,31,25-34,United States,art
5180b,Male,30,25-34,United States,"fashion, news"
518d9,Female,33,25-34,Canada,"lifestyle, photography"
5197c,Female,16,16-17,United States,travel
519d2,Male,38,35-44,Japan,"food, travel, news"
51a48,Male,19,18-24,Canada,"sports, food"
51aee,Male,26,25-34,United States,health
51b07,Male,31,25-34,United Kingdom,"food, finance, technology"
51b3f,Female,18,18-24,Germany,finance
51b43,Female,16,16-17,United States,"health, photography"
51c9c,Female,51,45-54,Canada,"news, lifestyle, sports"
51ca0,Other,35,35-44,India,"art, food"
51d3e,Female,27,25-34,India,gaming
51d8b,Female,23,18-24,Canada,"fitness, travel"
51e6b,Female,28,25-34,India,"news, fitness"
51ec6,Female,32,25-34,United States,"lifestyle, fitness"
51ee0,Female,25,25-34,Mexico,"art, gaming"
51ef3,Male,16,16-17,Mexico,gaming
51fef,Male,16,16-17,Canada,"finance, lifestyle"
520a4,Male,28,25-34,Japan,"photography, news, technology"
521ca,Female,19,18-24,United States,"art, food, news"
52217,Male,21,18-24,Japan,"sports, technology, travel"
52244,Male,18,18-24,United States,"health, food"
52289,Female,25,25-34,United Kingdom,"fashion, travel, gaming"
522a2,Male,34,25-34,Australia,"gaming, news"
522f6,Male,46,45-54,Canada,"fashion, food, finance"
5237b,Male,30,25-34,Australia,sports
523ac,Female,30,25-34,India,"gaming, sports, finance"
52462,Male,22,18-24,Brazil,"news, food"
52470,Male,21,18-24,United States,"sports, fashion"
524da,Other,20,18-24,United Kingdom,"photography, finance"
5253f,Male,17,16-17,Australia,"technology, fashion, art"
52594,Female,37,35-44,United Kingdom,"health, lifestyle, sports"
52656,Other,34,25-34,United States,"health, gaming, fitness"
5269b,Male,37,35-44,United States,"finance, photography"
52715,Male,19,18-24,Mexico,"lifestyle, finance, travel"
5273a,Female,28,25-34,Germany,"gaming, technology"
5275d,Male,25,25-34,India,travel
528f4,Other,16,16-17,United States,"fitness, photography, lifestyle"
52900,Female,28,25-34,Australia,news
5290b,Male,31,25-34,United States,"sports, food"
5298b,Other,36,35-44,India,"news, fitness"
529a3,Female,24,18-24,Canada,finance
529d1,Male,41,35-44,United States,news
52a28,Male,61,55-65,United States,health
52a3b,Female,48,45-54,Canada,"technology, fitness, gaming"
52b69,Female,31,25-34,India,"art, food, lifestyle"
52c40,Male,21,18-24,United Kingdom,"photography, lifestyle"
52cd2,Female,27,25-34,United States,"lifestyle, photography"
52cfa,Female,39,35-44,Australia,"photography, fashion, food"
52d1f,Male,21,18-24,United States,lifestyle
52dd0,Female,28,25-34,United States,"sports, fashion"
52e2e,Female,25,25-34,France,"sports, art, fashion"
52e6c,Female,29,25-34,Germany,"food, news"
52ed5,Male,35,35-44,United Kingdom,"lifestyle, food, fitness"
5300d,Other,31,25-34,Japan,technology
5300e,Male,25,25-34,Canada,art
530ba,Male,19,18-24,United States,"photography, gaming"
53139,Male,18,18-24,United States,"photography, news, sports"
53153,Male,26,25-34,India,photography
53182,Female,23,18-24,Mexico,lifestyle
53183,Female,16,16-17,Mexico,"finance, photography"
531a8,Female,31,25-34,United States,"food, fashion"
53294,Male,23,18-24,India,technology
5330,Other,28,25-34,Canada,"finance, gaming, news"
53339,Female,20,18-24,Canada,"photography, gaming, food"
5338e,Male,24,18-24,United States,"news, fashion"
533bf,Male,47,45-54,India,"news, health"
533c4,Female,22,18-24,United States,"fashion, photography"
5340,Female,27,25-34,Australia,"food, gaming"
5340f,Male,25,25-34,United States,"food, art"
5341,Male,26,25-34,United States,"travel, news"
53467,Male,39,35-44,United States,"fashion, gaming"
53470,Male,20,18-24,United States,"technology, photography, gaming"
534da,Other,25,25-34,United States,"food, technology"
534db,Female,23,18-24,Canada,"photography, food, fitness"
534f0,Male,23,18-24,Mexico,gaming
53507,Male,20,18-24,United States,"health, photography"
5354a,Male,36,35-44,Germany,gaming
535ba,Female,33,25-34,United States,lifestyle
5362,Male,39,35-44,India,food
5362b,Male,27,25-34,United States,fashion
5362c,Male,26,25-34,United Kingdom,"fashion, art"
5379,Male,21,18-24,Canada,"fashion, sports"
537c3,Other,25,25-34,United States,lifestyle
5387b,Other,26,25-34,Canada,"gaming, technology, photography"
538b5,Male,17,16-17,Brazil,"fashion, art, photography"
5399e,Male,24,18-24,India,fitness
53ae8,Male,29,25-34,United States,"news, photography"
53afb,Male,31,25-34,India,travel
53b4b,Male,23,18-24,Canada,gaming
53c09,Female,28,25-34,Brazil,"finance, lifestyle, gaming"
53c72,Male,31,25-34,United States,travel
53c7f,Male,21,18-24,Mexico,"sports, lifestyle, art"
53de0,Male,27,25-34,United States,fashion
53e7d,Female,38,35-44,United States,"travel, lifestyle, gaming"
53e8e,Male,20,18-24,United States,"travel, health"
53eb1,Male,28,25-34,Mexico,"fitness, art"
53ec4,Male,37,35-44,Germany,photography
5401d,Male,22,18-24,United States,"art, food, travel"
5409,Male,31,25-34,Australia,"news, gaming, technology"
540bb,Male,25,25-34,United States,"finance, photography, health"
5412d,Male,44,35-44,United Kingdom,food
541f1,Female,16,16-17,United Kingdom,"photography, news"
541f2,Male,28,25-34,United Kingdom,"fashion, finance, gaming"
54255,Male,25,25-34,United States,"news, lifestyle"
542bf,Male,27,25-34,Germany,"photography, health"
5430a,Male,23,18-24,Mexico,"travel, finance, sports"
5432d,Male,19,18-24,United Kingdom,"travel, health, finance"
5436,Female,28,25-34,United Kingdom,"finance, art, fitness"
5437a,Male,18,18-24,United States,"photography, sports, travel"
5441,Male,40,35-44,Canada,"health, sports"
54451,Male,23,18-24,United States,"finance, sports"
54459,Male,31,25-34,Canada,"health, news, fitness"
545,Male,26,25-34,India,"news, fitness"
54507,Male,28,25-34,Canada,gaming
54555,Male,25,25-34,France,"gaming, finance"
54618,Male,20,18-24,India,"finance, lifestyle, gaming"
54622,Female,29,25-34,Brazil,sports
54722,Male,37,35-44,United States,"fashion, food"
54782,Male,28,25-34,India,news
547c2,Male,25,25-34,United States,technology
54806,Male,30,25-34,France,fitness
54815,Male,29,25-34,Canada,"art, fashion"
54839,Female,38,35-44,United States,"travel, fitness"
5483f,Male,24,18-24,United Kingdom,"sports, technology, lifestyle"
54843,Female,20,18-24,United Kingdom,fitness
54ab0,Female,23,18-24,Australia,"photography, gaming, finance"
54aee,Male,33,25-34,Japan,health
54bcd,Other,54,45-54,India,"art, technology"
54c07,Male,20,18-24,United States,fitness
54c09,Male,19,18-24,India,"travel, gaming, art"
54c2d,Female,28,25-34,Germany,technology
54c86,Male,31,25-34,United States,"technology, fashion"
54d35,Female,18,18-24,United States,"gaming, lifestyle"
54d74,Female,26,25-34,Germany,"gaming, fitness, food"
54e1e,Male,29,25-34,Canada,health
54e9b,Female,31,25-34,India,"fitness, finance"
54f9e,Male,30,25-34,United Kingdom,"food, sports, fitness"
55051,Male,21,18-24,Japan,"health, technology"
55060,Female,39,35-44,Brazil,"food, health"
550b9,Female,32,25-34,India,"gaming, technology"
550c2,Male,20,18-24,United States,"art, gaming"
550c8,Male,33,25-34,Japan,news
550fb,Male,28,25-34,France,"news, fitness"
55199,Male,24,18-24,Australia,"travel, finance"
551ad,Other,25,25-34,India,gaming
551d6,Male,28,25-34,United States,"finance, fitness, food"
5520d,Other,22,18-24,United States,photography
55275,Other,18,18-24,United States,finance
55286,Female,53,45-54,Germany,"photography, lifestyle, food"
553b1,Male,23,18-24,Brazil,"lifestyle, health, finance"
55485,Male,20,18-24,United Kingdom,"news, gaming, lifestyle"
555dc,Male,18,18-24,Australia,"fashion, technology, sports"
555f6,Male,26,25-34,United States,"lifestyle, technology"
5562d,Male,20,18-24,United States,"fashion, finance"
55657,Female,23,18-24,India,"technology, sports, food"
556a0,Male,26,25-34,Australia,"fitness, fashion"
556b0,Male,28,25-34,Mexico,food
556c1,Male,24,18-24,Canada,"finance, technology, art"
556c8,Female,22,18-24,Canada,"fitness, food"
55830,Male,27,25-34,United States,fitness
55839,Other,33,25-34,Germany,"food, lifestyle"
5584e,Male,54,45-54,United States,"travel, photography, fitness"
558bf,Male,26,25-34,United Kingdom,"fashion, technology, news"
558d3,Female,30,25-34,United Kingdom,travel
558f2,Male,20,18-24,India,travel
559,Female,25,25-34,United Kingdom,"health, travel, sports"
55901,Female,39,35-44,Canada,technology
55918,Female,34,25-34,Germany,"fashion, gaming"
55929,Male,25,25-34,United States,"art, gaming, news"
55a93,Other,22,18-24,United States,fashion
55b1a,Male,22,18-24,United States,"news, gaming"
55c98,Other,35,35-44,Australia,"travel, fitness"
55d50,Male,34,25-34,United States,"photography, lifestyle"
55dbe,Female,35,35-44,United Kingdom,"finance, lifestyle, fashion"
55ed8,Male,19,18-24,Germany,"health, news"
55fc9,Female,23,18-24,United States,"fashion, photography, art"
560b1,Male,29,25-34,Germany,fashion
560b7,Female,17,16-17,Mexico,art
56172,Male,24,18-24,Japan,news
56205,Male,44,35-44,United Kingdom,"sports, art, travel"
56215,Male,22,18-24,Canada,"news, health"
5623c,Female,16,16-17,United States,"lifestyle, finance, technology"
56258,Male,35,35-44,United States,"photography, travel, fitness"
5628f,Male,26,25-34,United States,"news, health"
562bd,Female,30,25-34,United Kingdom,"news, finance"
563bc,Female,27,25-34,Germany,"photography, food"
564ae,Other,38,35-44,Germany,travel
564c5,Female,19,18-24,Canada,"sports, fitness, art"
565a6,Male,25,25-34,United States,"fitness, food"
566b4,Male,21,18-24,India,travel
567,Male,28,25-34,United States,gaming
56749,Other,34,25-34,Germany,"gaming, technology, sports"
5687a,Female,37,35-44,Mexico,"food, technology"
568bd,Male,25,25-34,United States,food
5693e,Male,22,18-24,United Kingdom,health
569f4,Female,32,25-34,Australia,gaming
56a15,Other,16,16-17,Germany,"art, technology"
56a20,Female,34,25-34,United Kingdom,"sports, technology, finance"
56a81,Male,24,18-24,United States,"gaming, food, art"
56ab4,Male,34,25-34,France,"health, technology, art"
56ab5,Other,20,18-24,United Kingdom,"finance, food"
56ad7,Male,24,18-24,United States,news
56af1,Male,35,35-44,Australia,"travel, sports"
56b0b,Female,25,25-34,United States,"sports, technology"
56b4e,Male,48,45-54,United States,"photography, gaming"
56b58,Female,35,35-44,United States,"gaming, sports"
56b8f,Male,33,25-34,Brazil,"art, fitness"
56b94,Male,25,25-34,Canada,"fitness, photography"
56c03,Male,25,25-34,India,"lifestyle, travel, technology"
56c1e,Male,23,18-24,United States,photography
56c2c,Female,20,18-24,Australia,"news, lifestyle, technology"
56cf5,Male,36,35-44,India,food
56cf7,Female,34,25-34,United States,"art, news, photography"
56d63,Male,24,18-24,India,"health, travel, fitness"
56dc5,Male,24,18-24,Mexico,"gaming, photography, finance"
56dd8,Male,25,25-34,Australia,photography
56dee,Male,25,25-34,Japan,"health, food, travel"
56e9d,Female,38,35-44,United States,"art, news"
56f34,Male,31,25-34,United States,fitness
56f99,Other,30,25-34,India,art
56fa5,Female,35,35-44,India,"news, art, food"
5703f,Male,20,18-24,United States,"food, fitness"
5706a,Female,30,25-34,France,"photography, health"
570cb,Female,34,25-34,United Kingdom,"technology, sports"
57130,Female,19,18-24,United States,"sports, fitness, fashion"
571d1,Male,34,25-34,Canada,fashion
5720,Female,32,25-34,Brazil,"technology, travel"
5735f,Male,38,35-44,Japan,food
57394,Female,40,35-44,United States,"health, technology"
5748f,Male,20,18-24,India,sports
57541,Female,24,18-24,Japan,news
5754b,Male,30,25-34,France,"fitness, health"
57569,Male,16,16-17,France,"news, lifestyle"
57573,Male,29,25-34,Germany,"food, health, travel"
57677,Male,28,25-34,Brazil,"finance, photography, health"
57693,Male,21,18-24,United States,"finance, news"
5771a,Other,24,18-24,United States,lifestyle
57727,Female,30,25-34,United Kingdom,news
57796,Male,22,18-24,Canada,"art, sports, food"
577ee,Male,16,16-17,France,"gaming, health"
57849,Male,25,25-34,France,art
578ff,Male,32,25-34,Brazil,photography
57926,Female,20,18-24,Brazil,news
579ac,Male,25,25-34,United States,"technology, lifestyle"
579b3,Male,28,25-34,Canada,"photography, art, sports"
57a0f,Male,28,25-34,United States,sports
57a25,Male,16,16-17,Brazil,"fitness, travel"
57a32,Male,21,18-24,United States,"lifestyle, photography"
57a48,Male,23,18-24,United States,"food, fitness, sports"
57a7e,Female,25,25-34,United States,health
57a88,Male,25,25-34,Germany,fitness
57b82,Female,31,25-34,Germany,"finance, fashion"
57bb1,Male,18,18-24,United States,"travel, lifestyle"
57cd1,Female,34,25-34,United States,photography
57d93,Male,26,25-34,Canada,travel
57da7,Male,30,25-34,Brazil,"food, fitness"
57f23,Female,20,18-24,India,travel
57f76,Male,31,25-34,United Kingdom,sports
57fa5,Male,33,25-34,United Kingdom,"art, travel"
57fb8,Male,46,45-54,United States,gaming
5803f,Male,30,25-34,United States,"technology, art, sports"
58048,Male,40,35-44,Australia,"health, gaming, news"
58138,Female,30,25-34,Germany,fitness
58174,Male,32,25-34,United Kingdom,"lifestyle, fashion, food"
581ee,Male,25,25-34,India,gaming
58211,Female,22,18-24,United States,"art, travel, gaming"
58274,Male,41,35-44,United States,"fitness, food"
583bb,Other,28,25-34,United States,"fitness, photography"
58440,Male,18,18-24,Australia,"lifestyle, health"
584a5,Male,21,18-24,Australia,"news, finance"
584b4,Male,19,18-24,United States,"gaming, lifestyle"
584fb,Other,45,45-54,Mexico,travel
5851e,Male,17,16-17,Canada,"gaming, fashion"
58532,Female,23,18-24,United States,"fashion, gaming"
58550,Male,16,16-17,United States,"health, lifestyle, fashion"
585b3,Female,36,35-44,United States,"food, fashion, fitness"
585d4,Female,31,25-34,Brazil,"technology, fitness"
58634,Male,24,18-24,United Kingdom,"sports, fashion, food"
586a0,Other,21,18-24,United States,"food, fashion"
586af,Male,17,16-17,United States,lifestyle
586f5,Female,33,25-34,France,"health, travel, finance"
58782,Male,24,18-24,Australia,"technology, finance, lifestyle"
587ab,Male,20,18-24,United Kingdom,fashion
587fb,Female,25,25-34,India,"food, photography, health"
58874,Female,28,25-34,United Kingdom,"travel, fitness, news"
5888e,Male,16,16-17,Germany,"sports, technology, health"
58891,Male,23,18-24,United States,fashion
5890a,Female,31,25-34,France,photography
5891,Female,29,25-34,India,"fitness, lifestyle, travel"
58910,Male,42,35-44,France,"lifestyle, health"
5895f,Male,29,25-34,United States,"travel, food"
589cf,Other,37,35-44,Japan,"gaming, technology, finance"
58a5e,Male,25,25-34,United States,technology
58a6c,Female,32,25-34,United Kingdom,fitness
58a95,Male,29,25-34,Australia,"travel, news, health"
58b1b,Male,16,16-17,United States,"travel, fashion"
58b30,Female,38,35-44,Brazil,"finance, fitness"
58b46,Male,28,25-34,Japan,gaming
58ccc,Male,47,45-54,Germany,"photography, art, health"
58eca,Male,16,16-17,Germany,"finance, art"
58f0d,Male,39,35-44,Mexico,"art, news, health"
58f85,Female,29,25-34,United States,photography
58f9b,Male,32,25-34,United States,technology
58faf,Male,31,25-34,United States,photography
5900c,Female,36,35-44,Brazil,"art, technology, health"
59016,Male,17,16-17,India,fashion
590df,Female,25,25-34,Brazil,fitness
59152,Male,46,45-54,United Kingdom,"photography, health, sports"
591d9,Male,32,25-34,Germany,travel
591f6,Male,26,25-34,Germany,"sports, finance"
592f4,Male,25,25-34,France,"technology, art"
59367,Male,22,18-24,United States,"food, technology"
593a9,Female,30,25-34,Brazil,"finance, fitness"
5941a,Female,27,25-34,Brazil,"gaming, art, lifestyle"
59424,Female,24,18-24,United States,"finance, travel"
59471,Female,23,18-24,Germany,"lifestyle, fitness"
595d8,Male,38,35-44,Canada,"finance, fashion, gaming"
596df,Male,27,25-34,United States,travel
59807,Male,33,25-34,France,"food, health, gaming"
59810,Male,25,25-34,Germany,"fashion, food"
5985c,Male,27,25-34,United Kingdom,gaming
5989a,Male,30,25-34,United States,fashion
598bc,Other,24,18-24,Mexico,"art, sports"
59a3d,Male,35,35-44,Japan,"gaming, fitness"
59a58,Other,24,18-24,Brazil,art
59a6d,Male,33,25-34,Germany,"news, photography, technology"
59b1a,Other,29,25-34,United Kingdom,"fitness, health, food"
59b7d,Male,45,45-54,United States,"health, technology"
59b9a,Male,24,18-24,Australia,"travel, fitness"
59bd5,Male,25,25-34,India,"sports, fashion, news"
59bf5,Other,27,25-34,Canada,"art, technology, food"
59c4c,Female,36,35-44,United States,"fitness, health"
59ca1,Male,16,16-17,Germany,fitness
59d7a,Female,30,25-34,France,"fitness, art, sports"
59d88,Male,20,18-24,Brazil,"sports, gaming"
59eac,Male,34,25-34,Mexico,"gaming, sports, health"
59f1a,Male,39,35-44,United States,photography
59f38,Male,20,18-24,United States,"lifestyle, photography, fitness"
59f56,Female,22,18-24,Germany,"technology, gaming"
59fdd,Male,25,25-34,United States,art
5a032,Male,16,16-17,Mexico,art
5a0ea,Male,22,18-24,Germany,"health, gaming, fashion"
5a101,Female,34,25-34,Japan,"finance, technology, news"
5a151,Male,32,25-34,United States,art
5a190,Female,38,35-44,Australia,fashion
5a216,Male,26,25-34,United States,"fitness, food"
5a2cd,Male,36,35-44,Mexico,"fashion, art"
5a2f6,Male,20,18-24,Canada,"technology, fitness"
5a352,Other,24,18-24,Brazil,"health, food"
5a353,Female,31,25-34,Australia,"lifestyle, fitness, gaming"
5a380,Female,63,55-65,United States,"travel, art"
5a447,Male,46,45-54,United States,"sports, gaming"
5a479,Male,23,18-24,Germany,"health, photography"
5a4ae,Other,30,25-34,Germany,"fashion, health, gaming"
5a4e0,Female,33,25-34,United States,"technology, fitness"
5a583,Male,21,18-24,Canada,"sports, news, food"
5a59e,Male,27,25-34,Mexico,technology
5a5ee,Male,23,18-24,United States,health
5a61b,Male,18,18-24,India,"health, technology, lifestyle"
5a638,Female,25,25-34,Germany,"fitness, travel"
5a65f,Female,39,35-44,United Kingdom,"gaming, finance, news"
5a689,Male,38,35-44,United States,"technology, gaming, sports"
5a69b,Male,16,16-17,United States,food
5a705,Male,44,35-44,United States,"gaming, food"
5a7c0,Male,28,25-34,United Kingdom,travel
5a848,Male,35,35-44,India,"travel, food"
5a8bf,Male,24,18-24,United States,"technology, sports, food"
5a8e5,Male,42,35-44,United States,"finance, sports, travel"
5a909,Male,23,18-24,United Kingdom,technology
5ab52,Male,28,25-34,Japan,travel
5abb2,Female,33,25-34,United Kingdom,fashion
5ac9c,Male,27,25-34,United States,news
5acb2,Female,33,25-34,Mexico,"travel, gaming"
5acdf,Female,45,45-54,India,"health, photography"
5ad51,Female,20,18-24,Japan,"art, technology"
5ad8b,Female,32,25-34,United States,health
5ae56,Other,18,18-24,United Kingdom,food
5aec0,Male,23,18-24,Canada,food
5aee5,Male,23,18-24,United States,"fashion, news"
5affb,Male,23,18-24,India,fashion
5b01e,Male,35,35-44,Australia,food
5b041,Male,21,18-24,Canada,"health, photography, lifestyle"
5b04e,Male,30,25-34,United States,"fashion, food, finance"
5b061,Male,27,25-34,Canada,"technology, fitness"
5b11f,Male,16,16-17,United States,"technology, sports"
5b174,Female,30,25-34,Canada,"fitness, photography, sports"
5b364,Male,24,18-24,Canada,"fashion, sports, health"
5b39e,Male,18,18-24,United States,"technology, news, art"
5b47d,Female,16,16-17,India,"fashion, finance, art"
5b4b1,Male,27,25-34,Germany,"news, fashion, travel"
5b4cf,Female,16,16-17,United States,"lifestyle, travel"
5b5ca,Female,20,18-24,Brazil,travel
5b6a8,Female,27,25-34,United States,"travel, art, lifestyle"
5b6b0,Female,27,25-34,United States,"health, sports, technology"
5b77a,Male,34,25-34,Japan,fashion
5b77e,Other,22,18-24,India,"news, health"
5b7e9,Male,28,25-34,India,"gaming, health"
5b801,Female,17,16-17,United States,"travel, news, sports"
5b868,Male,20,18-24,United States,"fashion, sports, travel"
5b8ca,Male,35,35-44,Canada,"health, gaming, technology"
5b9e4,Male,29,25-34,India,"lifestyle, fitness, food"
5ba64,Female,24,18-24,Brazil,finance
5bb58,Male,51,45-54,India,"food, fitness, finance"
5bbca,Male,29,25-34,United States,"sports, technology"
5bc4f,Female,24,18-24,United States,"food, fitness, lifestyle"
5bc57,Female,16,16-17,India,"food, finance, lifestyle"
5bcf8,Male,19,18-24,United States,technology
5bd71,Other,22,18-24,Australia,"news, lifestyle, fitness"
5bdc5,Male,59,55-65,United States,photography
5bdf4,Male,36,35-44,United States,"news, sports"
5bed5,Male,22,18-24,United States,finance
5bf8c,Other,20,18-24,India,"food, finance, sports"
5c072,Other,27,25-34,Germany,news
5c171,Male,48,45-54,United States,lifestyle
5c1cc,Male,29,25-34,Canada,"news, fashion, finance"
5c209,Male,34,25-34,India,food
5c221,Male,30,25-34,United States,"fashion, fitness, photography"
5c28c,Male,49,45-54,Mexico,"news, finance"
5c3d3,Male,27,25-34,United States,"art, finance, gaming"
5c415,Female,23,18-24,India,finance
5c418,Female,29,25-34,United Kingdom,"travel, lifestyle"
5c4b3,Female,23,18-24,United Kingdom,"sports, health"
5c4d0,Male,16,16-17,Mexico,sports
5c560,Male,36,35-44,Australia,"fitness, art"
5c67c,Male,33,25-34,Australia,"food, news, photography"
5c6d9,Female,29,25-34,United States,"art, sports, health"
5c7c3,Male,32,25-34,Germany,"health, photography, art"
5c7e8,Male,33,25-34,Canada,"news, photography, fitness"
5c86e,Male,31,25-34,United States,"technology, fitness, art"
5c8c0,Other,23,18-24,United States,gaming
5ca33,Female,26,25-34,Japan,"fashion, finance, sports"
5ca6a,Female,27,25-34,United Kingdom,"sports, technology, lifestyle"
5caec,Male,19,18-24,India,"fashion, fitness"
5caf2,Male,24,18-24,United States,"fitness, technology"
5cb01,Male,18,18-24,India,health
5cc30,Female,59,55-65,United Kingdom,"food, photography, fashion"
5ccd2,Male,23,18-24,India,travel
5ccf0,Female,44,35-44,United Kingdom,"art, lifestyle"
5cd5f,Female,23,18-24,Canada,"fashion, food, travel"
5cd8b,Male,25,25-34,United Kingdom,sports
5cda4,Male,18,18-24,Canada,lifestyle
5ce1a,Female,33,25-34,India,"health, lifestyle, gaming"
5ce65,Female,27,25-34,United States,"health, photography"
5cea5,Female,21,18-24,United Kingdom,"health, finance, news"
5d03e,Female,30,25-34,Germany,"food, fashion, lifestyle"
5d077,Male,36,35-44,Germany,technology
5d0c8,Male,24,18-24,India,"art, sports, news"
5d138,Male,28,25-34,Mexico,art
5d16d,Male,16,16-17,United States,"technology, gaming"
5d1da,Male,39,35-44,United Kingdom,fitness
5d231,Female,31,25-34,United States,"gaming, art"
5d28a,Male,30,25-34,France,photography
5d2e5,Female,23,18-24,India,lifestyle
5d35a,Female,26,25-34,United States,"gaming, travel"
5d3bc,Male,27,25-34,Germany,finance
5d3e3,Other,18,18-24,Australia,photography
5d3fa,Female,17,16-17,United Kingdom,"lifestyle, finance, art"
5d617,Male,39,35-44,United States,technology
5d644,Female,24,18-24,Australia,"fashion, photography, technology"
5d663,Male,27,25-34,United Kingdom,"fashion, gaming"
5d75e,Male,28,25-34,India,"fitness, health, photography"
5d76a,Male,21,18-24,Canada,"technology, food"
5d7a9,Male,22,18-24,India,"sports, photography"
5d7d8,Male,29,25-34,United Kingdom,food
5d87b,Male,26,25-34,United States,health
5d93c,Male,25,25-34,United States,"fashion, sports, technology"
5d969,Male,16,16-17,United States,"lifestyle, sports"
5d974,Male,26,25-34,United States,news
5db5d,Male,32,25-34,Canada,"finance, gaming"
5dbaa,Female,31,25-34,Germany,fitness
5dc56,Male,16,16-17,Germany,"health, photography"
5dd3d,Female,22,18-24,India,"news, fashion"
5dd43,Male,29,25-34,United States,"news, health"
5dda4,Female,18,18-24,United Kingdom,"sports, fitness"
5de70,Male,26,25-34,United States,lifestyle
5de81,Male,27,25-34,Germany,finance
5dea4,Male,25,25-34,United States,"art, fitness"
5df1b,Female,27,25-34,United Kingdom,"health, fitness"
5df33,Female,31,25-34,France,"health, sports"
5e1a2,Male,27,25-34,France,travel
5e2c3,Female,19,18-24,United States,travel
5e325,Male,23,18-24,Mexico,"art, fitness, gaming"
5e43f,Male,19,18-24,United Kingdom,"finance, news, health"
5e49d,Male,28,25-34,India,health
5e4db,Other,22,18-24,United Kingdom,health
5e515,Male,22,18-24,United Kingdom,sports
5e552,Female,21,18-24,United States,"travel, lifestyle, finance"
5e604,Female,17,16-17,United States,"technology, art, gaming"
5e63c,Male,27,25-34,United States,health
5e657,Male,35,35-44,United Kingdom,"health, fitness, fashion"
5e65d,Male,24,18-24,Mexico,"technology, finance"
5e6a8,Other,38,35-44,Canada,"finance, fashion"
5e7ca,Male,35,35-44,Australia,"travel, photography"
5e7cd,Male,19,18-24,Germany,"finance, lifestyle, sports"
5e851,Female,29,25-34,United Kingdom,"food, photography, gaming"
5e891,Female,24,18-24,United States,"lifestyle, technology, travel"
5e909,Male,24,18-24,Australia,"fitness, finance"
5e94f,Male,41,35-44,Australia,"finance, photography, gaming"
5e9f5,Other,29,25-34,United Kingdom,fashion
5ea83,Female,16,16-17,Canada,"fitness, finance, news"
5eb27,Other,35,35-44,Australia,"fitness, travel, sports"
5eb3e,Female,32,25-34,Mexico,"news, sports"
5eb96,Male,34,25-34,Germany,fashion
5ec4a,Male,37,35-44,Canada,gaming
5ec74,Male,34,25-34,United States,"food, gaming, art"
5ecac,Other,21,18-24,Mexico,sports
5ed55,Male,19,18-24,Australia,"finance, technology"
5ed5c,Female,21,18-24,United States,"photography, gaming, health"
5ed84,Other,20,18-24,United States,"food, fashion"
5edb9,Male,45,45-54,United States,"food, health"
5ede3,Female,38,35-44,United Kingdom,health
5ee03,Male,20,18-24,Germany,gaming
5ee06,Other,25,25-34,India,finance
5ee19,Male,26,25-34,United States,news
5ee68,Male,28,25-34,Brazil,"art, photography"
5eeae,Male,25,25-34,United States,sports
5eeb3,Female,29,25-34,Brazil,food
5ef8f,Male,31,25-34,United States,"sports, news"
5f0e8,Female,34,25-34,United Kingdom,"lifestyle, fashion"
5f19f,Female,27,25-34,United States,lifestyle
5f1c5,Male,19,18-24,India,"travel, finance"
5f222,Male,38,35-44,United States,"food, fashion, news"
5f22f,Male,37,35-44,United Kingdom,"health, fashion, fitness"
5f239,Female,22,18-24,Germany,art
5f240,Female,41,35-44,Canada,lifestyle
5f24e,Female,20,18-24,Brazil,food
5f27a,Female,30,25-34,Germany,"art, fashion, lifestyle"
5f284,Male,21,18-24,India,"art, lifestyle, fitness"
5f2a1,Male,29,25-34,United Kingdom,travel
5f319,Male,37,35-44,Mexico,"sports, technology, health"
5f35b,Other,20,18-24,Australia,"news, lifestyle"
5f396,Male,20,18-24,United States,"lifestyle, art, sports"
5f405,Male,65,55-65,Canada,"lifestyle, health, photography"
5f418,Male,40,35-44,India,"fitness, fashion"
5f4c2,Female,29,25-34,Mexico,"photography, lifestyle"
5f4da,Female,37,35-44,Brazil,travel
5f570,Other,22,18-24,United States,"lifestyle, technology"
5f666,Male,24,18-24,United States,fitness
5f6e9,Male,23,18-24,United Kingdom,"technology, art, gaming"
5f726,Male,16,16-17,United States,"technology, lifestyle, news"
5f72c,Female,33,25-34,United States,"food, lifestyle"
5f787,Male,19,18-24,Japan,"art, lifestyle, gaming"
5f854,Female,25,25-34,United States,sports
5f8ac,Female,38,35-44,United Kingdom,"health, gaming"
5f8d4,Male,31,25-34,United States,"food, gaming"
5f8e8,Female,45,45-54,United States,"art, technology"
5fa16,Male,32,25-34,United Kingdom,"art, fashion"
5facd,Female,20,18-24,Germany,"news, food"
5fb18,Male,36,35-44,United States,"fitness, sports"
5fb8e,Female,22,18-24,United Kingdom,"photography, lifestyle"
5fba5,Male,25,25-34,United States,"photography, travel"
5fbac,Male,34,25-34,United States,"news, sports, finance"
5fbb6,Male,39,35-44,United States,"gaming, food, fitness"
5fbcc,Other,32,25-34,Brazil,"health, travel"
5fc7d,Male,42,35-44,Canada,news
5fd5d,Male,36,35-44,United States,art
5fe31,Male,29,25-34,United States,"finance, health, fitness"
5fe90,Male,30,25-34,United States,"health, gaming"
5fea0,Other,50,45-54,United States,"food, gaming, fashion"
5ff15,Male,31,25-34,India,lifestyle
5ff27,Female,44,35-44,United States,health
5ff6e,Other,23,18-24,Canada,"fashion, gaming"
5ff96,Male,18,18-24,Germany,"lifestyle, photography, travel"
5ffbf,Male,16,16-17,Brazil,technology
5fffa,Male,39,35-44,United Kingdom,news
6.00E+06,Male,20,18-24,Japan,"art, travel"
6.00E+09,Female,26,25-34,India,"health, technology, gaming"
6.00E+208,Female,22,18-24,Brazil,art
6.00E+237,Female,41,35-44,United States,travel
6.00E+52,Male,28,25-34,Australia,"fashion, lifestyle"
6.00E+70,Male,22,18-24,Brazil,"fashion, technology, lifestyle"
6.05E+05,Female,21,18-24,United Kingdom,"finance, art"
6.10E+53,Male,26,25-34,United Kingdom,art
6.12E+02,Female,32,25-34,United Kingdom,food
6.20E+09,Female,17,16-17,United States,"technology, lifestyle"
6.21E+10,Female,19,18-24,Germany,"gaming, food, fashion"
6.29E+10,Female,22,18-24,Brazil,"food, health, gaming"
6.30E+48,Other,16,16-17,United States,"technology, travel, art"
6.37E+10,Female,26,25-34,India,"sports, news, travel"
6.43E+10,Female,33,25-34,United States,technology
6.50E+32,Male,24,18-24,Canada,"travel, art, food"
6.56E+09,Other,18,18-24,Australia,"travel, photography, news"
6.60E+79,Male,25,25-34,Canada,fashion
6.60E+85,Male,18,18-24,Canada,technology
6.70E+09,Female,25,25-34,India,"fashion, food, finance"
6.70E+50,Male,25,25-34,Australia,"sports, gaming, fashion"
6.71E+10,Male,16,16-17,Brazil,"technology, travel"
6.80E+47,Male,20,18-24,France,"travel, photography, health"
6.81E+03,Male,20,18-24,Canada,"fashion, gaming"
6.86E+02,Male,32,25-34,India,"technology, sports"
6.86E+05,Male,22,18-24,United States,"fashion, art"
6006d,Female,19,18-24,France,art
600aa,Male,21,18-24,United Kingdom,art
600ae,Female,16,16-17,Mexico,"finance, news"
600c8,Other,28,25-34,United States,"fitness, health"
600d3,Female,23,18-24,Mexico,"technology, lifestyle"
6017c,Female,20,18-24,United Kingdom,"finance, news"
601d2,Other,28,25-34,Japan,"gaming, photography, lifestyle"
60219,Other,27,25-34,United States,"lifestyle, gaming, sports"
6024d,Male,31,25-34,United States,fashion
60297,Male,37,35-44,United States,"gaming, photography, travel"
602ef,Male,26,25-34,Germany,travel
602f3,Male,48,45-54,Canada,"finance, gaming, health"
6033a,Female,31,25-34,India,"technology, finance"
60358,Male,18,18-24,United Kingdom,finance
6041f,Female,37,35-44,United States,lifestyle
604b7,Male,28,25-34,United Kingdom,"fashion, photography, news"
60575,Male,22,18-24,Canada,"news, fitness, technology"
60664,Other,31,25-34,Australia,"finance, travel, fashion"
60693,Male,16,16-17,India,"travel, art, food"
607b3,Male,33,25-34,Japan,sports
607df,Female,31,25-34,India,"finance, news, fitness"
6080,Female,16,16-17,Australia,"health, food"
60812,Male,30,25-34,United States,"sports, fitness, finance"
6081c,Male,38,35-44,Australia,fitness
6083e,Male,21,18-24,Japan,news
60856,Other,30,25-34,Australia,"lifestyle, news, fashion"
6090,Male,23,18-24,Germany,"finance, fashion"
60925,Female,38,35-44,Brazil,"art, travel, photography"
60956,Male,36,35-44,Australia,"technology, sports"
60a44,Other,27,25-34,Germany,"lifestyle, fitness"
60a52,Other,40,35-44,United States,gaming
60b01,Male,20,18-24,France,technology
60b0c,Female,18,18-24,United States,"finance, travel, art"
60b2c,Male,34,25-34,United States,"photography, fashion, news"
60bdf,Female,24,18-24,United Kingdom,"lifestyle, art, gaming"
60c6c,Male,24,18-24,Germany,"health, sports, art"
60c74,Male,40,35-44,Germany,"finance, art"
60c86,Male,31,25-34,United Kingdom,news
60cc6,Other,65,55-65,Germany,"photography, technology"
60f40,Male,25,25-34,United Kingdom,"fashion, photography, technology"
61011,Female,23,18-24,United States,fitness
6102b,Female,32,25-34,Australia,"fashion, fitness"
61037,Female,31,25-34,United Kingdom,food
6120f,Other,41,35-44,Japan,art
6127a,Male,24,18-24,Germany,"food, lifestyle"
612dc,Female,31,25-34,India,"lifestyle, gaming"
61325,Female,34,25-34,United States,"travel, sports, art"
613aa,Male,24,18-24,Canada,"gaming, health, photography"
614dd,Female,17,16-17,United Kingdom,"art, photography, health"
6155f,Female,23,18-24,Japan,finance
61576,Female,21,18-24,United States,"fitness, fashion, gaming"
615de,Other,16,16-17,United States,travel
6172a,Female,52,45-54,Canada,"technology, art, news"
61799,Male,51,45-54,United States,"lifestyle, fitness, fashion"
6179e,Other,50,45-54,Canada,"sports, technology"
6187e,Male,52,45-54,United States,"travel, finance, news"
61885,Male,25,25-34,Germany,"photography, fitness"
61903,Male,19,18-24,Canada,"health, lifestyle"
6192d,Male,20,18-24,United States,"photography, fitness"
61954,Male,16,16-17,Brazil,"news, fitness"
61966,Male,35,35-44,United States,technology
619d3,Male,20,18-24,Brazil,"fitness, news"
61a03,Male,32,25-34,Brazil,"art, food, fitness"
61a29,Female,37,35-44,United Kingdom,art
61a80,Other,33,25-34,United States,"travel, photography, food"
61b03,Female,26,25-34,United States,"fitness, food"
61c2e,Male,30,25-34,Canada,"photography, technology"
61c72,Other,34,25-34,Canada,lifestyle
61ca1,Male,33,25-34,Canada,"lifestyle, gaming"
61e1d,Male,38,35-44,Australia,"news, fitness, finance"
61e5f,Male,21,18-24,United States,art
61fbe,Female,32,25-34,Canada,fitness
62,Female,16,16-17,France,"photography, art, food"
6209c,Male,34,25-34,Germany,food
620a2,Male,16,16-17,Germany,technology
620a7,Other,34,25-34,Canada,"news, technology"
620b5,Male,28,25-34,India,fashion
62111,Male,35,35-44,United States,"food, news, photography"
6212,Male,16,16-17,Germany,"health, sports"
62211,Female,26,25-34,United Kingdom,"finance, food, fitness"
6228f,Male,22,18-24,United States,"travel, lifestyle, fitness"
6231f,Female,29,25-34,India,"finance, travel, gaming"
623f5,Male,25,25-34,United States,food
62469,Male,35,35-44,Germany,"art, lifestyle"
62475,Female,21,18-24,United Kingdom,"food, lifestyle, health"
6256e,Male,25,25-34,India,"health, gaming, finance"
62598,Female,18,18-24,Canada,health
625a7,Male,22,18-24,United States,health
62675,Female,27,25-34,United States,health
62709,Female,28,25-34,United States,"fashion, art, sports"
62728,Male,25,25-34,United States,art
627b3,Female,42,35-44,United States,fitness
627fc,Male,17,16-17,United States,"sports, news"
627fd,Male,16,16-17,United States,"fitness, travel, food"
6283b,Male,32,25-34,United Kingdom,"photography, technology, sports"
628d4,Male,26,25-34,India,technology
6290,Male,22,18-24,United States,"art, gaming"
6295a,Female,23,18-24,United States,"fitness, finance, news"
629bd,Female,18,18-24,Australia,"travel, art"
629d7,Female,22,18-24,United States,"fashion, gaming"
629df,Male,19,18-24,United States,"travel, news, finance"
62aa1,Male,27,25-34,Japan,"finance, news, food"
62b3e,Other,24,18-24,United Kingdom,lifestyle
62bf8,Male,24,18-24,United Kingdom,"photography, gaming"
62c7a,Male,38,35-44,Canada,"health, lifestyle, photography"
62ff4,Male,38,35-44,United States,health
63030,Male,23,18-24,United States,fitness
63057,Male,21,18-24,United States,food
6318e,Male,16,16-17,United States,sports
63231,Female,16,16-17,India,technology
632ab,Male,29,25-34,United Kingdom,"health, lifestyle"
632c6,Female,26,25-34,United States,"finance, gaming"
632da,Female,28,25-34,Australia,"technology, health"
633c9,Female,24,18-24,United States,"gaming, lifestyle, travel"
63429,Male,23,18-24,France,"photography, fashion, travel"
63487,Female,39,35-44,United Kingdom,"lifestyle, fitness, fashion"
634ed,Female,33,25-34,United States,"technology, fitness, news"
634f9,Female,35,35-44,Mexico,"food, travel"
63518,Other,20,18-24,United States,"finance, travel"
6362,Female,33,25-34,Australia,"travel, sports"
63627,Female,17,16-17,Brazil,gaming
63640,Other,34,25-34,Germany,finance
636d6,Male,19,18-24,United Kingdom,"technology, fashion"
6376b,Male,36,35-44,Brazil,art
637d9,Male,27,25-34,United States,"technology, lifestyle, finance"
638d4,Male,65,55-65,United Kingdom,travel
638f3,Male,32,25-34,Australia,"lifestyle, finance, travel"
6399a,Female,33,25-34,Australia,art
63aef,Other,28,25-34,United Kingdom,"photography, lifestyle"
63bcb,Female,21,18-24,United States,"travel, gaming, fashion"
63c1f,Female,45,45-54,United States,"travel, lifestyle"
63ccd,Male,25,25-34,United States,"gaming, fitness, technology"
63d06,Male,20,18-24,United States,"health, sports"
63da8,Male,33,25-34,United States,"fitness, news"
63dc3,Female,26,25-34,United States,"lifestyle, sports, technology"
63e5e,Female,26,25-34,Germany,"sports, food"
63f0d,Other,34,25-34,United Kingdom,"technology, finance, lifestyle"
63f2e,Male,43,35-44,Germany,"health, finance, lifestyle"
63fed,Male,23,18-24,United Kingdom,"news, technology, gaming"
6425e,Female,34,25-34,United Kingdom,"health, fashion, fitness"
64397,Female,22,18-24,Canada,"fashion, photography, gaming"
643ce,Female,20,18-24,Australia,technology
64419,Other,26,25-34,Australia,"gaming, art, health"
64457,Male,21,18-24,United Kingdom,travel
6447,Male,26,25-34,India,"lifestyle, sports, fitness"
644f3,Male,20,18-24,United States,"fashion, technology"
64589,Male,24,18-24,Mexico,sports
64661,Female,49,45-54,United States,"food, technology, photography"
64674,Female,39,35-44,Brazil,"fashion, fitness"
6471,Female,41,35-44,Canada,"health, lifestyle"
6477,Female,17,16-17,United Kingdom,fashion
648b1,Male,30,25-34,Brazil,"finance, food, fitness"
6491b,Male,34,25-34,United Kingdom,"art, news"
6494d,Male,36,35-44,Germany,"sports, fashion"
64a04,Male,32,25-34,Canada,"news, gaming, food"
64a78,Male,26,25-34,United States,health
64a7b,Male,38,35-44,Germany,"travel, technology"
64b86,Female,27,25-34,Japan,"travel, news"
64e1b,Male,46,45-54,United States,"sports, gaming"
64e9e,Other,28,25-34,United States,"fashion, health"
64f3b,Male,22,18-24,United States,fashion
64f8a,Male,40,35-44,Germany,"gaming, fitness, art"
64fcc,Male,39,35-44,France,"food, news, fashion"
64fce,Male,16,16-17,United Kingdom,"photography, lifestyle, gaming"
65012,Female,45,45-54,Canada,"fitness, technology, art"
6503,Other,35,35-44,United States,"travel, fitness"
65046,Male,20,18-24,Germany,"art, health"
6506a,Other,28,25-34,India,gaming
65124,Female,27,25-34,United States,"health, photography"
65125,Male,20,18-24,United States,"fitness, finance"
65168,Male,19,18-24,India,"fashion, photography"
65254,Male,36,35-44,United Kingdom,"lifestyle, art"
6527c,Female,27,25-34,Canada,"gaming, travel"
6530e,Male,16,16-17,Mexico,"photography, art, fitness"
6534d,Other,37,35-44,United States,"food, technology"
6540f,Male,52,45-54,United States,"fashion, food"
6541f,Female,38,35-44,United States,news
654d6,Female,28,25-34,India,"lifestyle, food"
65524,Male,30,25-34,Canada,"finance, lifestyle, technology"
6558e,Male,24,18-24,Germany,"fitness, fashion, food"
6560,Male,20,18-24,United States,"technology, lifestyle, fashion"
6560a,Male,22,18-24,Canada,"art, lifestyle"
6570f,Female,25,25-34,United States,technology
65728,Male,16,16-17,United Kingdom,"photography, gaming, fitness"
6574e,Other,32,25-34,India,"fashion, news"
65769,Female,26,25-34,Brazil,"lifestyle, gaming, food"
65a1d,Female,37,35-44,France,health
65a20,Male,21,18-24,India,technology
65a2f,Male,39,35-44,United States,"health, travel, sports"
65a55,Female,34,25-34,Canada,fitness
65a89,Male,32,25-34,United States,"news, fashion"
65aac,Male,25,25-34,United States,"art, lifestyle, sports"
65aed,Male,29,25-34,United Kingdom,"news, sports"
65b03,Female,30,25-34,Germany,"lifestyle, food"
65b08,Other,36,35-44,United States,sports
65b55,Male,36,35-44,United States,"fitness, fashion, photography"
65b95,Male,29,25-34,United States,"travel, health, gaming"
65bf9,Male,16,16-17,United States,"news, finance, photography"
65ce7,Female,25,25-34,United States,news
65dda,Male,27,25-34,United Kingdom,food
65e0a,Male,50,45-54,Australia,food
65e5e,Male,16,16-17,United States,"gaming, fashion"
65e7a,Female,23,18-24,Canada,news
65ec8,Other,16,16-17,United States,art
65ecb,Male,21,18-24,United Kingdom,technology
65efa,Other,34,25-34,United States,"photography, sports, fitness"
65f3c,Female,16,16-17,United Kingdom,"art, photography"
65fb9,Other,28,25-34,United States,"travel, photography, art"
65fee,Male,17,16-17,Mexico,"finance, gaming"
6600a,Male,21,18-24,United States,"sports, food"
66013,Male,34,25-34,United States,"art, lifestyle, travel"
6601f,Male,16,16-17,United Kingdom,finance
66169,Male,61,55-65,Germany,lifestyle
66179,Male,25,25-34,Germany,"fashion, news"
6618,Male,28,25-34,United States,"news, finance, lifestyle"
66221,Male,36,35-44,Germany,"food, finance"
66255,Female,32,25-34,United Kingdom,"finance, art"
6627,Female,32,25-34,Canada,"food, fashion, gaming"
6654c,Female,25,25-34,India,"photography, technology"
6659b,Male,59,55-65,United States,"technology, lifestyle"
6666e,Male,42,35-44,Australia,"fashion, travel"
66762,Male,16,16-17,United States,gaming
6679,Male,41,35-44,Australia,sports
6689b,Female,49,45-54,India,"photography, finance"
66a4f,Male,16,16-17,Australia,"gaming, technology, travel"
66a64,Female,29,25-34,United Kingdom,art
66ad1,Male,38,35-44,United States,"news, health, photography"
66b97,Male,30,25-34,United States,"travel, food"
66bba,Female,25,25-34,France,fashion
66bca,Female,22,18-24,Japan,"fashion, gaming, travel"
66bd2,Female,48,45-54,Japan,"fitness, finance"
66c22,Other,42,35-44,India,"food, finance, health"
66c27,Male,35,35-44,United States,art
66cfc,Male,38,35-44,United States,"fashion, art"
66d2f,Other,24,18-24,United States,food
66dc0,Male,25,25-34,Japan,"sports, food, news"
66eaf,Male,26,25-34,Canada,"technology, fitness"
66f5e,Female,22,18-24,United Kingdom,"fitness, health, lifestyle"
66fa8,Other,25,25-34,Japan,"technology, travel"
66fd8,Male,26,25-34,United States,travel
66fed,Male,31,25-34,Australia,fashion
67,Male,38,35-44,United States,"travel, gaming, art"
67016,Male,23,18-24,India,"fitness, travel, technology"
6706,Male,30,25-34,United States,"fitness, art"
6706b,Male,24,18-24,United Kingdom,"gaming, art, fitness"
6708e,Male,27,25-34,Germany,"sports, food, fashion"
670d2,Male,63,55-65,United States,gaming
67181,Other,35,35-44,Australia,"health, fashion, sports"
671cd,Male,38,35-44,United States,"finance, food"
6724c,Male,20,18-24,Brazil,"fashion, food"
6726,Male,32,25-34,Germany,"gaming, sports, travel"
672b4,Male,19,18-24,India,"art, technology, health"
6738f,Other,44,35-44,Canada,"health, technology"
6744f,Male,29,25-34,Brazil,"lifestyle, travel"
67468,Male,26,25-34,United States,finance
6747,Female,20,18-24,Mexico,"travel, gaming, finance"
674af,Male,18,18-24,Germany,photography
6756e,Female,30,25-34,Canada,"lifestyle, news"
6763,Female,34,25-34,Canada,"fashion, lifestyle, finance"
67650,Other,28,25-34,Canada,technology
676ff,Male,32,25-34,India,food
67735,Female,27,25-34,Australia,"sports, gaming, technology"
67757,Male,20,18-24,Brazil,"lifestyle, fashion"
67829,Female,21,18-24,Japan,food
67830,Male,32,25-34,United Kingdom,"travel, fashion"
678ba,Male,23,18-24,Mexico,travel
67950,Female,35,35-44,Brazil,"lifestyle, art"
67962,Female,16,16-17,France,art
679b8,Male,19,18-24,United States,"technology, gaming, travel"
679c2,Female,35,35-44,Canada,"health, fashion"
67a6a,Male,20,18-24,United States,"sports, fashion, photography"
67b15,Male,28,25-34,Canada,"photography, travel"
67b2c,Female,20,18-24,Mexico,"health, photography, lifestyle"
67b50,Other,25,25-34,United States,"art, sports"
67bb9,Female,23,18-24,France,news
67bc9,Female,44,35-44,France,fashion
67c1a,Male,43,35-44,United States,"fitness, gaming, fashion"
67ca9,Male,41,35-44,Japan,"fitness, sports"
67d00,Female,20,18-24,Canada,"news, sports, gaming"
67d76,Female,30,25-34,Canada,lifestyle
67d8a,Male,17,16-17,Germany,"food, sports, technology"
67dc4,Female,34,25-34,United Kingdom,"health, news, technology"
67dd9,Female,16,16-17,United States,"fashion, technology, fitness"
67e9b,Female,24,18-24,Germany,"travel, technology, fitness"
67f2d,Male,28,25-34,United States,"fashion, gaming, technology"
67f69,Male,40,35-44,Canada,"fashion, health, finance"
67feb,Male,22,18-24,United States,finance
68007,Male,23,18-24,United Kingdom,fashion
68055,Male,16,16-17,Australia,finance
68123,Male,29,25-34,United States,"food, photography, art"
681d1,Female,20,18-24,Mexico,"health, lifestyle, art"
6821c,Female,21,18-24,Germany,"photography, food"
682b4,Male,37,35-44,United States,"finance, fitness, travel"
6834,Male,27,25-34,France,travel
68369,Female,22,18-24,Brazil,"gaming, art"
684a3,Male,20,18-24,United States,health
6854f,Female,40,35-44,United States,"health, travel, food"
685ce,Male,26,25-34,Japan,fashion
68684,Female,22,18-24,India,"fitness, photography, news"
686ae,Male,31,25-34,Germany,food
6874a,Female,18,18-24,United States,gaming
68794,Other,21,18-24,Brazil,fitness
687b0,Female,28,25-34,Japan,"news, health"
687c7,Female,36,35-44,Canada,"food, news"
687d1,Female,33,25-34,France,"photography, food, lifestyle"
6883,Male,23,18-24,Canada,"news, fashion, health"
68859,Female,38,35-44,United States,"photography, travel"
6885d,Female,19,18-24,United States,fashion
689c1,Male,24,18-24,Australia,travel
689db,Male,39,35-44,United States,sports
68a1d,Other,26,25-34,United States,lifestyle
68abd,Male,35,35-44,Germany,"technology, sports"
68b71,Female,25,25-34,Mexico,finance
68b82,Male,24,18-24,Mexico,finance
68c21,Female,23,18-24,United States,"fashion, photography, sports"
68d36,Other,39,35-44,Canada,"fashion, sports, photography"
68ec4,Male,35,35-44,United Kingdom,"lifestyle, news, sports"
68eec,Male,27,25-34,Mexico,"lifestyle, sports"
68f1a,Male,58,55-65,United Kingdom,"finance, lifestyle"
68f32,Female,26,25-34,United States,"fitness, health"
68f7b,Male,17,16-17,United States,"lifestyle, sports, technology"
68fae,Male,19,18-24,Canada,"sports, photography"
68fe2,Other,22,18-24,United States,"fashion, news"
69029,Female,22,18-24,Germany,"art, fashion, food"
69135,Female,16,16-17,United States,gaming
69143,Male,32,25-34,United States,"travel, gaming"
6917,Male,19,18-24,United Kingdom,travel
691ef,Male,25,25-34,India,photography
692b3,Female,33,25-34,United States,"lifestyle, sports, gaming"
693aa,Female,25,25-34,United States,"gaming, technology"
69400,Male,29,25-34,United States,"food, sports"
69463,Male,21,18-24,Japan,"health, news"
69466,Female,26,25-34,Germany,"art, sports"
694f5,Male,35,35-44,United Kingdom,technology
69509,Other,20,18-24,United States,fitness
6950c,Female,35,35-44,United Kingdom,"travel, finance"
6958f,Male,28,25-34,India,"news, photography, art"
695c6,Female,28,25-34,Germany,"gaming, finance, news"
695cf,Female,19,18-24,Brazil,photography
696c7,Male,26,25-34,India,"technology, art, health"
69719,Other,30,25-34,United States,"sports, news, photography"
69741,Female,20,18-24,India,"technology, lifestyle"
69788,Male,37,35-44,Australia,"health, food"
698c8,Male,38,35-44,Japan,health
69962,Male,25,25-34,Japan,"fitness, technology, gaming"
69995,Male,16,16-17,Mexico,food
699a5,Female,30,25-34,United Kingdom,food
699ce,Male,26,25-34,India,"travel, finance"
69a93,Female,29,25-34,Brazil,technology
69ad8,Male,24,18-24,United Kingdom,"technology, fashion"
69afa,Male,28,25-34,United Kingdom,"health, travel, news"
69c09,Female,21,18-24,Canada,"health, news, finance"
69cd4,Female,18,18-24,United States,"news, fashion, gaming"
69cdb,Female,23,18-24,Germany,"travel, finance"
69d38,Male,19,18-24,Canada,"news, photography"
69dbf,Female,38,35-44,Japan,news
69f63,Female,33,25-34,United States,"photography, technology, lifestyle"
69fe3,Male,42,35-44,Germany,"news, lifestyle, finance"
6a077,Male,32,25-34,United States,"fashion, art"
6a11f,Male,26,25-34,India,"technology, news"
6a1a7,Female,32,25-34,Canada,photography
6a20d,Male,37,35-44,India,"travel, photography"
6a3fd,Other,29,25-34,United States,finance
6a4bd,Male,46,45-54,India,"food, lifestyle, news"
6a4c8,Female,16,16-17,United States,"art, gaming"
6a4fe,Female,23,18-24,United States,"art, lifestyle, fashion"
6a513,Male,42,35-44,Canada,"health, photography"
6a60d,Female,20,18-24,Japan,"finance, fitness"
6a612,Male,37,35-44,United States,"food, fashion, news"
6a650,Other,33,25-34,Australia,news
6a6fd,Female,25,25-34,Germany,"fashion, sports"
6a79a,Female,40,35-44,United States,"health, fitness"
6a806,Male,16,16-17,Mexico,photography
6a8d3,Female,17,16-17,France,"sports, travel, fashion"
6a8de,Male,37,35-44,Brazil,travel
6a921,Male,33,25-34,Germany,"photography, finance"
6a960,Female,23,18-24,United States,"fashion, gaming"
6a982,Other,26,25-34,Canada,"art, news, health"
6aafc,Male,37,35-44,United Kingdom,"technology, gaming"
6ab90,Male,20,18-24,Australia,"gaming, technology"
6ac59,Female,28,25-34,Japan,travel
6ad17,Female,33,25-34,United States,"news, gaming"
6ae65,Male,35,35-44,United Kingdom,sports
6ae90,Female,34,25-34,United States,"art, gaming"
6aeff,Male,32,25-34,Brazil,"travel, photography, sports"
6af5a,Other,17,16-17,Japan,travel
6afbf,Male,35,35-44,Canada,fashion
6aff1,Female,18,18-24,France,"finance, technology"
6b02a,Female,17,16-17,Australia,"fitness, lifestyle, sports"
6b034,Male,35,35-44,United States,fashion
6b0c6,Other,45,45-54,Mexico,"lifestyle, gaming"
6b1d3,Male,30,25-34,United Kingdom,"gaming, finance"
6b226,Female,19,18-24,United Kingdom,food
6b2ab,Male,21,18-24,India,travel
6b337,Male,38,35-44,Germany,"lifestyle, news"
6b3cd,Male,31,25-34,United States,travel
6b4a5,Male,21,18-24,United States,"gaming, finance, technology"
6b4a7,Male,31,25-34,United Kingdom,"art, sports"
6b4fd,Male,39,35-44,Canada,"food, health, art"
6b598,Male,44,35-44,Australia,news
6b6f6,Male,31,25-34,United States,"lifestyle, gaming"
6b721,Male,30,25-34,United Kingdom,"fitness, lifestyle"
6b772,Female,39,35-44,United States,health
6b773,Male,20,18-24,United States,gaming
6b844,Male,17,16-17,United States,"news, technology"
6b904,Female,33,25-34,India,"finance, lifestyle, travel"
6b997,Male,33,25-34,Germany,"photography, finance, health"
6b99b,Other,28,25-34,United States,"art, health, finance"
6baea,Male,28,25-34,United States,"photography, health"
6bb4e,Female,29,25-34,France,"finance, technology, food"
6bb90,Female,24,18-24,United States,art
6bbf4,Male,25,25-34,United Kingdom,"fitness, travel"
6bccc,Female,29,25-34,United States,"fashion, gaming, news"
6bd6f,Male,24,18-24,Canada,"sports, news, food"
6bfdf,Male,29,25-34,Germany,"health, lifestyle, food"
6c192,Female,23,18-24,United States,"gaming, technology, health"
6c1a8,Female,49,45-54,United Kingdom,"photography, travel"
6c1e6,Female,33,25-34,United States,"finance, technology, gaming"
6c207,Male,16,16-17,Brazil,"news, food, art"
6c2b2,Male,25,25-34,United States,"health, photography"
6c2ce,Male,16,16-17,India,"finance, photography, news"
6c30f,Female,31,25-34,United Kingdom,"gaming, fashion, finance"
6c33b,Male,21,18-24,United States,"health, photography, finance"
6c578,Female,25,25-34,Canada,"gaming, health"
6c642,Female,21,18-24,Germany,"technology, gaming"
6c646,Male,21,18-24,Germany,gaming
6c665,Female,26,25-34,Germany,"health, art, finance"
6c667,Other,28,25-34,United Kingdom,fashion
6c682,Other,16,16-17,United States,"food, fitness, fashion"
6c769,Female,41,35-44,United States,"art, sports"
6c7b2,Male,16,16-17,Germany,"finance, food, technology"
6c7bf,Male,30,25-34,United States,art
6c8f0,Female,28,25-34,Brazil,gaming
6c958,Female,18,18-24,United States,photography
6c959,Female,22,18-24,United States,food
6c9c1,Female,22,18-24,Brazil,fashion
6ca47,Female,22,18-24,Canada,sports
6ca7b,Male,29,25-34,Brazil,"news, travel"
6caa8,Male,23,18-24,India,"travel, fashion"
6cbe1,Male,20,18-24,Mexico,"food, art"
6cc29,Female,23,18-24,United States,"technology, art"
6cc75,Male,24,18-24,United States,"lifestyle, food, travel"
6ccb1,Male,33,25-34,United States,lifestyle
6ccf0,Male,22,18-24,United Kingdom,"photography, finance, technology"
6ce1f,Male,21,18-24,India,travel
6cebb,Other,21,18-24,United States,"food, fitness, finance"
6cf04,Female,26,25-34,India,health
6cf2e,Female,34,25-34,United Kingdom,"fashion, finance"
6d0cd,Other,25,25-34,United States,"fitness, lifestyle"
6d0e9,Male,29,25-34,Germany,"food, sports"
6d15c,Female,46,45-54,United Kingdom,photography
6d182,Female,22,18-24,United Kingdom,"travel, gaming"
6d18c,Female,44,35-44,United Kingdom,health
6d1cd,Male,17,16-17,United Kingdom,finance
6d2c5,Female,27,25-34,Mexico,food
6d317,Other,18,18-24,United Kingdom,"technology, finance"
6d35e,Other,23,18-24,United States,food
6d38c,Female,20,18-24,United States,"finance, sports"
6d3d4,Male,30,25-34,Australia,"photography, health"
6d3ed,Female,28,25-34,Canada,"gaming, technology"
6d467,Male,49,45-54,United States,"fitness, sports, travel"
6d48d,Male,23,18-24,United States,finance
6d4db,Male,35,35-44,United States,"news, lifestyle, health"
6d50a,Other,29,25-34,United States,"finance, art, health"
6d53d,Male,21,18-24,Germany,"lifestyle, photography"
6d574,Female,37,35-44,Australia,fitness
6d5f8,Male,35,35-44,United States,gaming
6d5fc,Male,29,25-34,Germany,"photography, fitness, travel"
6d61b,Male,39,35-44,Germany,"news, art"
6d647,Female,20,18-24,Canada,"photography, sports"
6d673,Other,27,25-34,United States,food
6d68c,Male,23,18-24,United Kingdom,fashion
6d68f,Male,29,25-34,United Kingdom,food
6d6a8,Male,20,18-24,United States,"art, fashion, news"
6d6c3,Male,22,18-24,United Kingdom,"art, news"
6d75c,Male,31,25-34,United Kingdom,sports
6d77d,Female,29,25-34,United States,"lifestyle, fitness, sports"
6d7b0,Male,20,18-24,United Kingdom,"sports, art"
6d7d0,Female,25,25-34,United States,"finance, technology, gaming"
6d7d7,Female,24,18-24,Canada,"food, news, gaming"
6d851,Female,17,16-17,United States,"health, technology"
6d8ec,Female,22,18-24,Japan,"health, fitness"
6d917,Male,27,25-34,United States,"fitness, health, art"
6d9f7,Male,21,18-24,India,art
6da2d,Female,31,25-34,United States,"fashion, gaming, fitness"
6da5d,Male,30,25-34,Australia,"news, art"
6dad6,Female,33,25-34,India,health
6db05,Female,25,25-34,United Kingdom,fashion
6db7e,Male,37,35-44,Mexico,travel
6db8b,Female,25,25-34,United States,health
6dbad,Female,26,25-34,India,"fitness, travel, gaming"
6dc32,Female,22,18-24,United States,"sports, finance, health"
6ddd1,Male,39,35-44,United Kingdom,"news, lifestyle"
6df9c,Female,30,25-34,Australia,"travel, lifestyle"
6dfe3,Male,29,25-34,Germany,"photography, art, lifestyle"
6dffa,Female,21,18-24,Brazil,"sports, finance"
6e04f,Male,30,25-34,France,"gaming, technology"
6e08a,Female,25,25-34,United Kingdom,"gaming, photography, news"
6e0bc,Male,24,18-24,India,"art, travel"
6e0fb,Female,16,16-17,Brazil,travel
6e14c,Male,18,18-24,United States,news
6e1a6,Male,27,25-34,United States,"fitness, art, photography"
6e1d3,Male,37,35-44,Japan,sports
6e1d8,Male,36,35-44,United States,fitness
6e28a,Male,41,35-44,United Kingdom,"technology, travel"
6e28d,Male,27,25-34,India,health
6e2e6,Male,18,18-24,France,fashion
6e400,Male,27,25-34,United Kingdom,"lifestyle, art"
6e424,Female,24,18-24,United States,"travel, art, food"
6e475,Female,29,25-34,United Kingdom,food
6e48b,Female,31,25-34,United States,"technology, gaming, lifestyle"
6e4a6,Male,25,25-34,India,"travel, fashion"
6e50b,Female,40,35-44,Canada,"food, fitness"
6e5ae,Male,22,18-24,Germany,"gaming, food, art"
6e65b,Male,44,35-44,United States,"finance, fashion"
6e86c,Male,34,25-34,United States,lifestyle
6e880,Female,27,25-34,Brazil,"food, health, sports"
6e91f,Male,26,25-34,Canada,"lifestyle, sports, health"
6e9b9,Female,23,18-24,Australia,"finance, sports"
6ea21,Female,27,25-34,Brazil,"fitness, travel"
6ea42,Male,16,16-17,United States,news
6ebc5,Female,18,18-24,United States,"fitness, travel, sports"
6ec6f,Male,23,18-24,Germany,"gaming, fitness"
6ecb2,Male,50,45-54,United Kingdom,health
6ecdb,Male,34,25-34,Mexico,"lifestyle, food, photography"
6ee6c,Male,29,25-34,United States,"news, fashion, sports"
6eed7,Female,31,25-34,Germany,fitness
6eef7,Female,27,25-34,France,lifestyle
6ef1c,Male,36,35-44,Australia,"finance, fitness, photography"
6ef4f,Other,22,18-24,India,finance
6efc8,Male,23,18-24,United States,"art, fashion"
6f065,Male,20,18-24,United Kingdom,"lifestyle, food, finance"
6f111,Male,28,25-34,Brazil,gaming
6f1af,Male,28,25-34,India,finance
6f1b8,Female,27,25-34,United States,"technology, finance"
6f1c8,Female,19,18-24,United States,food
6f233,Male,36,35-44,India,"health, travel, finance"
6f234,Male,26,25-34,United Kingdom,"lifestyle, sports, health"
6f256,Male,32,25-34,United States,"art, fashion"
6f2a7,Male,29,25-34,United Kingdom,sports
6f2cf,Male,35,35-44,United Kingdom,food
6f3cc,Male,24,18-24,Germany,photography
6f4fe,Female,33,25-34,United Kingdom,"gaming, news, food"
6f545,Male,19,18-24,Germany,gaming
6f62a,Other,22,18-24,Australia,fitness
6f669,Male,23,18-24,United States,"gaming, sports, technology"
6f720,Male,30,25-34,Germany,sports
6f767,Female,24,18-24,United States,art
6f77c,Female,20,18-24,India,fitness
6f782,Female,16,16-17,Japan,"photography, lifestyle"
6f7ed,Male,31,25-34,United States,"news, sports, fitness"
6f94c,Male,21,18-24,Canada,travel
6f97a,Female,19,18-24,United States,"fashion, finance, news"
6f98f,Male,32,25-34,United States,"finance, health"
6f9c5,Male,26,25-34,United States,finance
6f9ff,Female,33,25-34,Australia,"lifestyle, health"
6fa4c,Female,30,25-34,United States,fashion
6fa60,Female,28,25-34,India,"lifestyle, food, art"
6fa65,Male,28,25-34,Mexico,"food, photography, travel"
6fa92,Male,46,45-54,United States,photography
6fada,Male,25,25-34,Canada,"art, sports, finance"
6fadf,Male,16,16-17,Canada,"health, fashion, lifestyle"
6fb03,Male,23,18-24,India,"gaming, travel"
6fb35,Other,24,18-24,United States,"sports, fitness, technology"
6fb6b,Male,16,16-17,Australia,"travel, technology, art"
6fe77,Male,19,18-24,France,"travel, gaming, food"
6feae,Male,17,16-17,United Kingdom,"food, fashion"
6feaf,Female,17,16-17,United States,lifestyle
6fee0,Female,36,35-44,United Kingdom,"gaming, sports, photography"
6ff56,Female,26,25-34,United States,"photography, finance"
6ff6c,Female,23,18-24,United Kingdom,"finance, fitness"
6ffd2,Male,28,25-34,United States,"lifestyle, health"
7.00E+01,Male,23,18-24,United States,"photography, food"
7.00E+04,Female,27,25-34,United States,fashion
7.00E+20,Male,44,35-44,Brazil,food
7.00E+22,Female,35,35-44,United Kingdom,"news, technology"
7.00E+265,Male,22,18-24,India,"sports, photography, art"
7.00E+56,Female,28,25-34,United States,fashion
7.00E+72,Male,36,35-44,United States,"news, food"
7.10E+19,Male,34,25-34,India,"travel, fashion"
7.10E+20,Female,30,25-34,United States,"fitness, sports"
7.13E+11,Other,36,35-44,India,"photography, sports"
7.18E+09,Male,16,16-17,United States,"news, gaming, art"
7.20E+38,Male,26,25-34,Brazil,"sports, news, lifestyle"
7.24E+02,Male,27,25-34,Japan,"technology, sports"
7.25E+11,Male,19,18-24,Germany,travel
7.28E+08,Male,33,25-34,Australia,"fashion, food"
7.30E+31,Male,33,25-34,Canada,"art, photography"
7.35E+06,Male,29,25-34,United Kingdom,art
7.40E+98,Other,62,55-65,United States,fitness
7.46E+06,Male,17,16-17,Germany,"food, news, fitness"
7.50E+98,Other,27,25-34,Mexico,health
7.55E+05,Female,24,18-24,Canada,"fitness, photography, fashion"
7.70E+50,Female,33,25-34,Canada,news
7.70E+85,Female,20,18-24,Germany,"travel, finance"
7.80E+50,Female,21,18-24,United Kingdom,"technology, fashion"
7.90E+08,Female,26,25-34,United States,"fitness, sports, gaming"
7.90E+83,Female,34,25-34,Brazil,"news, gaming"
700ea,Male,28,25-34,France,"food, art, health"
70276,Female,43,35-44,United Kingdom,"photography, finance"
7035,Male,20,18-24,Brazil,"news, finance, fashion"
7035c,Other,34,25-34,Canada,"fitness, technology"
7036e,Male,21,18-24,Japan,"art, fashion, finance"
70384,Female,36,35-44,United Kingdom,"fashion, news, photography"
7038e,Male,26,25-34,United States,photography
70397,Male,27,25-34,Canada,"technology, sports, news"
7039b,Male,27,25-34,United Kingdom,art
70417,Male,36,35-44,United States,"travel, lifestyle, sports"
7045a,Female,27,25-34,Canada,"fashion, finance, sports"
7046d,Male,34,25-34,United States,"art, lifestyle, gaming"
70475,Female,41,35-44,Australia,"fitness, news, lifestyle"
7047c,Male,23,18-24,Japan,travel
7047f,Male,16,16-17,India,sports
70499,Female,33,25-34,France,"food, photography"
70511,Male,23,18-24,Australia,"art, fitness"
705a6,Male,24,18-24,United States,"sports, health"
705af,Female,25,25-34,Canada,art
70627,Other,32,25-34,United States,"sports, fitness, technology"
706df,Male,37,35-44,India,"health, technology"
7072c,Male,26,25-34,United Kingdom,"photography, lifestyle, finance"
70737,Other,41,35-44,United States,"gaming, art, news"
7088a,Male,17,16-17,United States,"travel, food"
708cc,Male,32,25-34,Australia,"finance, health, fashion"
70a5d,Female,29,25-34,United States,"news, food"
70a6a,Female,28,25-34,United States,"fitness, fashion, photography"
70ab4,Male,36,35-44,Australia,news
70b65,Male,24,18-24,United Kingdom,"fitness, lifestyle, technology"
70be1,Male,25,25-34,United Kingdom,"travel, news"
70bf4,Male,25,25-34,Germany,"lifestyle, news, photography"
70c7e,Male,23,18-24,Australia,"art, technology"
70cc7,Female,16,16-17,Brazil,"gaming, photography, lifestyle"
70cf4,Female,29,25-34,Brazil,fitness
70d14,Other,19,18-24,United States,sports
70da8,Male,37,35-44,United Kingdom,"technology, fitness"
70dab,Male,23,18-24,Japan,"lifestyle, news, fitness"
70f69,Male,26,25-34,United States,"art, news, health"
7107f,Male,32,25-34,United Kingdom,"travel, fashion, technology"
71097,Male,26,25-34,United States,"news, art, technology"
710d5,Male,18,18-24,Canada,"gaming, health, art"
71111,Other,36,35-44,Brazil,"photography, technology, finance"
7116c,Male,39,35-44,United States,"gaming, fitness, photography"
7121,Female,27,25-34,Canada,"finance, sports"
71215,Female,16,16-17,United Kingdom,technology
71266,Male,25,25-34,United States,"food, art"
712fc,Female,22,18-24,United States,gaming
71338,Male,43,35-44,India,"finance, technology"
71340,Other,31,25-34,Australia,"gaming, technology"
71410,Male,41,35-44,Germany,"finance, lifestyle, travel"
714bc,Male,26,25-34,United States,"travel, fitness"
71534,Male,24,18-24,Mexico,"sports, fashion, lifestyle"
7157f,Male,33,25-34,United States,photography
71581,Male,23,18-24,United Kingdom,sports
71598,Male,46,45-54,United States,"food, health, travel"
715b7,Male,25,25-34,India,"technology, fashion"
71609,Male,25,25-34,Canada,art
71636,Female,18,18-24,Australia,fitness
7169f,Male,23,18-24,India,"sports, food"
716c0,Male,16,16-17,United States,"travel, fitness"
716c9,Male,27,25-34,Canada,"technology, art"
716f2,Male,30,25-34,Brazil,"technology, gaming"
7191,Male,16,16-17,United States,"fitness, art"
71955,Male,20,18-24,United States,"travel, fitness, sports"
71a04,Female,18,18-24,United Kingdom,"finance, fitness, food"
71a87,Female,34,25-34,Australia,"health, food, travel"
71b70,Male,19,18-24,United States,"art, finance"
71c30,Male,32,25-34,United States,"travel, gaming"
71c38,Male,29,25-34,United States,"lifestyle, photography, news"
71ca4,Other,31,25-34,United Kingdom,food
71cbe,Female,40,35-44,India,"health, photography, finance"
71d0e,Female,23,18-24,United States,"lifestyle, finance"
71e8e,Male,35,35-44,Germany,"fashion, art, travel"
71ee9,Female,23,18-24,Mexico,"lifestyle, art"
71f12,Male,24,18-24,United States,"photography, news"
72027,Female,38,35-44,Canada,"fashion, finance"
72039,Male,43,35-44,United Kingdom,sports
7204b,Male,21,18-24,United States,"lifestyle, fashion"
7204f,Male,25,25-34,Germany,finance
720be,Male,16,16-17,Brazil,health
72110,Female,45,45-54,India,"health, food, news"
72125,Other,39,35-44,Australia,"technology, art"
7212f,Male,43,35-44,United Kingdom,finance
72193,Male,21,18-24,Germany,lifestyle
721fb,Female,27,25-34,India,health
7227e,Male,32,25-34,Brazil,"finance, fashion, sports"
72296,Female,23,18-24,United Kingdom,"lifestyle, news, health"
722ab,Female,25,25-34,Germany,"art, fitness"
72304,Other,21,18-24,India,"photography, sports"
7232,Other,22,18-24,Canada,"health, sports"
72327,Female,22,18-24,Canada,"fitness, travel, news"
72355,Other,37,35-44,Canada,"finance, news"
7237d,Female,16,16-17,United Kingdom,"news, fitness, gaming"
723ef,Male,33,25-34,United Kingdom,"sports, lifestyle"
7241b,Male,32,25-34,Australia,"lifestyle, health"
724c9,Male,22,18-24,United Kingdom,"travel, fashion"
72648,Female,19,18-24,United States,"fitness, technology, sports"
7268b,Other,29,25-34,United Kingdom,fashion
726f1,Male,22,18-24,United States,"art, photography, food"
7276f,Other,24,18-24,Germany,"gaming, fitness"
727ec,Male,30,25-34,Brazil,art
7280a,Female,28,25-34,India,"technology, fashion"
7286a,Female,28,25-34,United States,"photography, health, gaming"
728d4,Male,35,35-44,United Kingdom,"fitness, health"
72984,Female,36,35-44,United Kingdom,"fashion, finance"
729aa,Male,17,16-17,United States,health
729f9,Male,40,35-44,Japan,"sports, news"
72a9c,Male,26,25-34,United Kingdom,"health, fitness, food"
72adf,Male,31,25-34,Germany,"technology, news, photography"
72ae5,Male,24,18-24,France,"technology, sports, art"
72b0e,Male,27,25-34,Germany,"gaming, technology, finance"
72b2f,Male,22,18-24,India,"art, fitness, gaming"
72b5f,Female,29,25-34,United States,photography
72c19,Female,35,35-44,United Kingdom,"technology, health"
72c7c,Male,21,18-24,United States,news
72ca1,Other,29,25-34,Mexico,gaming
72dc5,Other,23,18-24,Japan,"finance, fitness, fashion"
72f9c,Male,20,18-24,United Kingdom,photography
7300,Female,27,25-34,United States,"sports, news"
73012,Male,23,18-24,United Kingdom,"art, news, photography"
73018,Male,34,25-34,Australia,"technology, gaming, art"
73024,Male,34,25-34,Mexico,technology
73061,Female,19,18-24,United Kingdom,"health, technology"
730c8,Female,23,18-24,India,"sports, lifestyle"
730de,Male,36,35-44,Australia,"sports, lifestyle, fitness"
7318f,Female,25,25-34,Germany,art
73229,Male,28,25-34,Brazil,"food, photography"
732a6,Female,20,18-24,Canada,"lifestyle, gaming"
732ae,Female,35,35-44,India,"fitness, fashion, photography"
7332b,Female,23,18-24,France,"lifestyle, fashion, finance"
7335d,Female,41,35-44,Germany,"fashion, fitness, finance"
733a7,Male,18,18-24,United Kingdom,"health, art, fitness"
733ca,Other,25,25-34,United Kingdom,food
7345c,Male,18,18-24,United States,"news, lifestyle"
7347f,Female,26,25-34,United Kingdom,"fitness, photography"
734af,Male,40,35-44,United Kingdom,"art, lifestyle, gaming"
734be,Male,31,25-34,United States,"travel, lifestyle, news"
734c4,Female,26,25-34,Mexico,"gaming, fitness"
734fd,Other,34,25-34,United States,"fitness, lifestyle, finance"
73527,Male,29,25-34,United States,news
735df,Female,21,18-24,Brazil,health
73616,Male,18,18-24,India,"gaming, lifestyle, art"
7366,Male,19,18-24,Australia,"lifestyle, travel, fitness"
73663,Male,26,25-34,Germany,"news, finance"
736ba,Male,24,18-24,United States,"technology, lifestyle, art"
73757,Male,18,18-24,United Kingdom,gaming
7379a,Female,38,35-44,United States,"news, art, lifestyle"
737f9,Other,27,25-34,Mexico,"lifestyle, gaming"
73839,Male,23,18-24,United States,"lifestyle, fitness"
7391a,Female,32,25-34,Germany,"technology, fitness"
7396d,Female,20,18-24,United Kingdom,lifestyle
739d7,Male,18,18-24,United Kingdom,"technology, fitness, finance"
739fc,Male,42,35-44,United States,"health, art, fashion"
73a51,Male,28,25-34,Australia,"travel, food"
73aae,Female,24,18-24,Australia,"lifestyle, travel, sports"
73ab4,Male,34,25-34,Brazil,"lifestyle, art"
73b59,Male,30,25-34,India,"sports, lifestyle, fitness"
73be0,Female,16,16-17,Germany,"photography, health, fashion"
73c13,Male,26,25-34,United States,"sports, news"
73cae,Female,27,25-34,Germany,"technology, photography"
73cfd,Female,24,18-24,Germany,gaming
73d19,Male,28,25-34,United Kingdom,"fashion, photography"
73d5c,Female,30,25-34,India,"fashion, finance, gaming"
73d7b,Female,27,25-34,United States,"finance, sports"
73e4a,Male,30,25-34,United States,"gaming, health, photography"
73eb4,Other,31,25-34,United Kingdom,"sports, fashion"
73f49,Male,20,18-24,Canada,"technology, news, fitness"
73f8a,Male,19,18-24,United Kingdom,"news, health"
74014,Male,23,18-24,United States,"finance, news"
7419e,Other,22,18-24,United Kingdom,lifestyle
741db,Male,26,25-34,India,fashion
741f4,Male,26,25-34,United States,"news, fitness"
741f6,Male,18,18-24,Germany,photography
742c5,Female,33,25-34,United Kingdom,gaming
74375,Male,31,25-34,United Kingdom,"photography, health"
7439e,Female,38,35-44,United States,"finance, art, fashion"
74406,Male,59,55-65,India,"lifestyle, fitness"
74470,Female,22,18-24,Germany,"photography, sports"
7459c,Male,32,25-34,India,"lifestyle, fashion"
745b0,Male,17,16-17,United States,art
745b2,Female,23,18-24,Canada,"food, news"
74611,Male,16,16-17,Mexico,lifestyle
74627,Male,30,25-34,Japan,lifestyle
7474d,Female,27,25-34,Brazil,lifestyle
747a4,Male,26,25-34,India,technology
74801,Male,33,25-34,Australia,"food, health"
7489b,Other,16,16-17,Australia,technology
748ae,Male,19,18-24,Canada,"fashion, health, technology"
74a74,Male,26,25-34,United States,health
74ac7,Female,23,18-24,Australia,finance
74b18,Female,28,25-34,United States,fashion
74b55,Male,23,18-24,Mexico,"finance, sports"
74b61,Female,33,25-34,United Kingdom,"news, health"
74bc1,Female,21,18-24,Mexico,sports
74bf0,Male,24,18-24,Japan,"technology, finance, sports"
74c23,Other,16,16-17,United States,"news, sports"
74c77,Male,27,25-34,Canada,"fashion, art, travel"
74caf,Male,38,35-44,United States,technology
74cfb,Male,31,25-34,Mexico,"health, fitness, technology"
74d75,Male,18,18-24,United States,"art, fashion, travel"
74d94,Female,18,18-24,United States,"fashion, gaming"
74dd5,Female,34,25-34,Germany,technology
74deb,Male,24,18-24,United States,"health, technology, sports"
74ec0,Female,46,45-54,India,"travel, art, photography"
74ed3,Male,33,25-34,Mexico,"finance, food, art"
74fe1,Male,25,25-34,India,"fitness, food, travel"
7514c,Male,32,25-34,United States,"health, sports"
751b0,Female,30,25-34,India,travel
75219,Male,23,18-24,United States,"sports, food, technology"
75236,Male,24,18-24,Canada,"fitness, photography, gaming"
7523d,Female,31,25-34,United States,art
75282,Female,16,16-17,United States,"photography, art, fashion"
753c5,Male,35,35-44,India,"fashion, news, gaming"
754ea,Female,22,18-24,Germany,travel
754ec,Male,24,18-24,United States,"health, fashion, fitness"
7553b,Male,37,35-44,Mexico,"technology, art, food"
75565,Male,27,25-34,United States,"technology, sports"
755d6,Female,16,16-17,Canada,"food, fitness, travel"
75620,Male,22,18-24,India,"gaming, photography"
7563d,Female,33,25-34,Canada,"photography, technology"
75676,Female,47,45-54,Australia,"finance, gaming"
756d6,Male,16,16-17,United States,"fashion, sports, lifestyle"
756f1,Male,30,25-34,United States,"sports, fashion, health"
757df,Male,25,25-34,United States,"photography, health, travel"
7581f,Female,19,18-24,Australia,photography
75942,Female,46,45-54,Germany,news
7594d,Male,16,16-17,United Kingdom,"gaming, fashion"
75957,Male,23,18-24,United Kingdom,photography
75979,Male,33,25-34,United Kingdom,"finance, photography, art"
75ad6,Male,26,25-34,Canada,"lifestyle, photography"
75b06,Male,25,25-34,United Kingdom,"art, gaming, finance"
75b51,Other,23,18-24,United Kingdom,"gaming, food, technology"
75c01,Female,33,25-34,Germany,health
75c2e,Male,24,18-24,United States,travel
75c6c,Male,27,25-34,United States,"finance, lifestyle"
75c80,Other,18,18-24,United States,gaming
75d80,Female,29,25-34,France,"fitness, travel, sports"
75ea2,Male,37,35-44,India,photography
76008,Other,28,25-34,United States,"travel, art"
76046,Other,30,25-34,Canada,"art, health"
760df,Male,43,35-44,United Kingdom,news
76134,Male,21,18-24,Germany,"photography, fashion, technology"
76182,Female,36,35-44,United States,"art, fashion"
761c0,Male,31,25-34,India,"sports, news, fashion"
76306,Male,24,18-24,United Kingdom,"fashion, sports"
76444,Male,33,25-34,United States,"lifestyle, food, health"
76464,Female,20,18-24,United Kingdom,"travel, lifestyle, technology"
76529,Female,26,25-34,United States,art
7659f,Female,32,25-34,United States,"sports, news, photography"
76608,Male,27,25-34,United Kingdom,lifestyle
76633,Female,26,25-34,Australia,"gaming, lifestyle, sports"
76654,Other,25,25-34,United States,finance
76675,Male,24,18-24,India,news
766c4,Male,26,25-34,Australia,technology
76736,Male,29,25-34,United States,"food, lifestyle"
767a7,Female,24,18-24,United Kingdom,"travel, technology, art"
76805,Male,37,35-44,United States,"food, fashion, technology"
768cf,Other,32,25-34,France,food
7696a,Male,26,25-34,Germany,health
769bc,Female,16,16-17,United Kingdom,"gaming, fashion"
769de,Other,24,18-24,United States,technology
769ec,Male,23,18-24,United States,health
76a04,Male,18,18-24,United Kingdom,news
76a69,Female,21,18-24,United Kingdom,photography
76ac0,Male,38,35-44,Brazil,"travel, gaming"
76b76,Other,26,25-34,Japan,"travel, lifestyle"
76b99,Female,35,35-44,Canada,lifestyle
76bfd,Other,17,16-17,United Kingdom,fashion
76d3a,Other,53,45-54,United Kingdom,news
76dd5,Male,33,25-34,United States,gaming
76df1,Female,37,35-44,Brazil,"fitness, fashion"
76dff,Female,30,25-34,Brazil,"gaming, technology"
76fb5,Female,36,35-44,Canada,"fashion, finance"
770b9,Male,16,16-17,Germany,"food, sports"
77102,Male,33,25-34,United States,fashion
77169,Male,33,25-34,India,"fashion, lifestyle"
77342,Male,35,35-44,United Kingdom,fitness
77403,Male,32,25-34,United States,"lifestyle, gaming"
7746c,Female,33,25-34,United States,"fashion, health, photography"
7747d,Female,24,18-24,United Kingdom,"finance, fitness"
774f2,Female,33,25-34,India,food
7752,Male,26,25-34,Germany,"technology, lifestyle, fitness"
77534,Male,25,25-34,United States,"lifestyle, photography"
7755,Female,47,45-54,Australia,"fitness, photography, food"
77571,Female,23,18-24,India,health
77573,Female,23,18-24,United States,"fitness, fashion"
775b5,Female,22,18-24,United Kingdom,"finance, photography"
775f9,Male,19,18-24,Japan,"food, travel, sports"
7767c,Female,40,35-44,India,news
77724,Female,36,35-44,United States,health
7779b,Male,26,25-34,Japan,"travel, health, sports"
77938,Male,26,25-34,United States,"technology, photography, finance"
77a59,Male,22,18-24,India,"sports, gaming"
77aa7,Male,31,25-34,United States,"travel, technology, finance"
77ade,Female,36,35-44,France,food
77ae8,Male,65,55-65,United Kingdom,gaming
77b0c,Female,24,18-24,Germany,"food, photography, technology"
77b44,Male,22,18-24,Canada,"lifestyle, technology"
77c35,Female,28,25-34,Germany,health
77c3d,Male,22,18-24,Germany,"news, food"
77cfa,Female,31,25-34,United States,"gaming, photography"
77d4b,Male,27,25-34,Brazil,"health, technology"
77dad,Female,16,16-17,India,"gaming, finance, photography"
77e2f,Female,34,25-34,United States,fashion
77e5a,Male,24,18-24,United Kingdom,travel
77eb1,Male,25,25-34,United States,"photography, fashion"
77eeb,Male,44,35-44,United Kingdom,"finance, news"
77f1e,Other,37,35-44,United States,news
77f40,Female,26,25-34,United Kingdom,news
77f7d,Male,18,18-24,Australia,"fashion, finance, sports"
7808,Female,29,25-34,Australia,"art, photography"
78099,Female,17,16-17,Australia,"fashion, lifestyle"
780aa,Male,24,18-24,United Kingdom,news
780b7,Male,28,25-34,Australia,"sports, fitness"
7810f,Male,32,25-34,United States,art
7817e,Male,20,18-24,United States,"technology, fashion"
78261,Male,21,18-24,Canada,"fitness, photography, art"
78291,Other,44,35-44,Germany,"photography, news, travel"
782c5,Female,22,18-24,United Kingdom,"health, travel, lifestyle"
782f5,Male,27,25-34,India,"art, health"
7838a,Male,36,35-44,Japan,"lifestyle, news, food"
7838e,Female,17,16-17,Australia,"sports, travel"
783fe,Male,37,35-44,Brazil,"finance, gaming, art"
7845d,Male,30,25-34,Canada,"photography, travel, health"
78461,Male,19,18-24,United States,news
784b3,Other,34,25-34,United Kingdom,art
784b4,Male,25,25-34,Australia,fitness
784c4,Male,26,25-34,Brazil,"art, lifestyle"
78609,Male,33,25-34,Australia,"finance, fashion"
78636,Male,20,18-24,United States,art
787ba,Female,38,35-44,United Kingdom,"travel, news, photography"
78875,Male,26,25-34,United States,"food, lifestyle"
788c1,Male,24,18-24,United Kingdom,"technology, photography, fashion"
7895a,Female,16,16-17,Brazil,"art, food, sports"
78970,Female,18,18-24,United States,"gaming, travel, fashion"
789c2,Male,36,35-44,Canada,travel
789c9,Male,23,18-24,United States,"technology, gaming"
78b90,Male,21,18-24,Canada,"news, health, fitness"
78c1c,Male,33,25-34,Brazil,news
78c7f,Male,29,25-34,United Kingdom,"food, art, lifestyle"
78ced,Male,22,18-24,United Kingdom,news
78d15,Other,16,16-17,India,"fashion, sports, technology"
78d29,Male,28,25-34,Japan,"lifestyle, gaming"
78dbc,Male,38,35-44,United Kingdom,travel
78df9,Female,33,25-34,India,"food, art"
78e5e,Female,32,25-34,United Kingdom,"fitness, art, technology"
78eb0,Male,24,18-24,France,"gaming, travel, fashion"
78f36,Female,22,18-24,Brazil,"food, travel"
78f59,Male,24,18-24,Brazil,sports
78f68,Female,24,18-24,Germany,"travel, fitness, technology"
78f90,Male,16,16-17,Germany,"gaming, art"
78f94,Female,31,25-34,United States,"travel, food, health"
78f9b,Male,28,25-34,Canada,art
78fe2,Male,21,18-24,Mexico,technology
79017,Female,25,25-34,United Kingdom,art
79046,Male,42,35-44,India,"gaming, health"
79062,Male,35,35-44,Japan,"health, fitness"
79185,Other,34,25-34,United States,"photography, news"
79186,Male,20,18-24,France,"news, sports, fitness"
791f1,Male,47,45-54,India,"photography, sports"
791f2,Male,27,25-34,India,news
791fd,Male,16,16-17,United Kingdom,"art, fitness, finance"
7922a,Female,16,16-17,Germany,"technology, finance"
79276,Male,20,18-24,Mexico,"sports, lifestyle, gaming"
792d5,Male,30,25-34,United Kingdom,sports
794cd,Female,20,18-24,United Kingdom,lifestyle
7953c,Female,16,16-17,India,gaming
79542,Other,20,18-24,India,"art, health"
79575,Male,27,25-34,Mexico,technology
795ce,Female,26,25-34,United States,"food, news"
7960,Other,32,25-34,Japan,"health, finance, fashion"
7960b,Female,36,35-44,Brazil,"sports, fitness"
796b3,Male,23,18-24,United States,"finance, news"
796bc,Female,33,25-34,United States,"news, art, fitness"
79793,Male,24,18-24,United States,food
797ae,Male,24,18-24,France,"lifestyle, finance, art"
79803,Male,37,35-44,Canada,travel
7984e,Other,33,25-34,Japan,"gaming, travel, lifestyle"
79884,Male,33,25-34,United States,photography
798d0,Female,28,25-34,United Kingdom,lifestyle
798ea,Male,30,25-34,United Kingdom,"news, finance"
7992,Male,19,18-24,India,"news, fitness"
79939,Other,29,25-34,United States,"finance, photography, fashion"
7997,Male,23,18-24,Brazil,"fashion, art, health"
79986,Female,36,35-44,France,"art, fitness, gaming"
799d0,Male,21,18-24,Canada,"lifestyle, news"
79b20,Female,20,18-24,United Kingdom,"health, gaming, photography"
79b54,Female,20,18-24,United States,"health, food"
79bc8,Female,27,25-34,Japan,"art, health, travel"
79c08,Other,33,25-34,United States,"photography, sports, fitness"
79d52,Male,18,18-24,France,art
79df6,Male,23,18-24,Mexico,"gaming, health"
79eee,Female,35,35-44,Japan,"technology, news"
79f2f,Female,23,18-24,France,"art, fitness"
79f48,Other,31,25-34,Australia,"photography, fitness"
7a082,Male,29,25-34,India,"health, fitness, gaming"
7a0cd,Male,29,25-34,United States,gaming
7a169,Female,31,25-34,Germany,"food, news"
7a28a,Male,22,18-24,India,lifestyle
7a2cd,Female,40,35-44,United States,fashion
7a304,Male,47,45-54,Mexico,"lifestyle, food"
7a3b4,Male,23,18-24,Canada,travel
7a45e,Female,27,25-34,United States,"sports, art"
7a50b,Female,26,25-34,India,"photography, fitness"
7a516,Male,31,25-34,United Kingdom,"gaming, travel"
7a55d,Male,16,16-17,Australia,"travel, fashion"
7a5f0,Male,25,25-34,Brazil,"fashion, technology"
7a607,Female,44,35-44,United States,"sports, fashion"
7a630,Male,24,18-24,Japan,health
7a745,Male,28,25-34,Germany,fitness
7a78c,Female,17,16-17,United Kingdom,"sports, travel"
7a7a1,Male,18,18-24,Canada,lifestyle
7a7b6,Female,38,35-44,United States,"finance, gaming"
7a854,Male,17,16-17,India,"travel, food, finance"
7a8bc,Female,32,25-34,Mexico,"health, news, lifestyle"
7a8cd,Male,22,18-24,Brazil,"art, travel"
7a955,Male,24,18-24,Japan,"sports, lifestyle, news"
7a95b,Male,23,18-24,United States,"gaming, travel"
7a9a1,Female,18,18-24,United States,"travel, food"
7a9a4,Male,37,35-44,United States,photography
7a9d4,Female,24,18-24,Brazil,technology
7a9e4,Male,36,35-44,India,"gaming, travel, news"
7a9e9,Male,27,25-34,India,food
7aa47,Male,19,18-24,Australia,fitness
7ab0e,Other,32,25-34,Germany,"food, health, sports"
7ab1a,Male,30,25-34,Mexico,"lifestyle, health, art"
7ab69,Female,22,18-24,Brazil,"photography, fashion, fitness"
7ab79,Female,26,25-34,India,"photography, news"
7ac40,Other,31,25-34,France,photography
7ac71,Male,32,25-34,United States,"food, technology, travel"
7accf,Male,28,25-34,United Kingdom,"lifestyle, health, fashion"
7ad6a,Other,20,18-24,United States,"finance, fitness, fashion"
7ad8b,Other,37,35-44,United States,lifestyle
7ada1,Female,16,16-17,United Kingdom,"photography, fitness, fashion"
7ae0d,Other,33,25-34,Japan,fitness
7ae92,Female,17,16-17,United Kingdom,"travel, fashion, technology"
7aeaa,Female,32,25-34,United Kingdom,news
7af93,Male,51,45-54,Australia,"news, sports"
7afb3,Female,27,25-34,United Kingdom,"gaming, food"
7afef,Female,32,25-34,Japan,"finance, lifestyle, fitness"
7b06f,Female,34,25-34,France,"travel, art, health"
7b07a,Female,21,18-24,United States,food
7b07e,Male,16,16-17,United States,"photography, sports, fashion"
7b0a5,Male,23,18-24,Mexico,fashion
7b1d4,Male,32,25-34,Canada,"technology, news"
7b31b,Male,36,35-44,United Kingdom,"finance, fitness"
7b375,Male,36,35-44,Mexico,"news, health, finance"
7b38a,Other,18,18-24,Mexico,"health, technology"
7b410,Male,25,25-34,United Kingdom,"food, fashion"
7b4d1,Female,29,25-34,United States,"art, sports"
7b5c8,Male,37,35-44,United States,"fashion, health, lifestyle"
7b66f,Female,16,16-17,Brazil,"art, lifestyle, food"
7b712,Male,24,18-24,Brazil,"sports, news, fitness"
7b78f,Male,40,35-44,Australia,"fashion, fitness"
7b7f0,Female,16,16-17,Brazil,"news, fitness"
7b81e,Male,28,25-34,United Kingdom,finance
7b833,Male,34,25-34,Germany,"photography, fitness"
7b84e,Male,21,18-24,Canada,"lifestyle, food, art"
7b89d,Female,23,18-24,France,"food, fitness"
7b8ae,Male,17,16-17,Japan,"gaming, photography, sports"
7b8d1,Male,33,25-34,Australia,"fashion, gaming, art"
7b961,Female,28,25-34,Canada,"finance, fashion"
7b970,Female,36,35-44,India,"art, photography"
7b9cd,Male,21,18-24,United Kingdom,"photography, food"
7bad5,Female,28,25-34,United States,art
7bb8d,Male,37,35-44,Brazil,art
7bbc5,Male,32,25-34,Germany,"lifestyle, health"
7bc26,Female,21,18-24,United States,"travel, photography"
7bc9f,Female,27,25-34,United States,"sports, travel"
7bcb6,Male,21,18-24,United Kingdom,"travel, photography"
7bced,Other,27,25-34,United States,"travel, sports, fitness"
7bcef,Female,25,25-34,Germany,technology
7be0a,Female,19,18-24,United Kingdom,news
7be79,Male,34,25-34,Germany,technology
7bf53,Male,22,18-24,United States,"art, finance"
7bfbb,Male,20,18-24,Canada,finance
7c02c,Male,16,16-17,Mexico,travel
7c08a,Female,31,25-34,United Kingdom,"gaming, fitness, lifestyle"
7c198,Male,23,18-24,Mexico,photography
7c241,Other,23,18-24,United Kingdom,"sports, photography"
7c271,Male,29,25-34,Germany,finance
7c2aa,Female,22,18-24,Canada,"health, fitness, food"
7c2c4,Female,20,18-24,United States,"news, art"
7c2c8,Female,19,18-24,Australia,health
7c304,Female,19,18-24,Mexico,"art, fitness, news"
7c308,Female,39,35-44,Australia,travel
7c3b2,Male,43,35-44,France,photography
7c48a,Female,17,16-17,United Kingdom,"finance, technology"
7c498,Other,28,25-34,Australia,"fashion, technology, travel"
7c4cd,Male,29,25-34,United Kingdom,health
7c529,Male,22,18-24,Mexico,"technology, health"
7c6d0,Female,31,25-34,Mexico,food
7c722,Male,43,35-44,Canada,"art, finance"
7c762,Male,28,25-34,Australia,fitness
7c998,Male,45,45-54,United States,food
7ca16,Female,20,18-24,India,travel
7ca24,Male,22,18-24,United States,food
7ca33,Female,25,25-34,United Kingdom,fitness
7ca65,Male,33,25-34,United Kingdom,"news, photography"
7cb76,Other,26,25-34,United States,"finance, food"
7cb9a,Male,21,18-24,Brazil,"food, technology, fitness"
7ccf1,Male,26,25-34,United Kingdom,"fashion, food"
7cd20,Male,16,16-17,Canada,"sports, art, health"
7cd39,Male,31,25-34,Germany,"gaming, news, lifestyle"
7cd4f,Male,16,16-17,Canada,"gaming, fashion"
7cd7d,Male,16,16-17,Japan,"photography, gaming"
7ce41,Male,24,18-24,United States,"technology, news, art"
7cf53,Other,29,25-34,India,"art, photography, travel"
7cf72,Other,20,18-24,India,"sports, fashion"
7cf86,Male,49,45-54,Canada,"gaming, lifestyle"
7d000,Female,30,25-34,United States,"finance, news, fitness"
7d144,Male,27,25-34,Mexico,"finance, sports"
7d1d2,Male,32,25-34,Mexico,health
7d244,Other,23,18-24,Brazil,travel
7d2d4,Male,16,16-17,United Kingdom,art
7d306,Male,25,25-34,Canada,"art, sports, travel"
7d37a,Female,19,18-24,United States,"fashion, technology, gaming"
7d3b4,Other,28,25-34,Canada,"fitness, food, lifestyle"
7d3ee,Female,36,35-44,United States,"health, news"
7d493,Female,26,25-34,Canada,food
7d5f3,Male,16,16-17,Canada,"photography, food, travel"
7d61f,Female,32,25-34,Australia,gaming
7d657,Male,17,16-17,Brazil,sports
7d6df,Male,25,25-34,United Kingdom,"art, sports"
7d6ff,Male,27,25-34,Canada,gaming
7d760,Female,30,25-34,Japan,gaming
7d764,Female,56,55-65,Canada,"photography, health"
7d79e,Female,27,25-34,United States,"health, food"
7d7b7,Male,37,35-44,United States,technology
7d81a,Male,31,25-34,United States,"gaming, health"
7d824,Male,19,18-24,Brazil,"fashion, gaming"
7d840,Male,28,25-34,Brazil,finance
7d895,Male,24,18-24,France,fashion
7d8c3,Male,32,25-34,United Kingdom,art
7d938,Male,41,35-44,United Kingdom,"fashion, technology"
7d9fc,Male,26,25-34,Germany,"food, news, sports"
7db63,Female,22,18-24,United Kingdom,news
7dc27,Male,27,25-34,United States,"fashion, health, photography"
7dc42,Female,31,25-34,Mexico,"finance, gaming, sports"
7dc46,Female,32,25-34,Mexico,"technology, gaming"
7dc5e,Male,56,55-65,United States,"health, technology, fashion"
7dc61,Male,27,25-34,United Kingdom,"news, lifestyle, travel"
7dc64,Male,34,25-34,Canada,"lifestyle, finance, fashion"
7dc7b,Female,31,25-34,France,"gaming, fitness"
7dcb8,Male,19,18-24,United States,food
7dd39,Male,23,18-24,United Kingdom,"technology, food"
7dd54,Female,24,18-24,United States,"finance, sports, technology"
7dd68,Female,17,16-17,United States,news
7ddbc,Male,41,35-44,Australia,news
7dded,Female,31,25-34,Canada,"news, lifestyle, food"
7de04,Male,35,35-44,United States,fashion
7de8e,Male,17,16-17,Canada,"lifestyle, art, travel"
7df4f,Male,20,18-24,United Kingdom,sports
7df88,Male,29,25-34,Brazil,"health, technology"
7dfa6,Female,29,25-34,United Kingdom,"finance, sports, art"
7dfce,Male,26,25-34,Canada,finance
7dfcf,Male,24,18-24,United States,"news, travel"
7e07a,Female,36,35-44,Australia,"lifestyle, food, gaming"
7e2a8,Female,39,35-44,Japan,"sports, travel, art"
7e356,Male,23,18-24,France,"technology, lifestyle, fitness"
7e3b2,Male,21,18-24,Canada,"lifestyle, art, food"
7e3df,Other,22,18-24,Japan,fashion
7e40e,Male,16,16-17,Brazil,"technology, finance, travel"
7e587,Male,28,25-34,United States,"lifestyle, fitness, gaming"
7e612,Male,30,25-34,India,finance
7e687,Male,33,25-34,United Kingdom,finance
7e798,Male,22,18-24,United Kingdom,"lifestyle, health, food"
7e7b3,Female,32,25-34,Canada,gaming
7e86d,Female,43,35-44,Australia,travel
7e896,Male,27,25-34,Brazil,"technology, lifestyle, art"
7e8af,Male,29,25-34,United Kingdom,fitness
7e911,Male,34,25-34,United Kingdom,fashion
7e9a4,Male,18,18-24,Australia,"travel, fashion, food"
7ea29,Female,16,16-17,United States,photography
7eb39,Male,45,45-54,United States,fashion
7eb46,Female,25,25-34,Australia,fashion
7ebbf,Male,26,25-34,United Kingdom,"art, photography, gaming"
7ed06,Male,30,25-34,United States,finance
7ed07,Female,31,25-34,United States,"fitness, photography, gaming"
7ed56,Male,18,18-24,Canada,"news, photography, travel"
7ed8f,Male,30,25-34,India,"lifestyle, photography"
7ee7f,Female,25,25-34,United Kingdom,art
7eed2,Male,28,25-34,Mexico,"food, fitness, health"
7ef54,Male,37,35-44,Brazil,health
7ef68,Male,25,25-34,United States,art
7ef92,Female,21,18-24,United States,sports
7f03b,Female,29,25-34,Canada,"photography, lifestyle, food"
7f0ef,Female,24,18-24,United Kingdom,food
7f13d,Male,29,25-34,Germany,"fitness, technology"
7f18a,Female,35,35-44,Brazil,"travel, photography, food"
7f196,Female,18,18-24,Germany,"art, gaming, lifestyle"
7f1e1,Male,20,18-24,United Kingdom,"sports, travel, photography"
7f1ef,Male,21,18-24,United States,"fitness, finance, food"
7f269,Male,23,18-24,Mexico,"news, sports"
7f26b,Female,33,25-34,Germany,gaming
7f493,Male,17,16-17,Mexico,"fashion, food, news"
7f4dc,Female,19,18-24,United States,"finance, photography"
7f619,Female,43,35-44,United States,"fashion, finance"
7f644,Female,25,25-34,Japan,"art, news"
7f695,Female,16,16-17,India,"lifestyle, gaming"
7f6c9,Other,28,25-34,United States,"food, photography, sports"
7f82f,Male,37,35-44,United Kingdom,"gaming, art"
7f85d,Female,34,25-34,Brazil,"finance, food"
7f933,Male,23,18-24,United States,"art, technology, gaming"
7f985,Male,25,25-34,United Kingdom,"health, gaming, sports"
7f9c6,Male,35,35-44,United States,"travel, art"
7fac5,Male,17,16-17,India,"travel, photography, art"
7fb73,Female,16,16-17,France,news
7fbe5,Male,36,35-44,United States,"food, news"
7fca8,Female,28,25-34,Japan,"news, health, finance"
7fcb8,Male,32,25-34,India,"art, fitness"
7fcf7,Male,23,18-24,United Kingdom,"fashion, finance, gaming"
7fd01,Female,21,18-24,United States,"sports, travel, health"
7ff18,Male,28,25-34,United Kingdom,"travel, fashion"
7ff44,Female,20,18-24,United States,"fitness, health"
7ff4d,Female,17,16-17,Germany,"photography, fitness, food"
7ff5c,Male,34,25-34,United Kingdom,sports
7ff60,Male,29,25-34,United States,lifestyle
8.00E+08,Male,31,25-34,United States,"lifestyle, technology"
8.00E+31,Female,27,25-34,Australia,"fitness, finance, art"
8.00E+63,Male,43,35-44,France,technology
8.05E+06,Male,40,35-44,India,food
8.20E+30,Male,28,25-34,Mexico,"food, health"
8.20E+72,Male,33,25-34,France,"art, technology, fitness"
8.30E+65,Male,25,25-34,United States,news
8.40E+65,Male,31,25-34,India,sports
8.50E+34,Female,23,18-24,United Kingdom,"photography, travel, art"
8.60E+03,Male,27,25-34,Canada,"gaming, fitness"
8.60E+09,Other,20,18-24,Germany,lifestyle
8.64E+03,Female,32,25-34,Germany,"news, fitness"
8.69E+08,Male,29,25-34,Canada,"health, food"
8.70E+04,Male,16,16-17,United States,"technology, food, travel"
8.70E+58,Male,24,18-24,India,health
8.76E+06,Male,20,18-24,United States,"fashion, lifestyle"
8.80E+25,Male,21,18-24,United States,"photography, food, gaming"
8.86E+04,Female,20,18-24,Mexico,"technology, health"
8.90E+26,Female,16,16-17,Canada,"food, gaming"
8.95E+09,Female,37,35-44,United States,"fitness, gaming, finance"
80011,Male,34,25-34,United States,"health, fashion, food"
800ed,Male,41,35-44,United States,"food, lifestyle, photography"
801b4,Male,34,25-34,India,finance
80203,Male,26,25-34,United States,"sports, travel, finance"
802a6,Female,23,18-24,Australia,"sports, art"
802b4,Male,28,25-34,India,travel
802de,Female,47,45-54,United States,"art, photography"
802fc,Male,27,25-34,United Kingdom,"food, finance, fashion"
8030c,Female,16,16-17,United Kingdom,news
80336,Male,28,25-34,Australia,photography
8035b,Male,28,25-34,Brazil,"sports, news, gaming"
8038c,Male,25,25-34,Brazil,"lifestyle, technology, finance"
803cd,Female,36,35-44,United States,"sports, art"
80419,Male,19,18-24,Japan,"lifestyle, fitness"
804f3,Female,16,16-17,United States,"fashion, food, finance"
806c3,Female,37,35-44,United Kingdom,"health, travel, sports"
8076,Male,24,18-24,Canada,"news, gaming, travel"
80765,Other,25,25-34,India,"fashion, lifestyle, gaming"
80786,Male,19,18-24,United Kingdom,health
808ae,Other,23,18-24,United Kingdom,"fashion, travel, technology"
808be,Other,29,25-34,United Kingdom,fitness
80904,Male,22,18-24,Mexico,"fashion, finance"
80944,Male,28,25-34,Canada,"technology, travel"
809ab,Female,24,18-24,United States,"food, photography"
80abb,Female,21,18-24,Brazil,"lifestyle, health, gaming"
80acf,Male,35,35-44,United States,photography
80b98,Female,22,18-24,Mexico,"lifestyle, photography"
80c17,Male,18,18-24,Japan,"fitness, art"
80c54,Female,23,18-24,Australia,news
80c64,Male,26,25-34,United Kingdom,travel
80df8,Other,18,18-24,United States,"finance, fashion, health"
80e9f,Male,18,18-24,United Kingdom,gaming
80ff3,Male,27,25-34,United States,"travel, fitness, fashion"
8101b,Male,17,16-17,United States,"sports, photography, fitness"
81069,Female,37,35-44,India,"fashion, news, food"
8107f,Female,48,45-54,Canada,"lifestyle, news"
810d6,Male,21,18-24,France,"gaming, fitness"
81161,Male,23,18-24,Germany,"news, health"
81168,Male,34,25-34,United States,fitness
811bb,Female,28,25-34,United Kingdom,"technology, travel, gaming"
811cc,Male,18,18-24,United States,news
812cd,Female,37,35-44,Japan,"gaming, news"
8133,Male,23,18-24,United States,travel
8144d,Male,31,25-34,United States,lifestyle
8146f,Male,37,35-44,United States,technology
81518,Female,20,18-24,Germany,fitness
8152e,Male,20,18-24,United States,art
81543,Male,23,18-24,Canada,news
81554,Other,27,25-34,United States,sports
81555,Female,16,16-17,United Kingdom,health
815d5,Male,28,25-34,Australia,"food, art, fashion"
8167f,Male,33,25-34,India,news
81685,Male,16,16-17,United States,fitness
816a3,Male,18,18-24,Canada,"sports, technology"
816b7,Female,40,35-44,United States,"news, technology"
816f5,Female,41,35-44,United States,"technology, news, gaming"
8176e,Male,41,35-44,United States,fashion
817c9,Female,24,18-24,Canada,fashion
8180b,Male,27,25-34,India,"technology, travel, news"
81842,Female,20,18-24,United States,finance
8184a,Male,26,25-34,United States,"fashion, news"
8188f,Other,28,25-34,Brazil,fitness
81898,Male,36,35-44,United States,travel
818a3,Female,30,25-34,India,"art, lifestyle, sports"
81941,Other,37,35-44,France,health
8198,Female,31,25-34,Canada,photography
819be,Female,21,18-24,United States,"travel, lifestyle"
819c6,Female,25,25-34,Canada,"fashion, fitness"
81a90,Other,28,25-34,Japan,"photography, gaming"
81a93,Male,37,35-44,Canada,"travel, technology, news"
81b08,Male,41,35-44,United States,health
81c4c,Female,43,35-44,Canada,"fashion, health, technology"
81d48,Other,17,16-17,India,"travel, technology, gaming"
81ddc,Male,31,25-34,Mexico,"technology, gaming, sports"
81df7,Other,31,25-34,Canada,food
81ed3,Male,26,25-34,United States,technology
81f42,Male,16,16-17,Germany,"fitness, news"
81fe7,Male,22,18-24,United States,"technology, health"
82071,Male,24,18-24,Mexico,news
8212d,Female,25,25-34,United Kingdom,"finance, fitness"
8213b,Female,29,25-34,United States,lifestyle
82145,Male,16,16-17,United Kingdom,travel
82175,Female,40,35-44,Germany,news
8219e,Male,48,45-54,United States,"sports, lifestyle, fashion"
821d3,Female,28,25-34,India,"fitness, travel, technology"
82351,Female,23,18-24,United States,art
8235b,Female,32,25-34,Japan,"food, technology, gaming"
82386,Female,18,18-24,Australia,"lifestyle, health, food"
823a4,Male,16,16-17,United Kingdom,"art, technology, travel"
823cd,Male,37,35-44,United States,"sports, finance"
823dc,Male,17,16-17,France,"news, technology, gaming"
824ae,Male,21,18-24,Canada,"lifestyle, photography, art"
824c9,Female,35,35-44,Australia,"travel, fashion, health"
824d4,Female,29,25-34,Canada,"photography, fashion"
824f1,Other,28,25-34,United States,"health, sports, finance"
82648,Female,29,25-34,Germany,"technology, art"
82739,Other,23,18-24,United States,"lifestyle, fashion, sports"
82848,Female,18,18-24,Canada,"gaming, art, news"
828b2,Male,44,35-44,United States,"art, travel"
82911,Female,20,18-24,Canada,travel
829d1,Female,30,25-34,Australia,"technology, health, fitness"
82a7c,Female,24,18-24,United Kingdom,"gaming, lifestyle, food"
82afd,Female,25,25-34,United Kingdom,"sports, health"
82bc9,Male,33,25-34,United Kingdom,gaming
82bdb,Male,33,25-34,India,art
82ca3,Male,28,25-34,United States,"health, art"
82ca8,Male,20,18-24,United States,sports
82cc3,Female,26,25-34,Germany,gaming
82cfd,Male,26,25-34,France,technology
82d47,Male,30,25-34,Canada,fashion
82dc3,Male,19,18-24,Canada,"technology, lifestyle"
82ec5,Male,18,18-24,France,travel
82f60,Male,19,18-24,United Kingdom,"sports, gaming"
82fce,Male,30,25-34,United States,health
83027,Female,16,16-17,India,"health, fitness, technology"
830ec,Male,48,45-54,United States,fitness
83137,Male,18,18-24,Brazil,finance
83165,Female,23,18-24,United Kingdom,technology
831b1,Male,21,18-24,Canada,"fitness, fashion"
8321e,Female,26,25-34,United States,"gaming, sports, news"
832ba,Other,27,25-34,United Kingdom,photography
832c2,Female,23,18-24,United States,"travel, food, photography"
83473,Male,22,18-24,United Kingdom,"travel, health, fitness"
8359f,Female,30,25-34,India,"fashion, fitness"
83637,Male,29,25-34,Canada,"fitness, gaming"
83771,Male,21,18-24,United Kingdom,"news, technology, photography"
83779,Female,36,35-44,India,"food, gaming"
83863,Male,24,18-24,United States,news
83934,Other,34,25-34,Australia,"food, news"
83a2b,Male,24,18-24,United Kingdom,fitness
83ba2,Male,27,25-34,Australia,"fitness, gaming, food"
83c1a,Male,20,18-24,United States,"art, fitness"
83c4e,Female,25,25-34,United Kingdom,photography
83c65,Female,50,45-54,Australia,"health, technology, food"
83cc6,Male,29,25-34,United States,"sports, lifestyle, fashion"
83d55,Female,30,25-34,Japan,health
83de9,Other,22,18-24,United States,"fitness, travel, sports"
83e2b,Male,37,35-44,Canada,technology
83e3d,Female,40,35-44,United Kingdom,"finance, gaming, food"
83e3e,Female,36,35-44,United States,fashion
83f2f,Male,16,16-17,United States,art
83f36,Female,20,18-24,India,technology
8404e,Male,39,35-44,Canada,"fitness, food, travel"
84093,Male,34,25-34,United Kingdom,"lifestyle, travel"
840f2,Male,24,18-24,Japan,"lifestyle, fashion, health"
84150,Other,28,25-34,France,"art, travel"
8416b,Male,22,18-24,Mexico,"health, technology, news"
84231,Male,20,18-24,Germany,"travel, finance, gaming"
8424d,Male,42,35-44,United Kingdom,"food, travel"
8427b,Other,24,18-24,United Kingdom,"art, health"
84292,Male,21,18-24,United Kingdom,"food, gaming, fitness"
842a7,Male,16,16-17,United States,"food, fitness"
84323,Male,23,18-24,Canada,fashion
84324,Male,22,18-24,United States,food
8432d,Male,27,25-34,Canada,"travel, art"
84367,Male,28,25-34,United States,"technology, fitness, finance"
8437c,Female,24,18-24,Brazil,news
84441,Male,33,25-34,Germany,art
84445,Male,16,16-17,United Kingdom,sports
84466,Female,24,18-24,Germany,"food, fashion, fitness"
845b7,Male,22,18-24,Canada,"fashion, technology"
845df,Male,38,35-44,India,health
84668,Male,56,55-65,Germany,"travel, art"
846d8,Male,29,25-34,India,"gaming, art, photography"
8476,Other,19,18-24,United States,"lifestyle, finance, fitness"
847d2,Male,23,18-24,Canada,fitness
847f8,Male,32,25-34,Australia,"technology, food, photography"
8487d,Other,37,35-44,Canada,fitness
848ac,Male,28,25-34,United Kingdom,"art, lifestyle"
84917,Female,18,18-24,United States,art
84926,Female,21,18-24,Mexico,"photography, news"
84994,Male,49,45-54,United States,"sports, travel, lifestyle"
849c8,Female,16,16-17,United States,"travel, lifestyle, news"
84a60,Male,30,25-34,United States,"finance, food, technology"
84ad1,Male,20,18-24,United Kingdom,"technology, sports"
84bc1,Male,23,18-24,United States,"gaming, sports, fitness"
84c96,Male,29,25-34,United Kingdom,"lifestyle, gaming, fitness"
84d07,Male,32,25-34,Canada,sports
84d52,Female,37,35-44,United States,"lifestyle, photography"
84dcf,Female,22,18-24,United States,art
84ef1,Male,22,18-24,United States,"health, fitness"
84f0b,Female,16,16-17,United States,"fitness, gaming"
84f39,Male,22,18-24,France,fitness
84f63,Male,27,25-34,Germany,"health, photography, news"
84f7e,Male,45,45-54,Brazil,"lifestyle, fitness"
850d4,Female,27,25-34,India,"fitness, health, food"
85106,Male,27,25-34,United Kingdom,fitness
85270,Male,17,16-17,United Kingdom,"fitness, photography, travel"
85331,Female,33,25-34,United Kingdom,"finance, health"
85379,Female,21,18-24,Germany,"art, technology"
8538c,Female,25,25-34,United States,"lifestyle, health"
85397,Male,42,35-44,India,"art, finance, health"
853ef,Male,33,25-34,India,"art, gaming"
853f0,Male,16,16-17,United Kingdom,"health, gaming, food"
85479,Male,19,18-24,Brazil,health
854a7,Female,16,16-17,United Kingdom,art
85541,Male,46,45-54,Mexico,"news, gaming, finance"
85575,Female,25,25-34,Mexico,lifestyle
8559,Other,42,35-44,United Kingdom,"sports, gaming"
8559c,Female,31,25-34,United States,art
855b2,Male,38,35-44,United States,"news, health"
85699,Female,28,25-34,United States,health
856b8,Male,29,25-34,United Kingdom,"lifestyle, food, technology"
856bc,Female,17,16-17,United Kingdom,sports
856f7,Male,20,18-24,United States,sports
858af,Other,16,16-17,United Kingdom,"health, fitness, photography"
85911,Male,18,18-24,Canada,photography
8595e,Male,27,25-34,United Kingdom,"fashion, lifestyle"
859df,Male,30,25-34,India,technology
859f6,Male,44,35-44,India,sports
85a1e,Other,32,25-34,Canada,photography
85a3e,Male,22,18-24,Canada,"fitness, photography, technology"
85a51,Male,33,25-34,United States,sports
85a74,Female,30,25-34,United States,food
85b16,Female,18,18-24,United States,"sports, art, health"
85b60,Male,21,18-24,United States,"sports, food"
85bd6,Male,31,25-34,United States,"art, fitness, food"
85be3,Female,32,25-34,Canada,"finance, gaming, travel"
85bf4,Male,21,18-24,United States,"food, finance"
85c39,Female,23,18-24,United Kingdom,"technology, lifestyle, fashion"
85d32,Male,28,25-34,United Kingdom,"photography, art"
85d91,Female,34,25-34,United States,"gaming, news"
85f09,Male,26,25-34,United Kingdom,"technology, news"
85f37,Male,34,25-34,United Kingdom,technology
85f68,Male,18,18-24,United States,"art, travel"
85fb4,Male,17,16-17,United Kingdom,sports
86038,Male,16,16-17,Japan,"gaming, lifestyle"
86090,Male,19,18-24,Japan,art
860a3,Male,31,25-34,France,"art, finance, sports"
86103,Male,34,25-34,Germany,"fashion, news"
86139,Male,21,18-24,India,"finance, photography"
8614d,Male,50,45-54,France,"gaming, travel, news"
86185,Male,22,18-24,France,art
861f3,Female,19,18-24,United Kingdom,"travel, gaming"
86383,Male,23,18-24,Japan,"health, finance, art"
863c0,Female,32,25-34,Canada,"sports, technology"
863df,Female,56,55-65,United Kingdom,"lifestyle, photography"
8640a,Female,19,18-24,Australia,"fitness, technology, health"
8643f,Male,30,25-34,Australia,"sports, technology"
86474,Other,39,35-44,Australia,sports
86656,Female,31,25-34,Australia,lifestyle
86663,Female,40,35-44,United Kingdom,"sports, gaming, photography"
8667d,Female,28,25-34,France,technology
8669b,Male,19,18-24,Japan,health
866bf,Female,29,25-34,Germany,"technology, fashion"
86701,Male,24,18-24,United States,"news, health"
86736,Male,30,25-34,Japan,"art, lifestyle"
867b1,Female,19,18-24,United States,news
867de,Female,29,25-34,Canada,"health, food"
8689c,Other,65,55-65,Canada,fitness
8697b,Male,17,16-17,Mexico,"fashion, fitness"
8698b,Female,19,18-24,United States,"sports, photography, technology"
8699b,Female,17,16-17,Germany,"lifestyle, art, technology"
869f3,Male,28,25-34,Canada,"lifestyle, finance, fashion"
86a39,Female,28,25-34,United Kingdom,health
86a9c,Male,26,25-34,Australia,"news, food"
86ac4,Other,25,25-34,Brazil,news
86aec,Male,17,16-17,Japan,"health, fashion, gaming"
86b4c,Female,29,25-34,United States,travel
86b89,Male,30,25-34,United Kingdom,finance
86cb2,Male,34,25-34,United States,fashion
86cca,Male,27,25-34,Canada,"photography, travel"
86d5a,Male,22,18-24,United States,fitness
86d5e,Other,29,25-34,United Kingdom,"news, lifestyle, fitness"
86d6b,Male,19,18-24,Germany,"gaming, technology, photography"
86dc7,Male,39,35-44,India,"art, technology"
86e5a,Male,37,35-44,India,"art, finance"
86fca,Female,29,25-34,Australia,"sports, fashion, photography"
8700c,Male,24,18-24,United Kingdom,fashion
87077,Male,16,16-17,United Kingdom,"technology, gaming"
8708c,Male,18,18-24,Canada,finance
871a6,Male,25,25-34,United States,"health, photography, art"
871bf,Female,18,18-24,Germany,"art, gaming"
871cf,Female,21,18-24,United States,"gaming, finance, photography"
871f3,Male,35,35-44,United Kingdom,technology
87288,Female,19,18-24,United States,"news, food"
872b9,Male,23,18-24,France,"gaming, travel"
87398,Male,25,25-34,Germany,"technology, finance, lifestyle"
873bb,Male,16,16-17,United States,art
873cf,Female,18,18-24,United States,"fitness, lifestyle"
873ea,Other,27,25-34,United States,"finance, sports"
873ff,Other,21,18-24,Canada,"technology, photography"
8742e,Male,38,35-44,United States,news
87431,Male,17,16-17,United States,sports
87439,Male,17,16-17,Brazil,"fashion, news"
87470,Other,48,45-54,Canada,fitness
874a2,Female,35,35-44,United States,"lifestyle, finance"
87514,Female,18,18-24,United States,"gaming, health"
87587,Male,27,25-34,France,"art, news"
87675,Male,37,35-44,United States,"travel, photography, sports"
87677,Male,20,18-24,United Kingdom,"sports, gaming, art"
87678,Male,24,18-24,United Kingdom,"food, lifestyle, sports"
876c1,Male,41,35-44,United States,sports
876d2,Other,44,35-44,United States,"gaming, lifestyle"
87757,Male,21,18-24,United Kingdom,lifestyle
87758,Male,29,25-34,United Kingdom,"travel, lifestyle"
87759,Male,21,18-24,Japan,"food, fashion"
877a7,Male,28,25-34,India,"gaming, food"
878ae,Male,33,25-34,United States,gaming
878b1,Female,20,18-24,India,lifestyle
87994,Male,35,35-44,Canada,photography
8799b,Male,34,25-34,United States,"sports, lifestyle"
87a1e,Male,33,25-34,France,"fitness, photography"
87b04,Other,57,55-65,United States,"lifestyle, art"
87b22,Male,20,18-24,France,"art, fitness"
87b9b,Male,19,18-24,United States,lifestyle
87ba0,Female,19,18-24,Japan,food
87cdb,Male,19,18-24,United Kingdom,sports
87d29,Male,17,16-17,Japan,"health, technology"
87ddd,Other,33,25-34,United States,health
87df8,Male,35,35-44,United States,finance
8804,Male,22,18-24,France,art
8804d,Male,18,18-24,Brazil,fashion
880f6,Male,32,25-34,United States,"sports, art"
881cc,Male,27,25-34,United States,"sports, health"
88229,Female,25,25-34,United States,lifestyle
882d3,Male,30,25-34,United States,"fashion, finance"
882de,Male,23,18-24,Canada,food
88305,Male,26,25-34,United States,"sports, photography, art"
883ed,Male,28,25-34,United States,fashion
8840e,Female,21,18-24,United States,"travel, gaming"
88427,Male,17,16-17,Brazil,travel
884d1,Female,28,25-34,United Kingdom,"gaming, travel, technology"
8852e,Female,30,25-34,United States,"gaming, sports, travel"
8852f,Male,41,35-44,Germany,"lifestyle, photography, fashion"
88534,Male,19,18-24,United States,health
88571,Female,22,18-24,Germany,"sports, travel, gaming"
885c1,Female,29,25-34,France,"photography, technology, lifestyle"
8865e,Female,41,35-44,United States,sports
88666,Male,19,18-24,Australia,technology
886b7,Male,32,25-34,United Kingdom,"art, lifestyle, travel"
8870f,Male,25,25-34,India,"fitness, news"
88722,Male,30,25-34,Australia,fashion
8872f,Female,39,35-44,United States,"fashion, health, gaming"
88782,Male,23,18-24,United States,"finance, news"
887cc,Male,33,25-34,United States,"health, technology"
88817,Other,19,18-24,Germany,"news, sports, lifestyle"
88886,Male,31,25-34,Brazil,"photography, lifestyle"
8889c,Male,28,25-34,United Kingdom,"finance, art"
888df,Female,20,18-24,Australia,"sports, art, fitness"
889cc,Female,38,35-44,France,"art, health"
889dc,Female,34,25-34,Australia,"finance, art"
88aa7,Female,16,16-17,United States,"fitness, sports"
88afc,Female,35,35-44,Canada,"lifestyle, finance, photography"
88b01,Male,22,18-24,United States,"photography, sports, food"
88bee,Male,33,25-34,Germany,"food, photography"
88cb6,Male,18,18-24,United States,technology
88d1e,Female,21,18-24,United States,"sports, travel, lifestyle"
88dcd,Male,32,25-34,United Kingdom,"health, photography"
88eb4,Male,29,25-34,Brazil,"art, technology, travel"
88f1f,Female,26,25-34,Canada,"food, photography"
88f69,Female,31,25-34,India,"technology, health"
88fbb,Male,40,35-44,India,"lifestyle, fashion, fitness"
88fde,Male,16,16-17,United States,"fashion, photography"
89074,Female,39,35-44,Australia,"finance, fitness, news"
89092,Male,29,25-34,Brazil,fitness
890ff,Female,29,25-34,United Kingdom,"fitness, travel, technology"
8917d,Male,24,18-24,Mexico,photography
89216,Male,22,18-24,United States,"art, fitness, news"
892c5,Other,20,18-24,Mexico,finance
892ff,Female,31,25-34,United States,"health, art"
894,Other,16,16-17,United States,fashion
8941a,Female,25,25-34,United States,"finance, gaming"
8941f,Male,17,16-17,United Kingdom,"photography, travel, lifestyle"
895b3,Female,22,18-24,Japan,technology
896d0,Male,26,25-34,Canada,"technology, news, fashion"
8971e,Male,27,25-34,United States,"fitness, gaming, sports"
89737,Male,18,18-24,India,"news, finance"
8978c,Male,30,25-34,India,"health, food, news"
898ec,Female,16,16-17,Mexico,health
898fd,Male,21,18-24,Canada,"fashion, travel"
8996f,Female,23,18-24,Australia,"lifestyle, sports, technology"
89a00,Male,36,35-44,Canada,"art, fitness"
89ac0,Male,20,18-24,Mexico,"fashion, lifestyle"
89b4b,Male,25,25-34,Mexico,photography
89b60,Female,18,18-24,Canada,"sports, health"
89b7b,Male,16,16-17,United Kingdom,art
89bd5,Female,26,25-34,Canada,art
89c9f,Male,18,18-24,Canada,"fashion, sports, technology"
89ccc,Male,16,16-17,Australia,"news, sports, food"
89d4b,Female,20,18-24,Canada,fitness
89df1,Female,40,35-44,France,"fitness, finance, food"
89f3f,Female,27,25-34,Brazil,"fitness, gaming"
89fcd,Female,31,25-34,Canada,"sports, news"
8a098,Male,22,18-24,United States,"gaming, art, fashion"
8a0c7,Female,29,25-34,Brazil,"lifestyle, food"
8a19a,Male,59,55-65,Australia,"art, fitness, finance"
8a19f,Male,23,18-24,United States,"food, travel, lifestyle"
8a1b9,Male,24,18-24,Mexico,"fashion, finance"
8a218,Male,32,25-34,United Kingdom,"art, news, photography"
8a2b9,Male,33,25-34,France,"gaming, photography, news"
8a2dd,Male,37,35-44,Canada,"health, finance, fitness"
8a352,Male,27,25-34,Canada,"fashion, lifestyle, sports"
8a391,Male,40,35-44,Germany,gaming
8a3c9,Male,25,25-34,India,"gaming, news"
8a3cb,Male,38,35-44,Germany,"photography, gaming"
8a4a5,Female,23,18-24,India,"news, finance, fitness"
8a568,Male,25,25-34,United States,news
8a5ad,Male,34,25-34,United States,"technology, news, finance"
8a5c0,Female,19,18-24,United States,"gaming, news, fitness"
8a7e8,Male,30,25-34,Mexico,"finance, health"
8a878,Male,22,18-24,Canada,news
8a95b,Male,17,16-17,United States,"health, fitness, lifestyle"
8a9eb,Male,29,25-34,United States,"gaming, fitness"
8a9f6,Other,34,25-34,United States,photography
8aa28,Male,31,25-34,India,"photography, food, technology"
8aa8c,Female,27,25-34,France,photography
8aabe,Female,36,35-44,India,"fitness, art, food"
8ab2a,Male,20,18-24,Australia,food
8ab7d,Female,30,25-34,United Kingdom,"news, gaming, sports"
8ab98,Male,22,18-24,Germany,art
8abc3,Male,20,18-24,United Kingdom,technology
8abca,Male,38,35-44,India,"fitness, travel, gaming"
8abe2,Male,47,45-54,United Kingdom,fitness
8abfc,Male,32,25-34,India,lifestyle
8ac40,Male,28,25-34,Brazil,"health, technology, finance"
8acac,Male,30,25-34,United States,"gaming, lifestyle, technology"
8ad75,Other,16,16-17,Australia,"travel, technology"
8ad8a,Female,28,25-34,United States,"food, news"
8ada5,Male,22,18-24,United States,travel
8ae7b,Male,26,25-34,United States,lifestyle
8aee0,Other,28,25-34,United States,"sports, photography, technology"
8af72,Female,23,18-24,Canada,technology
8b048,Female,30,25-34,Mexico,"health, photography"
8b0f9,Male,25,25-34,United Kingdom,gaming
8b11f,Female,19,18-24,United Kingdom,sports
8b1f2,Female,18,18-24,Australia,gaming
8b249,Female,22,18-24,Canada,travel
8b3e6,Male,28,25-34,United Kingdom,"news, art"
8b3fa,Male,33,25-34,Australia,"food, photography"
8b424,Male,31,25-34,India,"photography, art"
8b57c,Male,17,16-17,Canada,"travel, sports"
8b5e9,Female,28,25-34,United States,"fitness, travel, art"
8b601,Male,32,25-34,Germany,art
8b66a,Male,37,35-44,United Kingdom,"technology, sports"
8b762,Male,16,16-17,United States,fashion
8b76b,Male,25,25-34,Brazil,sports
8b803,Male,26,25-34,Japan,"photography, fashion, finance"
8b84c,Female,39,35-44,United Kingdom,fitness
8b881,Male,26,25-34,Mexico,gaming
8b93e,Other,40,35-44,United States,"fashion, lifestyle, gaming"
8b9a6,Male,20,18-24,United States,"news, lifestyle"
8ba28,Female,27,25-34,United States,"photography, travel, health"
8bada,Male,34,25-34,Brazil,"finance, lifestyle, fashion"
8baf0,Female,18,18-24,Mexico,"news, art"
8bb2a,Male,23,18-24,United States,"technology, sports, news"
8bc21,Female,21,18-24,India,food
8bc53,Male,19,18-24,United States,finance
8be1d,Female,27,25-34,United States,"technology, photography, health"
8be44,Male,29,25-34,United Kingdom,"fashion, food"
8be7f,Male,34,25-34,United States,finance
8be8a,Male,31,25-34,Japan,"news, travel"
8bfe1,Female,35,35-44,United Kingdom,"sports, travel"
8c04a,Male,42,35-44,India,photography
8c0a6,Male,20,18-24,Mexico,"food, travel"
8c0af,Male,18,18-24,United States,"food, sports, news"
8c149,Female,33,25-34,Australia,"photography, fashion, health"
8c1d7,Male,26,25-34,India,finance
8c308,Male,31,25-34,Canada,health
8c30c,Male,23,18-24,India,"sports, lifestyle, gaming"
8c386,Male,20,18-24,Brazil,"finance, travel, food"
8c3cf,Female,25,25-34,Brazil,"art, finance"
8c466,Male,35,35-44,India,"finance, technology, news"
8c582,Female,24,18-24,United Kingdom,"food, technology, art"
8c5d8,Male,33,25-34,Australia,lifestyle
8c5de,Male,22,18-24,United States,food
8c65d,Other,20,18-24,Germany,"food, fashion, technology"
8c667,Female,27,25-34,Germany,"finance, fitness, fashion"
8c66c,Male,34,25-34,United States,art
8c6b6,Male,41,35-44,United Kingdom,"finance, art, travel"
8c702,Male,28,25-34,France,finance
8c712,Other,28,25-34,India,"gaming, health"
8c71e,Female,26,25-34,United States,"health, art, travel"
8c73b,Female,26,25-34,United Kingdom,"technology, fitness"
8c74e,Male,27,25-34,United States,news
8c7a4,Male,19,18-24,Mexico,"food, technology"
8c85a,Female,31,25-34,United Kingdom,"news, lifestyle, fitness"
8c871,Female,17,16-17,Canada,fashion
8c91d,Male,27,25-34,Australia,"gaming, health, fashion"
8c96a,Male,30,25-34,Germany,finance
8c96f,Male,19,18-24,United Kingdom,"technology, fashion, finance"
8c993,Male,29,25-34,United States,"news, lifestyle"
8cac6,Male,32,25-34,Canada,"health, fashion, technology"
8cb6f,Female,17,16-17,United States,"travel, sports, art"
8cc1b,Male,36,35-44,United States,technology
8cc1d,Male,28,25-34,United Kingdom,"lifestyle, photography"
8ccb3,Other,34,25-34,France,"health, travel, fitness"
8ccc9,Male,16,16-17,United Kingdom,finance
8ccdf,Male,21,18-24,Germany,"lifestyle, food, gaming"
8cce0,Female,37,35-44,United Kingdom,lifestyle
8cd18,Male,17,16-17,United Kingdom,"sports, travel"
8cd2c,Female,32,25-34,United States,health
8cd3d,Female,31,25-34,United States,"art, news, fitness"
8cd51,Female,23,18-24,United States,travel
8cdcf,Male,16,16-17,Brazil,"gaming, food"
8cdf6,Male,25,25-34,India,"art, lifestyle"
8ce07,Male,22,18-24,Brazil,technology
8ce0c,Female,22,18-24,India,fitness
8cf38,Female,18,18-24,India,"photography, news"
8cfc0,Female,35,35-44,United States,"fashion, lifestyle"
8cfc2,Male,22,18-24,Brazil,"health, finance"
8cfd5,Female,20,18-24,Germany,fashion
8d003,Other,30,25-34,United Kingdom,sports
8d019,Female,33,25-34,Germany,finance
8d02c,Female,46,45-54,India,fitness
8d049,Female,21,18-24,Australia,"technology, travel"
8d059,Female,37,35-44,United States,"fashion, health"
8d0db,Male,26,25-34,United States,"technology, lifestyle"
8d184,Male,32,25-34,United States,"photography, fitness, travel"
8d1c6,Male,36,35-44,United Kingdom,"fitness, news"
8d211,Male,19,18-24,United States,finance
8d25d,Male,36,35-44,United States,"lifestyle, fitness, finance"
8d424,Male,25,25-34,India,gaming
8d42e,Male,25,25-34,United States,"health, fitness"
8d438,Male,32,25-34,United Kingdom,"finance, technology"
8d478,Female,17,16-17,Canada,lifestyle
8d47b,Male,24,18-24,Canada,"travel, photography"
8d4bd,Other,34,25-34,Canada,news
8d5d8,Male,23,18-24,Canada,"food, finance"
8d60b,Male,26,25-34,Brazil,travel
8d618,Female,24,18-24,Brazil,art
8d64e,Female,17,16-17,United States,"gaming, fitness, sports"
8d775,Other,21,18-24,United States,"technology, news"
8d887,Male,30,25-34,United States,news
8d9e0,Male,23,18-24,United Kingdom,fashion
8d9eb,Male,20,18-24,Mexico,finance
8da2d,Male,20,18-24,United States,"sports, finance, lifestyle"
8da3e,Other,22,18-24,Canada,"fitness, gaming, news"
8da5e,Male,42,35-44,Mexico,finance
8dbe7,Female,30,25-34,India,"technology, food, photography"
8dc0e,Male,28,25-34,United States,technology
8dc43,Male,31,25-34,Australia,fitness
8dc89,Female,28,25-34,United States,"finance, sports, health"
8dc92,Male,18,18-24,Australia,lifestyle
8dcf6,Male,17,16-17,Germany,"travel, gaming, fashion"
8ddb8,Female,28,25-34,France,"finance, sports, lifestyle"
8ddd8,Other,52,45-54,United Kingdom,"gaming, photography, fashion"
8ddec,Male,24,18-24,India,"sports, gaming"
8ddee,Male,19,18-24,France,sports
8ddef,Male,31,25-34,Brazil,"fashion, photography, technology"
8de64,Male,50,45-54,United States,"photography, technology"
8df55,Male,16,16-17,United States,finance
8df8a,Female,27,25-34,Canada,"gaming, news, health"
8e13b,Male,47,45-54,United States,"fashion, art, food"
8e14c,Male,52,45-54,Canada,"fitness, photography"
8e1de,Female,42,35-44,United Kingdom,"finance, health, art"
8e22c,Male,35,35-44,United Kingdom,"travel, food"
8e2d8,Male,30,25-34,United States,"technology, news"
8e360,Other,30,25-34,Germany,"art, technology, travel"
8e396,Male,49,45-54,Mexico,"travel, lifestyle, fitness"
8e397,Female,24,18-24,United States,"art, fitness"
8e3a7,Female,28,25-34,United States,"sports, fitness"
8e3b0,Male,16,16-17,Germany,"technology, finance, health"
8e457,Female,42,35-44,United States,"food, fashion, art"
8e4e8,Female,20,18-24,Australia,"lifestyle, technology, fitness"
8e55e,Male,38,35-44,Mexico,"gaming, fitness, technology"
8e5b3,Male,26,25-34,India,travel
8e5fc,Male,64,55-65,Germany,"technology, art, food"
8e633,Female,26,25-34,Australia,"photography, fitness, food"
8e69e,Other,17,16-17,Australia,"lifestyle, photography, travel"
8e6f6,Male,21,18-24,United States,"art, sports"
8e72e,Male,51,45-54,United Kingdom,food
8e8d3,Female,32,25-34,United States,"fitness, technology, food"
8e8d7,Male,24,18-24,Australia,"travel, fashion"
8e940,Female,48,45-54,Australia,fitness
8e9a4,Male,16,16-17,Brazil,technology
8e9b7,Male,16,16-17,United Kingdom,"gaming, finance"
8ea60,Other,27,25-34,United States,"fitness, food"
8ea62,Male,30,25-34,United States,"photography, lifestyle, fitness"
8eaf6,Male,34,25-34,Japan,"lifestyle, health"
8ecd8,Female,28,25-34,Canada,"lifestyle, gaming"
8eebb,Female,19,18-24,United States,"health, photography"
8efb3,Male,29,25-34,United Kingdom,"news, finance"
8f1de,Male,16,16-17,Japan,"lifestyle, technology"
8f1eb,Male,26,25-34,United States,"health, art"
8f1ee,Male,28,25-34,India,"fashion, art"
8f225,Male,33,25-34,India,"health, news"
8f24f,Male,36,35-44,Germany,"fitness, finance, sports"
8f2c8,Female,22,18-24,Australia,gaming
8f307,Female,19,18-24,United Kingdom,"technology, sports, food"
8f319,Female,50,45-54,Canada,"technology, news"
8f38e,Male,33,25-34,Germany,"fashion, health"
8f3a2,Female,45,45-54,United Kingdom,"health, art, fashion"
8f3f2,Male,21,18-24,United States,"technology, sports"
8f432,Female,25,25-34,Germany,"photography, fashion"
8f485,Female,18,18-24,Brazil,"food, travel, fashion"
8f4ad,Male,27,25-34,United States,"fashion, sports"
8f552,Male,30,25-34,Australia,art
8f578,Other,16,16-17,Brazil,lifestyle
8f609,Male,16,16-17,United States,"technology, lifestyle"
8f64e,Female,25,25-34,Japan,"art, news"
8f6a1,Male,20,18-24,United States,fitness
8f6e5,Male,19,18-24,United States,"health, lifestyle, fitness"
8f6f5,Female,26,25-34,India,"gaming, lifestyle"
8f8db,Male,26,25-34,United States,fashion
8f935,Male,17,16-17,United States,health
8f944,Male,37,35-44,Australia,"photography, travel, sports"
8f973,Male,20,18-24,Canada,"health, lifestyle"
8fae7,Female,34,25-34,India,"finance, health, photography"
8fb23,Male,22,18-24,United States,"sports, food, health"
8fb7e,Male,17,16-17,Japan,health
8fb82,Female,16,16-17,United Kingdom,sports
8fc45,Male,16,16-17,Canada,food
8fc80,Female,17,16-17,Japan,"fashion, gaming, sports"
8fc99,Female,25,25-34,United Kingdom,sports
8fd7a,Female,32,25-34,United Kingdom,"fitness, fashion"
8fe40,Female,28,25-34,United States,sports
8fe83,Male,24,18-24,Canada,finance
8ff0a,Male,21,18-24,United Kingdom,gaming
8ff1f,Male,34,25-34,United Kingdom,"fitness, finance"
8ff56,Female,18,18-24,United Kingdom,"sports, gaming, photography"
8ff8a,Male,33,25-34,United Kingdom,"fitness, food"
8ffd2,Male,33,25-34,United Kingdom,"gaming, food, technology"
8ffd4,Male,35,35-44,United States,art
9.00E+106,Male,32,25-34,Canada,lifestyle
9.00E+216,Male,28,25-34,United States,"photography, art, food"
9.00E+276,Male,16,16-17,United States,news
9.00E+63,Female,22,18-24,United Kingdom,"travel, technology, sports"
9.00E+83,Other,39,35-44,Mexico,"travel, sports"
9.00E+91,Male,17,16-17,Mexico,"sports, lifestyle"
9.10E+87,Male,50,45-54,United States,"travel, fashion"
9.13E+05,Female,29,25-34,Mexico,"fashion, news"
9.20E+09,Male,42,35-44,India,"sports, food, art"
9.20E+81,Male,22,18-24,India,gaming
9.30E+51,Male,20,18-24,United Kingdom,"fitness, fashion"
9.36E+08,Male,57,55-65,United States,"gaming, fashion"
9.50E+91,Male,24,18-24,India,art
9.53E+10,Male,32,25-34,United States,lifestyle
9.56E+03,Other,20,18-24,United Kingdom,"food, gaming"
9.60E+08,Male,17,16-17,Japan,photography
9.70E+05,Male,21,18-24,Australia,"fashion, fitness"
9.75E+05,Male,50,45-54,India,health
9.79E+09,Female,21,18-24,United States,"lifestyle, fitness"
9.80E+05,Male,25,25-34,Japan,"lifestyle, fashion, fitness"
9.80E+08,Male,55,55-65,Brazil,"travel, technology, food"
9.80E+88,Male,31,25-34,United States,lifestyle
9.81E+06,Female,26,25-34,Australia,"news, finance"
9.87E+05,Female,33,25-34,United Kingdom,travel
9.90E+04,Male,27,25-34,United States,"technology, food"
9.90E+24,Female,25,25-34,United States,"fitness, news"
9.90E+33,Other,22,18-24,United Kingdom,"news, health"
9.90E+67,Female,28,25-34,Japan,"fitness, photography, lifestyle"
9.98E+07,Male,18,18-24,Canada,"fashion, lifestyle, sports"
90005,Female,21,18-24,United States,"travel, finance"
90112,Female,41,35-44,United States,"technology, art, gaming"
9015a,Female,22,18-24,Mexico,"sports, fitness"
9021a,Male,16,16-17,United Kingdom,"gaming, art"
9024b,Male,16,16-17,India,sports
9027c,Female,36,35-44,Japan,food
902ad,Female,58,55-65,Australia,fashion
90310,Male,16,16-17,India,"travel, technology"
90429,Male,18,18-24,Australia,lifestyle
90477,Male,36,35-44,Japan,"lifestyle, travel"
90480,Male,40,35-44,Canada,technology
904eb,Male,17,16-17,Mexico,"art, sports, fitness"
9052d,Female,30,25-34,United States,"finance, gaming"
90548,Male,41,35-44,Canada,"food, travel, sports"
9054d,Male,37,35-44,India,"travel, news"
90619,Female,24,18-24,Japan,finance
9066f,Other,29,25-34,Brazil,"art, fashion, news"
9071a,Male,39,35-44,United States,"photography, lifestyle"
907f6,Male,22,18-24,United States,"fitness, news, travel"
9081b,Male,27,25-34,United Kingdom,"sports, food, finance"
908a9,Male,25,25-34,United Kingdom,food
90961,Male,22,18-24,India,"news, health"
909cb,Female,18,18-24,United States,gaming
90a24,Male,27,25-34,United States,"photography, health, sports"
90a88,Male,30,25-34,United States,photography
90d6c,Male,23,18-24,Canada,photography
90e1a,Female,16,16-17,Japan,"art, food, photography"
90e8b,Male,35,35-44,France,photography
90ea3,Female,25,25-34,Mexico,"travel, finance, lifestyle"
90ee7,Female,27,25-34,Mexico,"news, food, health"
90eec,Male,25,25-34,United States,"art, sports"
90f1e,Male,23,18-24,Mexico,food
910b5,Female,28,25-34,India,gaming
9111f,Male,21,18-24,Japan,finance
9116b,Male,33,25-34,France,news
911a6,Male,33,25-34,Canada,finance
911b4,Male,31,25-34,Germany,"news, art, photography"
91244,Female,18,18-24,United States,"fashion, sports, technology"
912f5,Female,34,25-34,United States,travel
91341,Male,18,18-24,India,"fitness, fashion"
91434,Male,28,25-34,Germany,"fashion, health"
9145b,Male,22,18-24,United Kingdom,"news, travel"
914be,Male,26,25-34,Germany,"gaming, sports, technology"
9158d,Other,27,25-34,Germany,lifestyle
9161d,Male,16,16-17,Australia,fitness
91674,Female,34,25-34,France,fashion
916bb,Male,16,16-17,Mexico,"photography, lifestyle, art"
91708,Female,22,18-24,United States,photography
91851,Female,27,25-34,United Kingdom,"fitness, lifestyle, sports"
9187e,Female,17,16-17,Canada,news
91882,Male,25,25-34,United States,"finance, gaming, fashion"
918d2,Other,16,16-17,Canada,"sports, photography, food"
91902,Female,29,25-34,India,"photography, health, fitness"
91914,Male,28,25-34,United States,"travel, technology, photography"
91937,Male,19,18-24,Japan,fitness
91939,Other,21,18-24,Canada,sports
9194,Female,25,25-34,Brazil,"news, technology"
919ed,Male,27,25-34,United Kingdom,"fitness, lifestyle"
919ee,Female,26,25-34,United States,travel
91a15,Male,22,18-24,France,"food, photography, art"
91a36,Female,21,18-24,France,"gaming, travel"
91a90,Male,25,25-34,Brazil,"lifestyle, art, health"
91b2f,Male,36,35-44,Canada,"sports, health"
91b5c,Male,43,35-44,Canada,photography
91b6a,Male,32,25-34,Canada,health
91b90,Female,41,35-44,United Kingdom,"health, food, lifestyle"
91c44,Other,27,25-34,United States,"gaming, art"
91ca5,Male,16,16-17,United States,"fashion, technology, news"
91d10,Female,20,18-24,United States,"fashion, gaming, fitness"
91d48,Female,31,25-34,India,"fashion, fitness"
91ef6,Female,32,25-34,United Kingdom,"photography, news, gaming"
91fcd,Male,16,16-17,United States,sports
92021,Male,28,25-34,Canada,"travel, health, fashion"
92059,Other,36,35-44,United States,"art, technology"
92120,Male,21,18-24,United Kingdom,sports
92196,Male,24,18-24,Germany,"news, food"
922d1,Male,18,18-24,Canada,fitness
922d4,Male,30,25-34,Mexico,technology
922fd,Male,25,25-34,United States,lifestyle
9238d,Male,36,35-44,Japan,"gaming, sports, technology"
9242d,Male,16,16-17,United Kingdom,"food, technology, fashion"
9244c,Other,24,18-24,Australia,news
9253a,Male,37,35-44,France,"food, fashion"
9260d,Male,20,18-24,Canada,"food, lifestyle, news"
9264b,Male,32,25-34,United States,"lifestyle, art"
9267d,Female,22,18-24,United Kingdom,"finance, photography, art"
9274a,Female,30,25-34,India,"food, fitness, technology"
92773,Female,29,25-34,United Kingdom,health
92779,Female,36,35-44,United States,"art, health, travel"
927b0,Female,31,25-34,United States,"sports, food"
927f2,Male,28,25-34,Germany,technology
92809,Male,35,35-44,Brazil,fitness
92811,Female,21,18-24,United Kingdom,"lifestyle, photography"
92843,Male,23,18-24,India,photography
9286e,Female,36,35-44,Australia,news
92936,Male,30,25-34,Australia,news
929d2,Male,25,25-34,United States,"gaming, travel, finance"
92aad,Male,19,18-24,United Kingdom,"fashion, gaming, news"
92af9,Female,20,18-24,United Kingdom,sports
92b55,Other,21,18-24,United States,"lifestyle, news, travel"
92ee3,Female,16,16-17,United States,"sports, gaming, travel"
92f05,Male,27,25-34,United Kingdom,"lifestyle, finance, photography"
92f0c,Female,36,35-44,United Kingdom,"lifestyle, finance, fitness"
92fdb,Male,45,45-54,Australia,photography
93118,Male,25,25-34,Germany,"finance, health, fitness"
93127,Female,36,35-44,United Kingdom,"finance, lifestyle"
93144,Male,39,35-44,India,"health, sports, photography"
9317,Female,27,25-34,United Kingdom,"sports, lifestyle"
93190,Female,25,25-34,United Kingdom,news
931d2,Male,23,18-24,India,"health, food, sports"
931d7,Female,21,18-24,Canada,"photography, gaming"
9324f,Female,19,18-24,United States,"art, gaming, finance"
93255,Male,43,35-44,United States,"travel, photography"
9328,Male,22,18-24,United Kingdom,art
93322,Male,45,45-54,United Kingdom,"technology, health, food"
9336f,Female,22,18-24,India,"travel, finance, fitness"
93371,Male,44,35-44,Brazil,"finance, lifestyle, gaming"
93391,Male,29,25-34,Brazil,"news, gaming"
933de,Male,21,18-24,Mexico,"lifestyle, fitness, finance"
933f3,Female,29,25-34,United Kingdom,"news, art, travel"
933ff,Female,45,45-54,India,photography
935c6,Female,33,25-34,India,"gaming, photography"
935da,Male,25,25-34,United States,"fitness, art"
93611,Female,20,18-24,Japan,"fitness, health"
93671,Male,24,18-24,United States,photography
93672,Male,29,25-34,United Kingdom,"travel, art, fitness"
936f7,Male,19,18-24,United States,"technology, lifestyle"
93750,Male,31,25-34,United States,lifestyle
93789,Male,36,35-44,United States,"photography, news, lifestyle"
937d7,Female,54,45-54,Japan,"lifestyle, sports, technology"
9389b,Other,20,18-24,Brazil,"finance, health"
9390d,Other,45,45-54,United States,fashion
939db,Male,24,18-24,United States,"travel, fashion, health"
93a77,Other,16,16-17,Germany,"health, gaming"
93a80,Female,25,25-34,Canada,fashion
93b62,Male,35,35-44,Canada,gaming
93b73,Male,34,25-34,Brazil,fitness
93c3e,Other,31,25-34,India,gaming
93c94,Male,28,25-34,Brazil,"fitness, sports, technology"
93d4a,Other,18,18-24,United Kingdom,"finance, art"
93ef7,Female,22,18-24,Brazil,"food, gaming, finance"
94123,Male,41,35-44,Australia,"gaming, technology, travel"
9412a,Male,40,35-44,United States,travel
94134,Male,31,25-34,United States,"gaming, food"
94160,Other,24,18-24,France,"news, photography, gaming"
94171,Male,28,25-34,Mexico,sports
9419e,Female,29,25-34,Brazil,fashion
9420e,Male,36,35-44,Canada,"food, sports, fashion"
94239,Female,19,18-24,Canada,technology
942a9,Male,23,18-24,United States,technology
9434,Male,16,16-17,India,lifestyle
94342,Female,26,25-34,United Kingdom,"art, fitness"
94345,Female,21,18-24,Canada,finance
9437d,Female,36,35-44,Brazil,finance
94413,Male,39,35-44,Germany,"technology, fitness, gaming"
94438,Male,37,35-44,United States,"sports, food, art"
9444a,Female,29,25-34,United Kingdom,food
94458,Female,16,16-17,India,"gaming, travel, fashion"
94490,Male,26,25-34,United States,"sports, news"
944fa,Male,28,25-34,Germany,photography
944ff,Other,26,25-34,Germany,"news, fashion, fitness"
94582,Female,16,16-17,Brazil,lifestyle
94653,Male,41,35-44,Canada,"news, lifestyle, photography"
94660,Male,26,25-34,United States,fashion
9473,Male,27,25-34,United Kingdom,"health, technology"
947be,Female,41,35-44,Brazil,"health, photography"
9481e,Male,45,45-54,Germany,travel
948d2,Female,16,16-17,United States,"art, news"
948fd,Male,24,18-24,India,health
94984,Other,35,35-44,Australia,"photography, finance, travel"
94a98,Male,24,18-24,United Kingdom,fashion
94ae8,Female,27,25-34,United Kingdom,"news, gaming"
94afa,Male,24,18-24,United Kingdom,"finance, technology, health"
94b44,Other,33,25-34,Australia,"food, lifestyle, travel"
94be6,Male,40,35-44,India,news
94bf9,Other,20,18-24,Mexico,"health, technology, gaming"
94c09,Female,18,18-24,United States,finance
94c63,Male,32,25-34,Germany,food
94d94,Female,53,45-54,United States,"travel, food"
94e4a,Male,17,16-17,Canada,"finance, fitness"
94f30,Female,34,25-34,India,"art, news, lifestyle"
94f3e,Male,22,18-24,United Kingdom,"fitness, travel"
94f74,Female,16,16-17,Germany,"gaming, photography, travel"
94fb7,Male,36,35-44,Australia,travel
94fd1,Female,27,25-34,Japan,fashion
95,Female,28,25-34,United Kingdom,"photography, fashion"
95012,Male,27,25-34,United Kingdom,"finance, gaming"
950a2,Male,26,25-34,Mexico,gaming
950ab,Female,39,35-44,United States,"food, gaming"
950b0,Male,23,18-24,Mexico,"health, food, art"
951bf,Male,26,25-34,Japan,"art, lifestyle, food"
95284,Female,23,18-24,Canada,photography
952ae,Female,17,16-17,Japan,news
952b1,Female,25,25-34,Brazil,photography
952c7,Female,16,16-17,United Kingdom,"technology, art, food"
952db,Male,21,18-24,United Kingdom,photography
95340,Male,39,35-44,India,news
95391,Female,26,25-34,France,"photography, art"
9541b,Female,24,18-24,Mexico,"fitness, food, lifestyle"
9548f,Male,34,25-34,Brazil,news
95528,Male,25,25-34,Germany,"art, technology, fitness"
9553,Other,24,18-24,Canada,"sports, fashion"
95575,Male,17,16-17,India,finance
955af,Other,34,25-34,Japan,food
955f6,Male,25,25-34,Canada,technology
95655,Male,32,25-34,Japan,fashion
9566a,Male,24,18-24,Canada,"technology, gaming, news"
956dc,Female,24,18-24,Brazil,"gaming, fitness"
95703,Male,25,25-34,India,photography
95727,Male,16,16-17,Canada,news
95778,Female,28,25-34,Germany,"art, lifestyle"
957aa,Male,33,25-34,Brazil,food
957b0,Other,24,18-24,Australia,"fitness, gaming"
957de,Female,19,18-24,Canada,"fashion, fitness, travel"
95865,Female,24,18-24,Canada,"news, fitness"
95882,Male,26,25-34,United States,"food, health"
95917,Male,27,25-34,United States,"news, food, health"
95ad3,Female,21,18-24,Germany,health
95aea,Male,20,18-24,United States,"health, gaming, food"
95b2b,Other,22,18-24,United States,"fashion, lifestyle"
95bc1,Male,31,25-34,United States,"travel, gaming"
95bc8,Male,26,25-34,United Kingdom,sports
95c70,Male,24,18-24,United States,technology
95d47,Male,29,25-34,Germany,"gaming, travel, fashion"
95edd,Male,29,25-34,India,"sports, news"
95f44,Male,25,25-34,Japan,sports
95f90,Male,35,35-44,Mexico,lifestyle
95fd9,Female,29,25-34,United Kingdom,"technology, art"
9613f,Female,23,18-24,Australia,photography
961d9,Female,28,25-34,United States,"health, fitness"
9621,Female,31,25-34,United States,"technology, fitness"
9625d,Male,25,25-34,Mexico,"travel, lifestyle, technology"
9627d,Male,31,25-34,United Kingdom,"art, fitness, sports"
96289,Other,26,25-34,France,fitness
962db,Other,46,45-54,Germany,fitness
96300,Other,16,16-17,United States,finance
96316,Male,33,25-34,United States,news
96322,Female,33,25-34,India,"news, health"
96348,Female,38,35-44,Germany,"art, gaming, photography"
96354,Male,16,16-17,United Kingdom,finance
9640d,Male,37,35-44,Canada,travel
96452,Male,20,18-24,India,"health, news, travel"
96456,Other,17,16-17,India,"gaming, photography"
96474,Female,23,18-24,India,"travel, technology, fitness"
965a6,Male,16,16-17,Mexico,"fashion, gaming"
965a8,Female,20,18-24,France,"fitness, travel"
965d7,Male,20,18-24,Australia,food
966a1,Male,33,25-34,Canada,"sports, photography, finance"
9670f,Male,33,25-34,France,"finance, photography"
96748,Male,18,18-24,Japan,news
967a5,Male,31,25-34,United Kingdom,lifestyle
967cf,Female,19,18-24,United Kingdom,gaming
967f3,Female,36,35-44,United States,travel
96885,Male,23,18-24,United Kingdom,travel
96894,Female,28,25-34,United Kingdom,finance
96a41,Female,22,18-24,India,"technology, art, fitness"
96a4a,Other,36,35-44,Australia,"health, food, lifestyle"
96a4c,Male,38,35-44,Canada,"travel, food, health"
96aa4,Male,29,25-34,Mexico,food
96ac5,Male,28,25-34,United States,art
96b52,Male,39,35-44,Australia,"lifestyle, finance, fashion"
96c83,Male,19,18-24,Brazil,fashion
96cbc,Male,43,35-44,India,"fitness, sports"
96cc3,Female,22,18-24,Japan,fitness
96e2f,Other,28,25-34,France,"lifestyle, technology, fashion"
96e8c,Other,21,18-24,India,gaming
96eb2,Female,27,25-34,India,"sports, lifestyle"
96eda,Other,25,25-34,United States,"technology, food"
96eea,Male,20,18-24,United Kingdom,"sports, gaming"
96f19,Female,42,35-44,Japan,"fashion, food"
96f1e,Male,32,25-34,Germany,fitness
96f37,Male,24,18-24,India,"gaming, technology, travel"
96f59,Female,18,18-24,Japan,"finance, fashion"
96f60,Male,26,25-34,United Kingdom,"travel, news, technology"
96f6d,Female,21,18-24,Brazil,"health, food"
970ce,Female,52,45-54,Brazil,"health, news"
97127,Female,31,25-34,United States,"fitness, fashion, food"
97191,Male,16,16-17,United States,"lifestyle, fitness"
97262,Female,27,25-34,United Kingdom,"art, travel, health"
972a4,Male,24,18-24,India,"finance, news, photography"
972ae,Female,16,16-17,Brazil,technology
972f1,Female,29,25-34,United States,"finance, gaming, news"
97375,Male,16,16-17,India,lifestyle
973c2,Male,24,18-24,United States,"art, travel"
97404,Male,25,25-34,India,"lifestyle, photography, health"
97409,Female,16,16-17,Brazil,"fitness, health, fashion"
97424,Female,37,35-44,Australia,"art, news, lifestyle"
97446,Male,25,25-34,United Kingdom,"art, gaming, news"
97551,Male,21,18-24,United Kingdom,"health, food"
976fd,Female,16,16-17,Australia,photography
97786,Female,28,25-34,United States,lifestyle
97793,Female,35,35-44,Germany,"fitness, news"
977c3,Female,17,16-17,Brazil,photography
977c5,Male,16,16-17,United States,"lifestyle, travel, technology"
977c9,Male,26,25-34,United States,"news, gaming"
977ed,Female,17,16-17,Australia,"photography, finance, lifestyle"
978d0,Male,34,25-34,Canada,news
9794d,Female,24,18-24,Canada,photography
97966,Female,16,16-17,Australia,technology
9798f,Male,28,25-34,Germany,art
979db,Female,21,18-24,Brazil,sports
97a45,Female,29,25-34,United Kingdom,fashion
97b0b,Male,23,18-24,United States,"lifestyle, art, technology"
97c17,Male,25,25-34,Australia,sports
97ca1,Male,17,16-17,Brazil,"fitness, travel"
97ca4,Male,22,18-24,United Kingdom,"photography, finance"
97d4d,Female,34,25-34,Japan,"finance, health, photography"
97e0e,Female,16,16-17,Brazil,technology
97e4f,Male,19,18-24,France,"travel, technology, lifestyle"
97e8b,Female,18,18-24,Canada,"lifestyle, gaming"
97ebc,Other,32,25-34,India,"fitness, gaming, photography"
97f46,Male,22,18-24,Canada,"fitness, health, technology"
97fc9,Female,18,18-24,Australia,"sports, fashion"
98018,Male,31,25-34,Germany,technology
98050,Male,16,16-17,United States,fitness
980a9,Female,22,18-24,Germany,"travel, technology, art"
980be,Male,22,18-24,Germany,"technology, art"
980c4,Female,34,25-34,Germany,"travel, art"
980eb,Male,16,16-17,India,"gaming, news, food"
980ec,Male,30,25-34,Mexico,gaming
9810c,Male,17,16-17,United Kingdom,finance
98177,Female,34,25-34,Australia,art
98184,Male,43,35-44,United States,"news, food"
9819e,Male,33,25-34,Mexico,"travel, food, sports"
981bd,Male,16,16-17,United Kingdom,"photography, art"
98232,Female,27,25-34,United States,"travel, food, finance"
98264,Male,34,25-34,France,"technology, finance"
98269,Male,21,18-24,India,"sports, news"
98277,Female,24,18-24,United Kingdom,"gaming, sports, photography"
98293,Male,37,35-44,Canada,"news, art"
98295,Female,37,35-44,United States,"sports, health, travel"
982b3,Male,22,18-24,Brazil,"technology, photography"
98315,Male,20,18-24,Mexico,"food, sports"
9837c,Male,16,16-17,United Kingdom,"finance, photography"
98395,Female,16,16-17,United Kingdom,"art, travel, food"
98433,Male,36,35-44,United Kingdom,news
98440,Male,37,35-44,United Kingdom,"news, food, technology"
984b8,Other,17,16-17,Brazil,"news, lifestyle, travel"
984bf,Other,34,25-34,United States,lifestyle
9851b,Female,16,16-17,United States,"news, fitness, travel"
98559,Male,16,16-17,United States,fitness
985a3,Male,23,18-24,United States,technology
985ce,Male,27,25-34,Canada,"sports, photography"
98677,Male,25,25-34,Canada,"travel, news"
986cb,Female,20,18-24,United States,food
98708,Male,24,18-24,Germany,finance
9873a,Other,28,25-34,Canada,sports
987a6,Female,27,25-34,United States,"fitness, news, fashion"
9880d,Female,19,18-24,United States,"travel, art, technology"
9885,Male,26,25-34,Canada,food
98854,Male,16,16-17,Mexico,"gaming, sports, photography"
989a1,Male,16,16-17,United States,"finance, sports"
98b52,Male,22,18-24,United States,lifestyle
98bcc,Other,20,18-24,United States,travel
98bfe,Male,28,25-34,United Kingdom,"finance, travel"
98cf5,Male,44,35-44,United States,"technology, gaming, health"
98d20,Female,22,18-24,Japan,fashion
98d23,Other,35,35-44,Mexico,fashion
98d2a,Male,20,18-24,Mexico,gaming
98d30,Male,24,18-24,United Kingdom,"technology, travel, gaming"
98ec3,Female,22,18-24,Australia,"fitness, news"
98ece,Female,20,18-24,Japan,"food, sports"
98ee6,Male,25,25-34,United Kingdom,"travel, finance, photography"
98f04,Male,38,35-44,Brazil,"finance, fashion, gaming"
98f16,Other,43,35-44,Canada,fitness
98f54,Female,36,35-44,France,"art, travel"
98f59,Male,29,25-34,Australia,"gaming, travel"
98f81,Male,16,16-17,United States,"fashion, health"
98f82,Male,22,18-24,France,"art, gaming, news"
98fdd,Other,19,18-24,Brazil,"lifestyle, technology, gaming"
98feb,Female,20,18-24,United Kingdom,"health, art, travel"
99067,Male,30,25-34,Australia,"fitness, travel, health"
99132,Male,19,18-24,Germany,gaming
99144,Male,20,18-24,Mexico,"finance, news"
991a5,Male,30,25-34,Germany,"food, health"
991af,Other,16,16-17,Germany,"photography, sports, technology"
9932e,Male,48,45-54,Japan,"lifestyle, photography"
99369,Male,42,35-44,United States,travel
99409,Female,28,25-34,France,food
99428,Male,22,18-24,Australia,"health, photography"
99456,Male,23,18-24,United States,"photography, news"
99523,Female,17,16-17,United States,food
996b8,Male,30,25-34,United Kingdom,"technology, lifestyle"
99781,Female,27,25-34,Australia,fitness
99894,Male,27,25-34,Australia,finance
998a9,Female,24,18-24,United Kingdom,"fitness, technology"
9994b,Male,16,16-17,United States,"food, finance"
9995f,Male,34,25-34,United Kingdom,travel
99991,Female,38,35-44,Germany,"technology, travel, fitness"
999f6,Male,36,35-44,Germany,"travel, technology"
999ff,Other,41,35-44,United States,"fitness, sports"
99a39,Female,17,16-17,Canada,"technology, fashion, sports"
99ac5,Male,44,35-44,United States,technology
99b19,Male,20,18-24,Germany,"art, sports"
99b58,Female,18,18-24,United States,fashion
99bb0,Male,23,18-24,United States,"gaming, travel"
99bb8,Male,16,16-17,United States,"travel, photography, technology"
99c25,Female,23,18-24,United States,"news, lifestyle, food"
99d7a,Female,31,25-34,United States,health
99da6,Male,32,25-34,United States,"gaming, fitness"
99e3a,Male,21,18-24,India,finance
99e3f,Male,37,35-44,Canada,fitness
99fd4,Other,23,18-24,United States,"news, fitness"
9a07e,Female,27,25-34,India,"fitness, gaming, photography"
9a0bb,Female,16,16-17,France,sports
9a1ca,Female,22,18-24,France,"photography, food"
9a21f,Male,27,25-34,United States,"lifestyle, sports"
9a22d,Male,35,35-44,France,"gaming, news, finance"
9a25d,Female,24,18-24,Brazil,"art, news, food"
9a27b,Female,28,25-34,United Kingdom,finance
9a2dd,Male,28,25-34,United States,fashion
9a2e0,Male,36,35-44,Germany,"photography, gaming"
9a303,Female,24,18-24,India,"health, technology"
9a34a,Male,16,16-17,France,"gaming, photography, travel"
9a380,Male,16,16-17,India,"gaming, photography"
9a3b1,Male,47,45-54,United States,"technology, fashion, travel"
9a43c,Male,20,18-24,Japan,photography
9a445,Female,25,25-34,United States,"sports, travel, food"
9a478,Male,42,35-44,Germany,"news, gaming, travel"
9a4ac,Female,30,25-34,United States,"technology, travel"
9a539,Female,21,18-24,Germany,art
9a5ed,Female,32,25-34,United States,finance
9a629,Male,17,16-17,United States,"lifestyle, technology, fitness"
9a69a,Male,34,25-34,Germany,"photography, finance, lifestyle"
9a72a,Female,30,25-34,India,"food, fitness, travel"
9a76b,Male,26,25-34,Mexico,"lifestyle, travel"
9a781,Female,26,25-34,Australia,gaming
9a803,Male,20,18-24,United Kingdom,"finance, art, sports"
9a81d,Male,32,25-34,Germany,"sports, gaming"
9a832,Female,25,25-34,United States,photography
9a915,Male,34,25-34,India,photography
9a91a,Male,21,18-24,Canada,health
9a93d,Male,21,18-24,United States,"fitness, finance"
9a9b7,Male,43,35-44,Brazil,"finance, gaming, lifestyle"
9aaf8,Female,19,18-24,Australia,"technology, art"
9ab7d,Female,17,16-17,United Kingdom,"news, lifestyle, health"
9abfe,Male,25,25-34,Australia,"gaming, fitness"
9ac26,Male,22,18-24,Brazil,"travel, sports, technology"
9ac75,Female,34,25-34,France,"food, technology"
9ac9e,Male,33,25-34,India,"art, sports, finance"
9acea,Female,24,18-24,Germany,"travel, sports"
9ad84,Female,17,16-17,United States,"gaming, sports, fitness"
9ae34,Male,16,16-17,United States,"fashion, lifestyle, finance"
9ae53,Male,19,18-24,United Kingdom,fitness
9ae8f,Female,20,18-24,Canada,gaming
9ae97,Male,41,35-44,Germany,"news, technology, lifestyle"
9af42,Male,23,18-24,France,technology
9b079,Male,18,18-24,United States,"photography, lifestyle"
9b08b,Male,26,25-34,United Kingdom,news
9b09f,Female,16,16-17,United Kingdom,"gaming, lifestyle"
9b0a0,Male,27,25-34,United Kingdom,"travel, lifestyle"
9b119,Female,22,18-24,France,"technology, fashion, food"
9b1f2,Male,43,35-44,United States,"health, news"
9b325,Male,33,25-34,Australia,"fitness, news, travel"
9b343,Female,26,25-34,Canada,"travel, art"
9b34d,Other,23,18-24,United States,"technology, sports"
9b384,Male,24,18-24,Australia,"food, gaming"
9b3dd,Female,25,25-34,United States,"news, sports, finance"
9b44a,Other,18,18-24,United States,"gaming, finance, fitness"
9b48b,Male,16,16-17,Brazil,technology
9b516,Male,26,25-34,United Kingdom,"lifestyle, sports, fitness"
9b610,Male,16,16-17,United States,"health, food"
9b842,Male,27,25-34,United States,"photography, art"
9b867,Female,25,25-34,Mexico,food
9b8e5,Female,18,18-24,United Kingdom,"sports, health"
9b960,Male,34,25-34,Canada,sports
9ba5a,Female,39,35-44,United Kingdom,art
9ba76,Other,17,16-17,United Kingdom,"fashion, fitness, art"
9ba91,Female,18,18-24,Australia,"finance, fitness, art"
9bc0c,Male,34,25-34,Germany,fashion
9bc91,Female,17,16-17,Japan,"sports, technology"
9bd06,Female,33,25-34,Canada,"sports, fitness"
9bdaa,Female,27,25-34,United States,food
9be78,Male,21,18-24,United Kingdom,"photography, gaming, sports"
9bedc,Male,26,25-34,United Kingdom,"photography, health, gaming"
9bef6,Other,35,35-44,Canada,finance
9bf33,Male,22,18-24,United States,"fashion, travel"
9bf64,Male,16,16-17,United States,"photography, lifestyle, food"
9bfc1,Male,29,25-34,Australia,"news, health"
9c071,Male,22,18-24,United States,"news, photography"
9c0b9,Male,32,25-34,Canada,"lifestyle, finance, food"
9c142,Male,38,35-44,Germany,"art, sports, technology"
9c145,Female,22,18-24,United Kingdom,fitness
9c1b9,Male,20,18-24,United Kingdom,sports
9c1e4,Other,63,55-65,United Kingdom,"finance, fashion"
9c334,Female,37,35-44,United Kingdom,"gaming, art"
9c339,Other,23,18-24,Mexico,fitness
9c35d,Male,31,25-34,Australia,"lifestyle, health, photography"
9c38b,Male,32,25-34,India,"fashion, sports"
9c3a1,Female,26,25-34,India,"health, lifestyle"
9c3ea,Male,26,25-34,United States,"fashion, lifestyle"
9c3eb,Male,24,18-24,Australia,gaming
9c467,Female,25,25-34,United States,"health, news"
9c4bb,Male,30,25-34,United Kingdom,"fashion, lifestyle"
9c4ca,Female,20,18-24,United States,fitness
9c545,Female,17,16-17,Brazil,"gaming, lifestyle"
9c620,Female,27,25-34,Brazil,finance
9c638,Female,23,18-24,India,photography
9c664,Male,46,45-54,United States,news
9c676,Male,25,25-34,Japan,"lifestyle, food, gaming"
9c8a8,Male,28,25-34,Australia,"travel, technology"
9c8ef,Male,44,35-44,Canada,"news, fitness, food"
9c989,Female,28,25-34,Canada,"food, gaming, finance"
9c9c5,Female,16,16-17,Germany,travel
9c9f1,Other,27,25-34,United States,"fashion, travel, food"
9ca14,Female,35,35-44,United States,gaming
9ca1f,Male,24,18-24,Australia,"food, fitness"
9ca2f,Male,41,35-44,United Kingdom,"fitness, gaming"
9cb67,Female,23,18-24,Canada,"photography, finance, art"
9cb8e,Male,19,18-24,United Kingdom,travel
9cb97,Male,27,25-34,United States,"gaming, travel"
9cc6b,Male,20,18-24,Japan,"photography, news"
9ccab,Male,45,45-54,United States,health
9cccf,Male,23,18-24,Germany,sports
9ccda,Male,33,25-34,Mexico,"technology, sports, lifestyle"
9ccef,Male,24,18-24,Mexico,"fitness, travel"
9cd1d,Female,23,18-24,Australia,food
9ceb4,Male,25,25-34,Germany,art
9ced6,Male,16,16-17,Canada,finance
9cf3d,Male,28,25-34,India,"gaming, technology, news"
9cf99,Female,22,18-24,United States,"food, sports, travel"
9d1d7,Male,21,18-24,Japan,"travel, food"
9d1f6,Female,16,16-17,Australia,"gaming, art, food"
9d222,Male,19,18-24,United Kingdom,"sports, photography"
9d271,Female,19,18-24,France,"travel, finance, lifestyle"
9d385,Male,28,25-34,United Kingdom,"gaming, technology, fashion"
9d3d2,Male,33,25-34,Germany,"fitness, photography, health"
9d3f6,Male,30,25-34,Japan,photography
9d450,Other,28,25-34,Canada,travel
9d484,Male,52,45-54,France,"fitness, news"
9d4cb,Male,21,18-24,Canada,photography
9d4da,Female,19,18-24,United Kingdom,"travel, fitness"
9d58c,Female,35,35-44,United States,"fitness, fashion, art"
9d59a,Male,16,16-17,Mexico,travel
9d617,Male,41,35-44,United States,"photography, lifestyle"
9d639,Male,32,25-34,Japan,"sports, technology, fitness"
9d676,Male,16,16-17,India,"art, photography, gaming"
9d6cb,Male,25,25-34,Germany,art
9d6ed,Male,28,25-34,Australia,"technology, art"
9d79d,Male,16,16-17,India,fashion
9d802,Male,26,25-34,India,"lifestyle, food"
9d842,Female,29,25-34,France,"travel, news, lifestyle"
9d9b9,Male,28,25-34,India,sports
9d9d7,Male,18,18-24,France,"art, technology, fashion"
9da4f,Male,28,25-34,Australia,news
9db12,Female,22,18-24,United Kingdom,"sports, fashion, health"
9db70,Male,17,16-17,United States,"fashion, lifestyle, technology"
9dbaf,Other,42,35-44,Mexico,sports
9dc32,Male,25,25-34,Canada,sports
9dc3d,Female,29,25-34,United Kingdom,"fitness, technology"
9dd1c,Male,18,18-24,Mexico,"fashion, sports"
9dd67,Female,38,35-44,Mexico,gaming
9dd8d,Male,36,35-44,United Kingdom,photography
9dd9b,Female,28,25-34,United States,"art, lifestyle, sports"
9ddf7,Male,29,25-34,United States,lifestyle
9de44,Male,24,18-24,United States,"food, fashion, photography"
9de9c,Female,18,18-24,Brazil,lifestyle
9df77,Female,20,18-24,United States,"lifestyle, fashion, finance"
9dfde,Female,29,25-34,Australia,art
9dff4,Female,28,25-34,United Kingdom,sports
9e0b3,Female,65,55-65,United States,"fashion, technology, travel"
9e0c3,Male,22,18-24,United States,finance
9e313,Male,35,35-44,Brazil,"health, lifestyle"
9e31a,Female,26,25-34,United Kingdom,"travel, food"
9e470,Female,28,25-34,Brazil,"photography, gaming, fashion"
9e47a,Male,38,35-44,Germany,"food, news"
9e542,Male,21,18-24,United States,"fitness, art"
9e5c4,Other,18,18-24,Germany,"travel, finance"
9e690,Female,22,18-24,United States,"travel, news, food"
9e701,Female,26,25-34,United States,"fashion, travel"
9e796,Female,53,45-54,India,lifestyle
9e830,Male,28,25-34,United States,"health, photography, lifestyle"
9e89c,Male,21,18-24,United States,"sports, finance"
9e8a6,Male,16,16-17,Germany,news
9e8b3,Male,30,25-34,Canada,lifestyle
9e8c7,Male,30,25-34,Brazil,"finance, fitness, food"
9e923,Male,34,25-34,Brazil,"fitness, sports, fashion"
9e928,Male,33,25-34,Canada,"travel, sports, health"
9e9cf,Female,29,25-34,Mexico,"art, gaming"
9ea47,Female,25,25-34,Canada,finance
9ea62,Female,29,25-34,United States,"fitness, fashion, gaming"
9ea6a,Male,31,25-34,Brazil,"health, news"
9eaa2,Male,16,16-17,United Kingdom,"fitness, art"
9eaa3,Male,20,18-24,Japan,gaming
9eb5c,Male,20,18-24,Germany,"sports, fashion"
9eba1,Female,29,25-34,Australia,gaming
9ec36,Male,18,18-24,Brazil,finance
9ec3a,Female,24,18-24,Australia,"lifestyle, news"
9edfe,Female,29,25-34,United Kingdom,"fashion, news"
9ee00,Male,22,18-24,United States,food
9ee31,Female,31,25-34,United States,"health, lifestyle, finance"
9eeab,Male,19,18-24,Canada,"fitness, fashion"
9eeda,Male,27,25-34,United States,sports
9efca,Female,26,25-34,United States,"travel, news"
9f0a5,Female,22,18-24,United Kingdom,technology
9f0ed,Female,21,18-24,Australia,finance
9f1c1,Other,39,35-44,Canada,"news, finance, sports"
9f1c2,Female,26,25-34,United Kingdom,"fitness, photography, gaming"
9f24d,Male,27,25-34,India,"sports, finance, gaming"
9f29a,Male,16,16-17,Germany,"fitness, photography, gaming"
9f3a1,Male,38,35-44,France,"fitness, finance, art"
9f3d1,Female,16,16-17,United States,"health, finance"
9f485,Male,24,18-24,United States,"photography, health, fashion"
9f4fb,Male,29,25-34,Australia,"fitness, technology, food"
9f51d,Male,17,16-17,Germany,"food, fitness, sports"
9f579,Male,30,25-34,United States,"news, lifestyle, fashion"
9f589,Male,21,18-24,India,"technology, lifestyle, fashion"
9f599,Other,27,25-34,Canada,health
9f5ee,Female,25,25-34,India,"technology, health"
9f6a2,Other,26,25-34,United States,health
9f702,Male,37,35-44,Germany,"news, technology"
9f706,Female,19,18-24,United States,finance
9f736,Male,29,25-34,United States,"fashion, sports, finance"
9f760,Female,39,35-44,Canada,travel
9f89c,Male,40,35-44,Mexico,food
9f8a2,Female,30,25-34,Brazil,health
9f8d7,Female,18,18-24,Mexico,gaming
9f8dd,Male,27,25-34,India,"sports, photography, food"
9f929,Female,18,18-24,Japan,"health, art, sports"
9f954,Male,26,25-34,Canada,"health, art"
9f964,Male,29,25-34,United States,"fashion, health"
9f98b,Female,25,25-34,United States,"fitness, photography, gaming"
9f9de,Female,26,25-34,Australia,photography
9fbcc,Female,30,25-34,United States,"art, fashion, finance"
9fc3b,Other,31,25-34,United States,health
9fcd7,Female,39,35-44,United Kingdom,"lifestyle, technology, news"
9fd9f,Male,30,25-34,Canada,"food, health, technology"
9fe19,Other,23,18-24,United States,"health, gaming, news"
9fe2a,Male,29,25-34,United States,"travel, photography, fashion"
9fea8,Male,22,18-24,United Kingdom,art
9feef,Male,23,18-24,Germany,"fitness, photography, news"
9ff21,Female,32,25-34,Australia,news
9ff6f,Male,29,25-34,United States,"technology, fashion"
Feb-55,Female,34,25-34,United States,"art, food, lifestyle"
Feb-80,Male,18,18-24,United States,"lifestyle, fitness"
a008b,Other,27,25-34,India,"finance, lifestyle, gaming"
a00b1,Female,23,18-24,United Kingdom,"fashion, travel, photography"
a00ce,Female,23,18-24,Canada,food
a012f,Female,27,25-34,United States,"lifestyle, technology"
a018c,Male,28,25-34,India,sports
a0199,Female,36,35-44,United States,"fashion, technology, health"
a0206,Male,25,25-34,Brazil,"technology, finance, gaming"
a02b9,Male,16,16-17,Canada,"travel, fitness, fashion"
a032f,Female,47,45-54,United States,"gaming, travel"
a033a,Female,19,18-24,Canada,photography
a0413,Female,25,25-34,Australia,lifestyle
a041f,Male,16,16-17,United States,"health, gaming"
a044e,Other,25,25-34,Canada,gaming
a047e,Female,20,18-24,United Kingdom,"health, art"
a04b1,Male,23,18-24,United States,fitness
a04f7,Other,32,25-34,United Kingdom,"finance, health, technology"
a0505,Female,26,25-34,India,fashion
a050d,Other,31,25-34,Australia,news
a05ee,Female,26,25-34,Germany,food
a0612,Male,25,25-34,Australia,news
a0640,Female,35,35-44,Germany,travel
a066f,Male,28,25-34,Mexico,"technology, health"
a067e,Male,47,45-54,Canada,"fitness, photography, fashion"
a068d,Other,35,35-44,United States,news
a06bc,Female,26,25-34,Canada,"news, travel, sports"
a0885,Female,22,18-24,United Kingdom,finance
a089f,Other,30,25-34,Canada,"gaming, food"
a08c1,Female,28,25-34,United States,"photography, finance, lifestyle"
a08c9,Male,23,18-24,Germany,"travel, fitness, finance"
a091a,Male,23,18-24,United Kingdom,fitness
a093e,Male,21,18-24,United States,"finance, fitness, lifestyle"
a09c6,Male,30,25-34,Canada,health
a0a2d,Female,30,25-34,India,"lifestyle, technology"
a0a39,Male,23,18-24,United States,"photography, food"
a0b89,Female,18,18-24,United Kingdom,food
a0c22,Male,22,18-24,United Kingdom,"health, photography, fashion"
a0cc9,Female,20,18-24,United States,"news, technology, food"
a0ce8,Male,16,16-17,United States,"news, sports, technology"
a0d52,Male,33,25-34,Mexico,"news, technology, photography"
a0d6f,Male,44,35-44,Australia,travel
a0e19,Male,26,25-34,Australia,technology
a0ebd,Male,29,25-34,Germany,news
a0ed3,Female,23,18-24,Canada,"finance, sports"
a0ee1,Male,35,35-44,Mexico,"health, art"
a0f2a,Male,40,35-44,Germany,photography
a0f2d,Female,32,25-34,India,"lifestyle, technology"
a0f9a,Male,18,18-24,Germany,"fashion, food, fitness"
a112e,Male,21,18-24,Brazil,lifestyle
a11a3,Male,22,18-24,Japan,"art, photography, fashion"
a11cb,Male,28,25-34,United States,"health, fitness"
a11e5,Female,46,45-54,United Kingdom,"art, technology, news"
a122f,Male,32,25-34,Canada,"health, fashion"
a1231,Male,17,16-17,United Kingdom,"food, fitness"
a125b,Male,39,35-44,Germany,"finance, food"
a1289,Female,28,25-34,Canada,"fitness, finance, news"
a1301,Female,19,18-24,India,food
a13ee,Female,26,25-34,United States,"news, finance"
a1419,Male,31,25-34,Australia,"fashion, lifestyle, technology"
a144a,Male,37,35-44,United Kingdom,"lifestyle, fashion, technology"
a148b,Male,32,25-34,United Kingdom,"health, technology, finance"
a14b6,Male,29,25-34,United States,fashion
a14c9,Male,22,18-24,Germany,"fashion, gaming, finance"
a14f2,Male,43,35-44,United Kingdom,"gaming, lifestyle"
a1531,Male,33,25-34,Canada,fashion
a154d,Male,33,25-34,United States,"fitness, art, travel"
a1567,Other,23,18-24,United States,fashion
a1572,Other,18,18-24,United States,"art, gaming"
a15a7,Female,22,18-24,United States,"travel, sports"
a15f7,Female,24,18-24,India,technology
a1654,Male,21,18-24,Japan,"sports, finance, lifestyle"
a16c9,Female,33,25-34,India,"fitness, news"
a16d3,Male,20,18-24,Canada,lifestyle
a17ad,Male,29,25-34,United States,"travel, art"
a1835,Other,25,25-34,India,"food, health, travel"
a1917,Female,46,45-54,United States,health
a1954,Male,21,18-24,United States,"travel, technology"
a197f,Male,20,18-24,India,"sports, gaming, news"
a1985,Male,24,18-24,United States,"finance, technology"
a19cc,Female,24,18-24,Germany,"news, art"
a1a42,Male,48,45-54,Germany,food
a1a76,Male,38,35-44,Australia,"food, art"
a1b50,Male,32,25-34,United States,"photography, fitness, news"
a1be6,Male,22,18-24,United States,"news, finance, health"
a1c4d,Female,16,16-17,United States,"technology, fashion"
a1c5a,Male,30,25-34,United States,"fitness, travel, fashion"
a1c84,Female,26,25-34,United States,"fashion, technology, travel"
a1d14,Male,31,25-34,United States,"art, fitness, lifestyle"
a1d9e,Male,32,25-34,Germany,"fashion, travel, sports"
a1e11,Male,24,18-24,India,gaming
a1ea3,Male,37,35-44,Australia,"photography, news, gaming"
a1f60,Male,41,35-44,United Kingdom,"lifestyle, fitness, news"
a1feb,Male,27,25-34,India,"gaming, health"
a1ff1,Female,51,45-54,United States,"health, travel"
a2058,Male,33,25-34,United States,"fashion, lifestyle"
a20ad,Male,28,25-34,India,"finance, food"
a2121,Male,32,25-34,United Kingdom,"food, health"
a221a,Male,18,18-24,India,"news, technology, lifestyle"
a2295,Male,38,35-44,United Kingdom,lifestyle
a2387,Male,28,25-34,United Kingdom,sports
a2388,Female,16,16-17,United States,"news, fitness, sports"
a23cc,Female,29,25-34,India,"travel, news"
a2474,Female,24,18-24,United Kingdom,"fitness, health"
a24a3,Other,24,18-24,Brazil,travel
a24cb,Female,42,35-44,Canada,news
a2511,Male,45,45-54,India,"art, gaming"
a2524,Female,21,18-24,United Kingdom,"fitness, fashion, technology"
a2579,Other,37,35-44,Mexico,"technology, finance, travel"
a2602,Male,16,16-17,United Kingdom,"technology, sports"
a2677,Other,28,25-34,Canada,"technology, fashion, lifestyle"
a269a,Female,20,18-24,France,"travel, fitness"
a26ef,Female,37,35-44,United States,"food, art, sports"
a26f1,Other,27,25-34,Australia,"health, art, lifestyle"
a2737,Female,41,35-44,United Kingdom,travel
a27a9,Female,23,18-24,United States,"health, technology"
a286c,Male,32,25-34,Germany,"travel, art"
a28d1,Female,20,18-24,Germany,"finance, art"
a29a8,Male,36,35-44,United Kingdom,"photography, fitness, health"
a2a61,Male,26,25-34,Australia,"photography, lifestyle, health"
a2a93,Female,23,18-24,United States,"fitness, art, photography"
a2a9f,Other,39,35-44,Germany,"photography, travel"
a2b22,Male,28,25-34,Japan,"photography, technology"
a2b3e,Male,22,18-24,Canada,fitness
a2b7a,Female,26,25-34,Canada,"photography, news"
a2b83,Male,43,35-44,United States,"fashion, sports, gaming"
a2bb3,Female,18,18-24,United States,photography
a2bc2,Male,26,25-34,United States,"health, travel, fitness"
a2bcc,Female,27,25-34,United Kingdom,"photography, technology, sports"
a2bed,Male,29,25-34,United States,lifestyle
a2d57,Female,20,18-24,United States,"gaming, photography, technology"
a2dbf,Female,38,35-44,United Kingdom,"finance, art, sports"
a2f46,Male,24,18-24,Germany,lifestyle
a2fc8,Female,36,35-44,United States,"sports, food, photography"
a301a,Male,17,16-17,India,"lifestyle, news"
a30ff,Other,31,25-34,India,travel
a3126,Male,39,35-44,United States,gaming
a3149,Other,28,25-34,India,sports
a31b2,Female,25,25-34,India,food
a31d6,Other,16,16-17,Brazil,"lifestyle, health, technology"
a3215,Male,25,25-34,United States,gaming
a32d2,Male,35,35-44,United Kingdom,"health, fitness, art"
a3351,Female,33,25-34,Mexico,photography
a3403,Male,46,45-54,United States,sports
a349a,Male,21,18-24,United Kingdom,"fashion, lifestyle"
a34e6,Female,23,18-24,Japan,"photography, technology, travel"
a354d,Female,40,35-44,United States,"lifestyle, sports, news"
a3562,Male,30,25-34,United States,"fashion, photography"
a3599,Female,37,35-44,Canada,news
a3630,Male,22,18-24,United States,"travel, finance"
a36b2,Female,28,25-34,France,"news, fitness"
a36da,Male,42,35-44,United Kingdom,"art, technology"
a36e7,Female,27,25-34,Brazil,"travel, news"
a36f6,Male,63,55-65,United States,sports
a374b,Male,16,16-17,Canada,finance
a383b,Female,26,25-34,Canada,"photography, fitness, food"
a383f,Other,27,25-34,United States,"gaming, sports, news"
a3844,Male,44,35-44,United States,"fitness, food"
a388c,Male,35,35-44,United Kingdom,"finance, gaming"
a38e6,Female,30,25-34,United States,sports
a397b,Female,30,25-34,India,news
a398b,Male,23,18-24,Australia,sports
a39c6,Female,27,25-34,United States,fashion
a3a4d,Male,36,35-44,Japan,"lifestyle, gaming, fitness"
a3b26,Female,23,18-24,United Kingdom,gaming
a3b8b,Male,23,18-24,Australia,"art, sports"
a3ba9,Female,37,35-44,India,"lifestyle, fashion"
a3bde,Male,29,25-34,Canada,finance
a3bec,Male,27,25-34,Australia,"technology, lifestyle, photography"
a3c57,Male,35,35-44,India,"art, fitness, technology"
a3cb3,Female,20,18-24,United Kingdom,finance
a3e51,Male,26,25-34,United States,fashion
a3f38,Male,29,25-34,Australia,"fitness, health, art"
a3f60,Male,22,18-24,Canada,"health, photography"
a3f9a,Male,32,25-34,United Kingdom,"sports, travel"
a4010,Female,31,25-34,India,"health, travel"
a405b,Female,18,18-24,United States,"lifestyle, fashion"
a405d,Male,34,25-34,United States,fashion
a4089,Male,35,35-44,Japan,food
a41d2,Male,17,16-17,United Kingdom,travel
a4221,Male,26,25-34,United States,"finance, technology, food"
a4252,Male,22,18-24,Mexico,"photography, food"
a433b,Male,34,25-34,United States,travel
a4388,Male,22,18-24,United States,"fitness, art, photography"
a43ac,Female,32,25-34,United Kingdom,"gaming, travel, finance"
a446c,Male,16,16-17,India,"sports, photography, technology"
a4490,Male,22,18-24,Brazil,"news, fitness, sports"
a44a2,Male,16,16-17,Canada,technology
a44aa,Female,40,35-44,Mexico,"photography, travel"
a4621,Male,20,18-24,India,photography
a468f,Female,23,18-24,Germany,health
a46f2,Male,26,25-34,United States,"news, food, fitness"
a477b,Male,16,16-17,United States,lifestyle
a4889,Male,20,18-24,Canada,food
a48fd,Male,26,25-34,India,technology
a49a7,Male,27,25-34,United States,"health, art"
a49ba,Male,32,25-34,Germany,"finance, health"
a49e8,Female,26,25-34,France,"gaming, fashion, fitness"
a4a98,Male,30,25-34,Germany,photography
a4acc,Female,32,25-34,United States,"fashion, lifestyle, finance"
a4b97,Male,22,18-24,Brazil,"news, fitness, art"
a4c54,Male,23,18-24,Canada,"fashion, lifestyle"
a4cff,Male,33,25-34,Canada,photography
a4d4d,Male,29,25-34,Japan,art
a4d76,Male,32,25-34,United States,lifestyle
a4d92,Female,26,25-34,Brazil,fitness
a4d93,Female,39,35-44,Australia,"photography, food, gaming"
a4d9a,Male,35,35-44,Germany,"photography, health"
a4e7d,Male,31,25-34,United States,news
a4ee4,Male,30,25-34,India,gaming
a4ef0,Female,25,25-34,Canada,"finance, gaming"
a501a,Male,16,16-17,France,"fashion, fitness, lifestyle"
a5041,Female,17,16-17,Mexico,gaming
a50f7,Male,26,25-34,Mexico,"health, lifestyle"
a510f,Male,28,25-34,United States,"fashion, food"
a512c,Male,33,25-34,United States,"sports, gaming"
a51f3,Female,45,45-54,United States,"gaming, fitness, news"
a5294,Male,21,18-24,Germany,"photography, technology, food"
a52c6,Female,18,18-24,India,technology
a52ef,Male,28,25-34,United Kingdom,health
a5370,Male,32,25-34,Germany,"fashion, fitness"
a555a,Other,22,18-24,India,"fitness, gaming"
a5582,Male,18,18-24,Germany,"lifestyle, photography, fashion"
a5620,Male,32,25-34,France,lifestyle
a5647,Male,21,18-24,Canada,photography
a5678,Female,20,18-24,United Kingdom,"news, fashion, art"
a56a7,Female,30,25-34,Brazil,"fitness, travel"
a570d,Male,28,25-34,Mexico,"news, travel"
a5765,Male,29,25-34,Canada,news
a5813,Female,25,25-34,Canada,"food, finance, lifestyle"
a5827,Male,24,18-24,Mexico,"news, finance, lifestyle"
a58c8,Female,21,18-24,Canada,"gaming, art, news"
a58f7,Female,32,25-34,United States,art
a5978,Male,30,25-34,Mexico,photography
a5b22,Female,16,16-17,United States,"finance, health, art"
a5b3b,Female,16,16-17,United Kingdom,lifestyle
a5b4f,Male,50,45-54,Mexico,"technology, photography"
a5c1b,Male,25,25-34,Mexico,"technology, photography, fashion"
a5c3e,Male,26,25-34,United States,"food, lifestyle"
a5dd8,Male,18,18-24,United States,"fitness, art"
a5e53,Female,23,18-24,Brazil,travel
a5e61,Male,31,25-34,United Kingdom,"art, technology, lifestyle"
a5e72,Male,24,18-24,Japan,"technology, photography, news"
a5f27,Female,20,18-24,United Kingdom,"travel, fitness, sports"
a5f46,Female,50,45-54,France,"lifestyle, photography, health"
a5fa1,Male,16,16-17,Germany,"travel, gaming, sports"
a5fe5,Female,21,18-24,United States,art
a5fec,Female,33,25-34,Germany,"finance, news, gaming"
a60a1,Female,30,25-34,Mexico,"health, gaming"
a60cc,Male,42,35-44,India,"fashion, photography"
a6128,Male,26,25-34,United States,"health, photography, finance"
a618b,Male,46,45-54,Germany,"sports, gaming, photography"
a61c5,Male,39,35-44,United States,"travel, food, art"
a622f,Male,30,25-34,United Kingdom,"health, news"
a627d,Female,35,35-44,United States,"photography, technology"
a6342,Male,31,25-34,India,"gaming, news, finance"
a63a3,Female,33,25-34,India,"gaming, food"
a63b9,Male,37,35-44,United Kingdom,"fashion, art"
a63d7,Female,28,25-34,United States,"health, news"
a63e6,Female,31,25-34,Germany,technology
a667d,Other,28,25-34,United States,"technology, news"
a6692,Other,39,35-44,United States,"food, sports"
a6693,Other,36,35-44,United States,"gaming, finance, sports"
a66fb,Male,24,18-24,Brazil,"finance, lifestyle, technology"
a66ff,Male,28,25-34,Mexico,"travel, art"
a6719,Female,20,18-24,India,gaming
a6727,Female,36,35-44,United Kingdom,lifestyle
a6746,Male,51,45-54,United Kingdom,"news, travel"
a6765,Male,22,18-24,United States,news
a67c1,Male,26,25-34,United States,food
a6804,Male,30,25-34,United States,"fitness, finance, news"
a680c,Male,38,35-44,United Kingdom,"health, news, photography"
a6816,Male,27,25-34,India,"food, finance, technology"
a6936,Female,35,35-44,United States,"sports, art, travel"
a699b,Female,18,18-24,United Kingdom,photography
a6a2a,Female,35,35-44,United States,news
a6a40,Male,47,45-54,United States,"fitness, lifestyle, health"
a6b34,Female,30,25-34,Japan,gaming
a6b89,Male,20,18-24,United States,"gaming, technology"
a6bab,Male,24,18-24,Canada,"lifestyle, fashion"
a6bc9,Female,33,25-34,United States,travel
a6bca,Other,17,16-17,Australia,food
a6c11,Male,22,18-24,United States,finance
a6c7a,Male,25,25-34,Australia,gaming
a6cc4,Male,23,18-24,United States,photography
a6dd4,Female,21,18-24,India,"sports, finance"
a6e73,Male,22,18-24,Japan,lifestyle
a6ec2,Male,23,18-24,United States,"photography, news"
a6ed9,Male,28,25-34,Brazil,"fashion, photography, technology"
a6eeb,Female,39,35-44,United States,fitness
a6f13,Male,50,45-54,Germany,"photography, health, technology"
a6f94,Male,38,35-44,Germany,"food, art"
a6f98,Male,18,18-24,Germany,"fashion, lifestyle"
a7073,Male,28,25-34,India,"food, finance"
a70a5,Male,28,25-34,United States,photography
a70f0,Male,18,18-24,United Kingdom,"photography, fitness, health"
a70fe,Male,28,25-34,Australia,"news, art"
a717d,Female,26,25-34,Canada,"sports, photography"
a7198,Male,25,25-34,United States,"lifestyle, news, food"
a71e8,Female,16,16-17,India,fitness
a7218,Female,32,25-34,Germany,fashion
a722c,Male,44,35-44,United Kingdom,food
a730d,Male,31,25-34,India,"travel, lifestyle, fashion"
a731d,Male,26,25-34,Australia,"travel, photography"
a7379,Female,37,35-44,United States,"fitness, sports"
a738c,Male,31,25-34,Australia,"health, fitness"
a7396,Male,52,45-54,Germany,"health, photography"
a73e3,Female,23,18-24,United States,"news, photography"
a73fb,Female,23,18-24,Mexico,travel
a73fc,Female,18,18-24,India,health
a7409,Female,29,25-34,United States,gaming
a7413,Other,23,18-24,United Kingdom,"travel, art, health"
a744c,Other,38,35-44,United States,sports
a7473,Male,31,25-34,Japan,health
a74bb,Male,36,35-44,United States,lifestyle
a74fe,Female,32,25-34,Germany,"fitness, lifestyle, finance"
a7530,Female,55,55-65,Australia,"news, fashion, photography"
a75e2,Male,18,18-24,Mexico,"health, fashion"
a761c,Male,24,18-24,Japan,"fitness, food"
a7655,Male,25,25-34,Australia,"news, lifestyle, sports"
a77b5,Male,19,18-24,United States,"technology, gaming, travel"
a77cf,Female,37,35-44,Canada,"finance, fitness, photography"
a77d3,Male,39,35-44,India,"news, food"
a77e3,Female,24,18-24,Mexico,fashion
a7a04,Male,26,25-34,Japan,"lifestyle, fitness"
a7a51,Female,46,45-54,Australia,"fitness, lifestyle, travel"
a7b34,Male,23,18-24,United Kingdom,"news, art"
a7b42,Male,25,25-34,United States,"health, travel"
a7b86,Male,28,25-34,United Kingdom,"sports, news"
a7c22,Female,31,25-34,Brazil,"lifestyle, photography, finance"
a7d05,Female,40,35-44,United States,lifestyle
a7d28,Male,35,35-44,Mexico,"fitness, lifestyle"
a7e53,Male,43,35-44,United States,"health, travel"
a7e68,Male,29,25-34,Mexico,gaming
a7f01,Female,19,18-24,United States,lifestyle
a8062,Female,21,18-24,India,"sports, travel"
a808b,Female,24,18-24,Brazil,"art, fitness, health"
a808d,Male,17,16-17,United Kingdom,sports
a810c,Male,27,25-34,United States,fitness
a81ca,Other,25,25-34,India,fitness
a8209,Female,18,18-24,United States,"sports, lifestyle"
a8244,Male,24,18-24,United States,"travel, photography, food"
a8290,Other,30,25-34,United States,"food, news, fitness"
a831b,Female,16,16-17,Japan,food
a8405,Male,24,18-24,Australia,"fitness, news"
a84ec,Male,42,35-44,Brazil,"travel, news, photography"
a8505,Female,40,35-44,Mexico,"food, sports, travel"
a850c,Male,20,18-24,United States,"fashion, travel, photography"
a85e4,Male,23,18-24,Japan,fashion
a874d,Female,25,25-34,India,"lifestyle, art"
a876e,Female,24,18-24,United States,"gaming, art"
a8807,Female,27,25-34,India,"lifestyle, fitness"
a8895,Male,49,45-54,Australia,"food, finance"
a88c0,Female,30,25-34,Brazil,lifestyle
a88f4,Male,22,18-24,United States,lifestyle
a8a39,Male,24,18-24,United Kingdom,technology
a8a8d,Male,35,35-44,Canada,"gaming, finance"
a8ad9,Male,49,45-54,United Kingdom,"finance, fitness, health"
a8b3a,Male,39,35-44,Japan,health
a8b90,Female,27,25-34,United Kingdom,"food, technology, art"
a8bc7,Female,29,25-34,Canada,"technology, sports"
a8c2c,Male,35,35-44,United States,fashion
a8cf0,Male,29,25-34,United States,"sports, gaming, travel"
a8d28,Male,41,35-44,United States,"art, photography"
a8ded,Male,21,18-24,Canada,"technology, gaming, art"
a8df8,Male,24,18-24,United Kingdom,"finance, technology, gaming"
a8e42,Female,47,45-54,Canada,"gaming, news, health"
a8e83,Female,36,35-44,United States,technology
a8ec5,Female,29,25-34,Japan,"fitness, technology, art"
a8f19,Female,23,18-24,Canada,"health, finance"
a8f29,Female,18,18-24,India,"health, art, fashion"
a8fce,Male,34,25-34,Germany,"photography, technology"
a9042,Female,37,35-44,Brazil,"art, news, food"
a9054,Other,26,25-34,United Kingdom,"fashion, art"
a906d,Male,16,16-17,Brazil,"gaming, technology, fitness"
a90e5,Male,38,35-44,Brazil,health
a9104,Male,16,16-17,United States,"sports, art"
a91a3,Female,26,25-34,United States,"health, finance"
a923c,Male,36,35-44,United States,"sports, food"
a9266,Male,29,25-34,Germany,travel
a943d,Female,37,35-44,Mexico,travel
a9477,Male,19,18-24,United Kingdom,food
a9490,Other,21,18-24,United States,gaming
a9529,Female,21,18-24,United States,"finance, photography"
a955c,Female,31,25-34,Japan,health
a95f1,Other,22,18-24,India,"technology, lifestyle"
a967f,Female,45,45-54,India,sports
a971e,Male,31,25-34,India,"sports, fashion"
a9a06,Male,29,25-34,France,sports
a9a87,Male,21,18-24,United States,"finance, technology"
a9b30,Male,17,16-17,Australia,travel
a9b86,Male,18,18-24,Germany,"technology, lifestyle"
a9dd8,Female,22,18-24,United States,sports
a9e22,Female,23,18-24,United Kingdom,art
a9ef8,Female,39,35-44,United States,photography
a9f18,Male,38,35-44,United Kingdom,travel
a9f3d,Male,38,35-44,India,"news, art"
aa06b,Male,29,25-34,France,health
aa08d,Male,26,25-34,United Kingdom,fitness
aa138,Male,27,25-34,United States,"art, travel"
aa250,Other,26,25-34,India,"gaming, finance, photography"
aa2b3,Male,19,18-24,France,"lifestyle, fashion, fitness"
aa3af,Female,23,18-24,United Kingdom,"health, gaming, finance"
aa420,Male,18,18-24,United States,lifestyle
aa43f,Female,23,18-24,Japan,health
aa4d3,Male,34,25-34,India,news
aa50a,Male,32,25-34,United Kingdom,"lifestyle, food"
aa510,Other,34,25-34,Canada,"fashion, art"
aa545,Female,24,18-24,United States,fitness
aa625,Female,25,25-34,Brazil,"health, photography, art"
aa652,Male,31,25-34,Canada,health
aa6e2,Female,20,18-24,United States,"food, photography, travel"
aa702,Male,21,18-24,United States,"lifestyle, sports"
aa79d,Female,20,18-24,France,"lifestyle, fashion"
aa80b,Female,20,18-24,Brazil,finance
aa8d0,Male,24,18-24,United States,"gaming, finance, food"
aa9a7,Male,30,25-34,Australia,"gaming, sports, lifestyle"
aa9f6,Male,37,35-44,Brazil,"sports, food, finance"
aaa1a,Female,33,25-34,United States,"fashion, art, travel"
aaa43,Male,31,25-34,United States,"fitness, finance, photography"
aaa5e,Female,34,25-34,United States,"technology, travel, fitness"
aaaef,Female,33,25-34,France,"fashion, lifestyle"
aab12,Female,33,25-34,United States,fashion
aab7c,Male,36,35-44,India,art
aab94,Female,30,25-34,United States,"fitness, technology"
aaceb,Female,41,35-44,France,finance
aacf2,Male,27,25-34,United States,"lifestyle, photography"
aad11,Female,23,18-24,United Kingdom,"lifestyle, health"
aad2f,Male,20,18-24,India,"technology, health, fitness"
aae04,Male,19,18-24,Germany,finance
aae0e,Other,25,25-34,India,"sports, fashion"
aae9b,Male,16,16-17,India,"fitness, technology, gaming"
aaeab,Male,32,25-34,India,sports
aaed1,Female,34,25-34,India,"health, art, news"
aaeff,Male,19,18-24,United Kingdom,"art, finance, news"
ab009,Female,23,18-24,United States,"photography, fitness, sports"
ab029,Male,29,25-34,Canada,travel
ab1ec,Male,33,25-34,United States,"food, technology, gaming"
ab210,Male,33,25-34,Australia,"lifestyle, sports, finance"
ab29f,Male,33,25-34,Germany,art
ab34c,Male,18,18-24,Mexico,"news, travel, photography"
ab3a9,Male,22,18-24,Germany,"fashion, finance"
ab486,Female,38,35-44,Brazil,lifestyle
ab52a,Female,32,25-34,Australia,gaming
ab551,Female,31,25-34,United Kingdom,fitness
ab659,Male,25,25-34,United Kingdom,"fitness, health, technology"
ab719,Female,22,18-24,Germany,"travel, gaming"
ab786,Female,32,25-34,Mexico,"food, fashion"
ab7c0,Female,35,35-44,Germany,"sports, news"
ab83a,Female,27,25-34,United Kingdom,"fashion, food"
ab911,Other,20,18-24,United States,gaming
ab98f,Other,22,18-24,India,technology
ab9a8,Male,20,18-24,Mexico,"sports, news"
ab9ad,Female,38,35-44,Japan,news
abb51,Other,38,35-44,Canada,"sports, fitness"
abbeb,Male,34,25-34,Canada,"art, lifestyle"
abc49,Male,26,25-34,France,"food, art"
abcda,Female,28,25-34,France,"travel, news"
abde9,Female,19,18-24,Brazil,lifestyle
abe50,Male,16,16-17,Australia,"finance, gaming"
abe75,Female,16,16-17,India,"finance, health, technology"
abe8d,Female,23,18-24,Canada,"health, gaming, fashion"
abf68,Female,34,25-34,Germany,sports
ac071,Other,34,25-34,Germany,travel
ac0d1,Male,25,25-34,India,"gaming, fashion"
ac0d8,Female,21,18-24,Germany,"food, travel"
ac10d,Female,16,16-17,United Kingdom,travel
ac1a9,Male,22,18-24,United Kingdom,"fashion, sports, food"
ac216,Male,19,18-24,United States,fitness
ac22e,Male,24,18-24,Brazil,"sports, food"
ac260,Male,28,25-34,United Kingdom,"news, gaming, sports"
ac27c,Male,39,35-44,France,"news, food, gaming"
ac340,Female,21,18-24,Japan,"gaming, food, art"
ac346,Male,35,35-44,Mexico,technology
ac4c0,Female,30,25-34,France,"gaming, health"
ac5f7,Female,33,25-34,United Kingdom,"travel, health, news"
ac5f9,Female,16,16-17,United States,sports
ac632,Male,17,16-17,India,"gaming, fashion, sports"
ac637,Female,30,25-34,United States,sports
ac646,Female,28,25-34,Japan,finance
ac670,Male,24,18-24,India,"health, travel"
ac677,Male,23,18-24,Mexico,"fashion, news"
ac7d9,Female,19,18-24,United States,"travel, lifestyle"
ac7db,Female,49,45-54,Mexico,"art, gaming"
acae1,Female,20,18-24,Japan,"health, finance"
acb6a,Male,46,45-54,Australia,art
acc61,Male,19,18-24,France,travel
acc9a,Male,34,25-34,Australia,"sports, health"
accc0,Female,27,25-34,Brazil,"travel, fitness"
accde,Female,29,25-34,Germany,"fitness, news, health"
acd77,Female,31,25-34,United States,"travel, art"
acdd4,Female,16,16-17,Canada,"photography, finance, fashion"
acdfb,Male,39,35-44,United States,art
ace0d,Other,16,16-17,United States,"technology, fashion"
ace25,Female,40,35-44,Japan,"gaming, photography"
ad03f,Other,29,25-34,Canada,"photography, sports"
ad0a9,Female,23,18-24,United Kingdom,"lifestyle, sports"
ad146,Male,29,25-34,United Kingdom,"food, art, gaming"
ad154,Male,23,18-24,Canada,"finance, travel, lifestyle"
ad2cd,Female,26,25-34,Germany,"fashion, fitness"
ad39e,Male,24,18-24,France,finance
ad405,Female,29,25-34,United States,"fashion, lifestyle, photography"
ad431,Male,35,35-44,United Kingdom,finance
ad5b0,Male,29,25-34,Germany,"fitness, gaming"
ad677,Male,29,25-34,United Kingdom,"gaming, photography, technology"
ad689,Male,21,18-24,United Kingdom,"photography, fashion, food"
ad6de,Male,50,45-54,Germany,"fitness, sports"
ad744,Female,16,16-17,Canada,fitness
ad7eb,Male,16,16-17,France,art
ad839,Female,27,25-34,United States,travel
ad9d2,Female,25,25-34,India,fitness
ad9f1,Other,20,18-24,United States,"art, health"
ada81,Female,35,35-44,United States,"photography, lifestyle"
ada9c,Male,20,18-24,United Kingdom,"fashion, health, finance"
adb38,Male,26,25-34,United Kingdom,sports
adb64,Male,16,16-17,Germany,"technology, food, news"
adbdf,Male,26,25-34,United States,"health, fitness, food"
adc26,Female,28,25-34,Australia,"gaming, news"
adc63,Female,35,35-44,France,"finance, fashion, food"
adcf9,Female,23,18-24,United Kingdom,"lifestyle, fitness, sports"
add7d,Male,27,25-34,Brazil,"sports, finance"
adda7,Other,21,18-24,United States,"technology, fashion"
ade15,Male,38,35-44,Brazil,"health, fitness"
ade29,Other,22,18-24,India,"lifestyle, news, fitness"
ade51,Male,23,18-24,United States,"gaming, food, sports"
adf01,Male,30,25-34,United Kingdom,"news, gaming"
adf8d,Male,16,16-17,United Kingdom,"travel, art, finance"
adf8f,Male,32,25-34,Mexico,news
ae011,Male,38,35-44,India,"sports, travel, gaming"
ae015,Male,35,35-44,United States,photography
ae018,Male,24,18-24,United States,"technology, food"
ae020,Male,22,18-24,United States,sports
ae051,Male,23,18-24,United States,sports
ae061,Female,30,25-34,United States,"finance, news, fashion"
ae0fc,Male,21,18-24,India,fitness
ae133,Female,20,18-24,United States,"news, health"
ae1d6,Male,47,45-54,United States,"lifestyle, fitness"
ae1ec,Male,40,35-44,United States,"news, fitness, lifestyle"
ae226,Male,28,25-34,United States,"fashion, food, sports"
ae324,Male,24,18-24,India,"health, food"
ae371,Male,26,25-34,Canada,art
ae41e,Other,38,35-44,Germany,"travel, health"
ae49a,Female,29,25-34,Japan,"gaming, health, lifestyle"
ae4c1,Female,22,18-24,United States,"news, lifestyle, travel"
ae540,Female,25,25-34,United Kingdom,"food, news"
ae57f,Female,39,35-44,France,"technology, food"
ae649,Male,31,25-34,United Kingdom,"fitness, art, health"
ae69e,Other,22,18-24,Japan,"fitness, lifestyle"
ae6c7,Female,43,35-44,United States,"fashion, lifestyle, food"
ae70a,Male,44,35-44,India,"gaming, finance"
ae83c,Male,23,18-24,United Kingdom,"finance, lifestyle, fashion"
ae84f,Male,17,16-17,France,"art, gaming"
ae8a9,Male,26,25-34,Germany,"fashion, gaming"
ae96c,Female,19,18-24,United States,photography
ae9bd,Female,39,35-44,United Kingdom,"food, sports"
aea2d,Other,26,25-34,Australia,"sports, finance, travel"
aea5c,Male,33,25-34,Brazil,art
aea96,Female,35,35-44,Canada,sports
aeb9f,Female,61,55-65,United States,"gaming, photography"
aeba4,Female,19,18-24,Japan,"photography, food"
aebbe,Female,23,18-24,Brazil,lifestyle
aec1a,Male,37,35-44,Mexico,"food, art, fitness"
aec45,Female,23,18-24,United States,gaming
aec76,Male,28,25-34,Germany,finance
aecf3,Male,30,25-34,Japan,"finance, photography, fashion"
aed35,Male,23,18-24,Brazil,"food, fitness, art"
aedbf,Male,34,25-34,France,news
aee71,Male,23,18-24,United States,fitness
aee86,Male,30,25-34,Canada,"sports, lifestyle, fashion"
aeeff,Male,17,16-17,United States,"lifestyle, art"
aef10,Male,40,35-44,France,health
aef43,Male,33,25-34,Mexico,"travel, news, technology"
aef6e,Other,40,35-44,India,"lifestyle, news, technology"
aef82,Male,17,16-17,Brazil,"lifestyle, travel, sports"
af05e,Female,26,25-34,India,"health, news, fitness"
af0c7,Male,26,25-34,United Kingdom,"travel, lifestyle, health"
af109,Other,22,18-24,India,"fashion, food, health"
af12a,Female,24,18-24,United States,"art, health"
af147,Female,18,18-24,Brazil,photography
af21c,Male,37,35-44,United States,food
af271,Male,26,25-34,United Kingdom,"health, finance"
af2da,Male,39,35-44,United States,art
af344,Female,21,18-24,Australia,"photography, news, fitness"
af3d4,Male,24,18-24,India,lifestyle
af497,Female,16,16-17,United States,"finance, sports, news"
af50f,Male,31,25-34,Australia,"health, technology"
af5f0,Male,17,16-17,United States,"finance, art, gaming"
af610,Female,31,25-34,United States,"art, sports"
af6b2,Other,32,25-34,United Kingdom,fashion
af74b,Other,24,18-24,United States,"fitness, lifestyle"
af7cd,Male,34,25-34,United Kingdom,photography
af853,Female,20,18-24,Japan,"photography, fashion"
af85d,Female,38,35-44,Brazil,"news, fashion, gaming"
af87a,Male,36,35-44,Germany,travel
af8ae,Male,22,18-24,United States,"technology, lifestyle, fashion"
af8d2,Male,20,18-24,United States,"travel, photography"
af914,Male,16,16-17,Germany,"finance, health, food"
af91d,Female,28,25-34,Japan,"sports, finance"
af927,Male,26,25-34,United Kingdom,fashion
af988,Female,16,16-17,United Kingdom,"lifestyle, finance, fitness"
afa70,Male,24,18-24,United States,"lifestyle, sports, fitness"
afaaa,Female,41,35-44,United Kingdom,photography
afb8e,Female,16,16-17,Brazil,photography
afb98,Female,32,25-34,Germany,food
afba5,Female,20,18-24,Australia,"finance, gaming, technology"
afbb4,Male,26,25-34,United Kingdom,"fashion, health, news"
afc17,Male,25,25-34,Germany,lifestyle
afc1b,Male,33,25-34,United States,"art, photography"
afc3d,Male,26,25-34,United States,"lifestyle, fitness, health"
afc4b,Female,24,18-24,Mexico,"art, fashion, health"
afc64,Male,28,25-34,Germany,"art, fashion, gaming"
afd40,Male,20,18-24,Brazil,"gaming, news, art"
afd95,Female,27,25-34,United States,"gaming, technology, fashion"
afd9a,Female,25,25-34,United Kingdom,technology
aff4b,Other,23,18-24,Australia,"photography, sports, technology"
affb5,Female,32,25-34,Canada,technology
b018d,Other,34,25-34,United States,health
b01ae,Female,23,18-24,United States,"fitness, finance"
b030e,Female,48,45-54,France,health
b042a,Male,18,18-24,Australia,"technology, art"
b0486,Male,16,16-17,United States,finance
b0495,Male,34,25-34,United States,art
b04a5,Female,16,16-17,United States,"art, food"
b04df,Male,29,25-34,United Kingdom,"sports, food"
b0505,Other,40,35-44,United States,technology
b0580,Female,23,18-24,Japan,"fitness, news, photography"
b05c4,Female,48,45-54,United States,"food, travel"
b060e,Female,49,45-54,United States,"travel, art"
b06ba,Male,25,25-34,Germany,"gaming, technology"
b070c,Male,23,18-24,United States,gaming
b0739,Female,21,18-24,Germany,"health, gaming"
b07e9,Male,18,18-24,United States,fashion
b094c,Female,24,18-24,Canada,sports
b0965,Male,27,25-34,Germany,"gaming, fitness"
b0986,Female,22,18-24,Germany,"lifestyle, travel, finance"
b0a5a,Male,16,16-17,United States,food
b0b27,Female,22,18-24,Australia,"sports, news"
b0b46,Male,21,18-24,Japan,lifestyle
b0b7d,Female,38,35-44,United States,art
b0b9d,Male,27,25-34,Canada,"food, health"
b0c30,Male,24,18-24,United Kingdom,"news, health, travel"
b0c70,Female,28,25-34,Germany,"art, finance, health"
b0c85,Male,33,25-34,India,"food, fashion, lifestyle"
b0d31,Male,39,35-44,Canada,travel
b0d46,Male,20,18-24,India,travel
b0de1,Male,23,18-24,United Kingdom,"food, gaming"
b0e35,Male,30,25-34,Germany,"health, fitness"
b0ea4,Male,16,16-17,United Kingdom,art
b0eb9,Male,19,18-24,United Kingdom,"photography, fitness, lifestyle"
b0eec,Male,31,25-34,Canada,photography
b0ef6,Male,24,18-24,Japan,news
b0f3d,Male,32,25-34,Germany,"lifestyle, health"
b0f7e,Female,21,18-24,United Kingdom,"sports, finance, news"
b0fac,Male,16,16-17,Mexico,fitness
b1062,Male,23,18-24,Germany,gaming
b1065,Female,22,18-24,India,"news, travel"
b111f,Other,16,16-17,Japan,fitness
b1125,Female,28,25-34,Germany,sports
b1192,Male,19,18-24,Australia,"news, finance, lifestyle"
b11a7,Male,33,25-34,United States,"fashion, finance"
b11c1,Female,27,25-34,United States,health
b120e,Male,21,18-24,United States,"fashion, photography, news"
b1218,Male,30,25-34,United States,health
b1239,Male,37,35-44,Brazil,"news, art, photography"
b123a,Other,16,16-17,Brazil,food
b12a8,Male,18,18-24,United States,sports
b133d,Male,28,25-34,United States,photography
b13b5,Male,29,25-34,Australia,"gaming, fitness, art"
b13db,Male,17,16-17,United States,"art, photography, food"
b13f3,Male,22,18-24,United States,art
b1501,Male,24,18-24,Mexico,travel
b1524,Male,18,18-24,Germany,"news, technology"
b1607,Male,35,35-44,France,"fashion, art, food"
b16ba,Female,42,35-44,Mexico,"health, gaming, fashion"
b16fc,Male,27,25-34,United States,"lifestyle, news"
b171f,Male,24,18-24,United States,"news, lifestyle, travel"
b1779,Other,21,18-24,France,"sports, finance, fitness"
b1843,Male,16,16-17,United States,"fitness, fashion, news"
b18b3,Female,21,18-24,United States,"fashion, news"
b1909,Female,21,18-24,Australia,"photography, health"
b1914,Female,33,25-34,India,finance
b1955,Female,30,25-34,Australia,"fitness, gaming"
b195b,Other,29,25-34,United States,sports
b19be,Female,32,25-34,Australia,"lifestyle, finance, fitness"
b1a64,Male,38,35-44,India,lifestyle
b1b0b,Male,25,25-34,Germany,technology
b1b45,Male,32,25-34,Brazil,fitness
b1b5f,Female,26,25-34,United Kingdom,"gaming, food, finance"
b1b72,Female,32,25-34,United States,gaming
b1bf9,Female,25,25-34,India,"photography, fashion"
b1c66,Other,26,25-34,India,"fitness, news"
b1ca8,Other,26,25-34,Brazil,sports
b1d40,Male,19,18-24,India,"photography, fashion, food"
b1db1,Male,32,25-34,United States,finance
b1dd3,Female,27,25-34,Germany,health
b1ea8,Male,19,18-24,Japan,"food, finance, sports"
b1f07,Male,27,25-34,Canada,"news, gaming, technology"
b1f0b,Male,53,45-54,Germany,"news, lifestyle, gaming"
b2022,Other,32,25-34,France,"sports, photography"
b2088,Male,27,25-34,United Kingdom,"health, gaming, news"
b20d4,Male,40,35-44,Germany,art
b213d,Male,27,25-34,Japan,"food, sports, art"
b22a2,Male,22,18-24,United Kingdom,health
b230f,Female,37,35-44,Germany,lifestyle
b2402,Female,27,25-34,India,"travel, sports"
b24c3,Female,26,25-34,United States,technology
b2518,Male,22,18-24,United States,"finance, lifestyle"
b269d,Female,45,45-54,United Kingdom,"technology, health"
b26a5,Male,24,18-24,United States,sports
b26ca,Male,39,35-44,Canada,"fashion, gaming, health"
b2721,Female,25,25-34,United States,"health, news"
b27e9,Female,25,25-34,France,"technology, news, health"
b27f4,Other,19,18-24,Germany,"photography, sports"
b2911,Male,30,25-34,Germany,"travel, gaming"
b2912,Other,53,45-54,United Kingdom,"fitness, food"
b2915,Male,27,25-34,United States,health
b292f,Male,34,25-34,United States,"travel, gaming, lifestyle"
b299c,Male,21,18-24,United Kingdom,"fitness, sports"
b2a20,Male,19,18-24,Japan,"fitness, food"
b2a65,Male,37,35-44,United States,travel
b2a90,Female,29,25-34,Brazil,"technology, news, photography"
b2aac,Male,26,25-34,United States,"lifestyle, photography"
b2b16,Male,28,25-34,United States,news
b2bce,Male,24,18-24,India,"food, health, art"
b2c1d,Male,57,55-65,United States,"travel, fitness"
b2c80,Male,16,16-17,Germany,"fashion, health"
b2cc7,Male,16,16-17,United Kingdom,"finance, travel"
b2ce4,Female,23,18-24,Canada,"news, art, food"
b2dd6,Male,16,16-17,United States,"lifestyle, fashion, fitness"
b2e75,Female,16,16-17,United States,"lifestyle, health, fitness"
b2f2a,Male,17,16-17,India,"photography, finance"
b2f60,Female,20,18-24,Germany,"photography, travel, lifestyle"
b3016,Male,23,18-24,United States,"fitness, lifestyle, health"
b305b,Male,19,18-24,Canada,"technology, news, food"
b307f,Female,28,25-34,Mexico,health
b3087,Male,29,25-34,United States,"health, food"
b30c8,Female,25,25-34,United Kingdom,"health, finance"
b31ec,Male,26,25-34,Germany,"fashion, sports, art"
b33c5,Female,21,18-24,United Kingdom,"photography, fitness"
b33c8,Female,36,35-44,United States,"news, finance, food"
b3455,Female,29,25-34,Australia,"finance, travel, fitness"
b3473,Other,22,18-24,Japan,"travel, food"
b34cd,Other,20,18-24,United States,"art, news"
b3550,Female,16,16-17,Germany,fitness
b35f0,Female,31,25-34,Brazil,"gaming, finance"
b365c,Male,27,25-34,United States,finance
b36bd,Male,21,18-24,United States,"photography, art, lifestyle"
b3740,Male,18,18-24,France,"photography, sports"
b384d,Female,18,18-24,Germany,sports
b38b6,Male,22,18-24,United Kingdom,"photography, sports"
b3c6d,Other,18,18-24,United States,food
b3c74,Female,31,25-34,Germany,"lifestyle, art"
b3da2,Other,21,18-24,United States,"health, travel, fitness"
b3e28,Male,17,16-17,United States,"travel, health, finance"
b3e63,Male,20,18-24,United States,"fashion, food, travel"
b3e8f,Female,23,18-24,United States,gaming
b3f4b,Female,32,25-34,India,"technology, fashion"
b3f84,Male,24,18-24,United States,lifestyle
b3fe4,Male,25,25-34,United States,gaming
b4005,Male,27,25-34,Germany,"travel, gaming, technology"
b4036,Male,20,18-24,United States,"food, art, health"
b4076,Male,20,18-24,United States,"food, fashion"
b4095,Female,22,18-24,Germany,photography
b40a2,Female,32,25-34,United Kingdom,"technology, finance, fashion"
b4125,Other,26,25-34,United Kingdom,"sports, art, food"
b412b,Male,18,18-24,United Kingdom,"finance, art"
b41fd,Male,18,18-24,United Kingdom,sports
b4221,Male,16,16-17,United States,travel
b439a,Female,25,25-34,Australia,health
b43e2,Female,25,25-34,Germany,"fashion, fitness"
b4461,Male,24,18-24,United Kingdom,"finance, lifestyle"
b446a,Female,34,25-34,Japan,technology
b446f,Male,24,18-24,United States,"health, news"
b44b5,Male,30,25-34,Australia,"news, gaming, art"
b4510,Male,26,25-34,United Kingdom,"gaming, sports, technology"
b461d,Male,25,25-34,Germany,"food, fashion"
b4682,Male,31,25-34,Mexico,"gaming, finance, news"
b46a7,Male,20,18-24,Mexico,"technology, gaming, health"
b483f,Male,40,35-44,Mexico,"finance, photography, fitness"
b4949,Female,43,35-44,Australia,fitness
b49b0,Male,36,35-44,United Kingdom,"news, sports"
b49de,Female,21,18-24,Japan,lifestyle
b49ef,Male,32,25-34,United Kingdom,"art, food"
b4ae0,Male,16,16-17,United Kingdom,"sports, finance, technology"
b4aed,Male,41,35-44,India,"finance, gaming"
b4b22,Female,23,18-24,United Kingdom,fitness
b4b46,Male,45,45-54,United States,travel
b4b4d,Male,35,35-44,Mexico,"finance, photography, lifestyle"
b4c37,Male,31,25-34,India,news
b4c68,Other,18,18-24,United Kingdom,"news, lifestyle, art"
b4c88,Female,28,25-34,Canada,"finance, technology, health"
b4c92,Female,28,25-34,United States,"lifestyle, health, fitness"
b4cd0,Male,50,45-54,United States,"fashion, photography, art"
b4d61,Female,65,55-65,Japan,"photography, food, sports"
b4d89,Female,35,35-44,Mexico,"technology, sports"
b4dd6,Male,35,35-44,Australia,gaming
b4e13,Female,19,18-24,Canada,"fitness, gaming"
b4e95,Female,34,25-34,United States,finance
b4e9f,Male,33,25-34,Germany,"fitness, sports"
b4f3d,Female,18,18-24,United States,fashion
b4f71,Male,32,25-34,United States,"art, travel, fashion"
b4f98,Female,31,25-34,India,"fitness, photography"
b4fed,Male,30,25-34,United Kingdom,sports
b4ff1,Male,16,16-17,United States,sports
b5057,Female,29,25-34,Brazil,"travel, fitness, photography"
b50b7,Male,20,18-24,Brazil,sports
b5145,Male,21,18-24,Canada,fitness
b5177,Male,27,25-34,Canada,technology
b51be,Female,16,16-17,United Kingdom,art
b53a4,Female,33,25-34,United States,"lifestyle, finance, sports"
b53c7,Female,25,25-34,Brazil,technology
b53df,Male,25,25-34,United Kingdom,"fashion, finance"
b545a,Other,17,16-17,United Kingdom,"food, gaming"
b546d,Female,26,25-34,Brazil,"health, travel"
b54fd,Female,33,25-34,United Kingdom,"fitness, food, travel"
b5510,Female,22,18-24,France,"travel, sports"
b55e5,Female,19,18-24,India,finance
b5655,Female,29,25-34,United States,"art, fitness"
b567d,Female,33,25-34,India,"lifestyle, travel"
b5687,Male,17,16-17,Germany,"travel, news"
b56a7,Other,30,25-34,Australia,fitness
b56bd,Male,29,25-34,United States,"fashion, photography, lifestyle"
b56fc,Male,24,18-24,France,food
b571f,Other,28,25-34,United Kingdom,sports
b5776,Other,57,55-65,India,"fashion, sports, gaming"
b5814,Male,25,25-34,India,"gaming, lifestyle, news"
b582a,Female,17,16-17,United States,art
b5856,Female,17,16-17,United States,fitness
b5864,Male,16,16-17,Germany,"photography, technology, sports"
b5894,Other,17,16-17,Mexico,travel
b58a3,Male,26,25-34,France,"gaming, sports, food"
b58a9,Male,26,25-34,Germany,"technology, fitness"
b58e4,Male,25,25-34,India,"fitness, food, gaming"
b5947,Male,23,18-24,United Kingdom,lifestyle
b5999,Other,16,16-17,United States,lifestyle
b59b3,Male,30,25-34,United Kingdom,"sports, food, travel"
b5a0a,Female,33,25-34,Australia,"art, health"
b5ab7,Female,26,25-34,United States,art
b5abf,Male,42,35-44,United States,health
b5ae1,Female,39,35-44,Canada,"fitness, technology, news"
b5c9a,Female,33,25-34,Canada,"health, sports"
b5ce4,Male,22,18-24,India,"finance, gaming, fitness"
b5d0b,Male,22,18-24,Mexico,"food, gaming, photography"
b5e4c,Female,21,18-24,United Kingdom,"technology, fitness"
b5ee7,Male,21,18-24,United States,"lifestyle, food, art"
b5f03,Male,24,18-24,United Kingdom,news
b5f39,Male,41,35-44,India,"photography, finance"
b5f3a,Male,24,18-24,Australia,"technology, travel, art"
b5f47,Female,28,25-34,France,news
b5fa9,Male,21,18-24,Japan,"photography, news, food"
b602f,Male,45,45-54,Brazil,"lifestyle, food"
b603d,Male,25,25-34,Canada,news
b606f,Male,20,18-24,India,"lifestyle, health, travel"
b609d,Male,34,25-34,Germany,travel
b609e,Male,25,25-34,Germany,lifestyle
b60f8,Female,28,25-34,United States,"health, fitness, news"
b617c,Other,16,16-17,India,"news, technology"
b6206,Female,17,16-17,Canada,"finance, photography, technology"
b6269,Male,23,18-24,Brazil,food
b626f,Male,38,35-44,United States,fitness
b628f,Male,31,25-34,Mexico,"gaming, travel"
b632a,Male,29,25-34,Germany,"travel, art, fitness"
b6353,Male,38,35-44,France,"food, finance"
b63e9,Male,52,45-54,United States,photography
b6548,Other,23,18-24,Mexico,"art, fashion, health"
b6645,Male,24,18-24,United States,health
b66a0,Other,33,25-34,United States,"technology, art"
b6746,Male,18,18-24,Japan,"technology, finance"
b67b7,Male,34,25-34,Canada,"photography, technology, news"
b67be,Male,38,35-44,Australia,"technology, photography, finance"
b6865,Male,18,18-24,United States,"news, finance"
b6901,Male,34,25-34,India,"fashion, sports"
b6915,Male,17,16-17,United Kingdom,travel
b6941,Male,21,18-24,France,"photography, fitness, fashion"
b698d,Other,26,25-34,Australia,"fitness, art, food"
b69c6,Female,36,35-44,Germany,"news, finance, food"
b69fb,Male,30,25-34,Mexico,"finance, photography, travel"
b6a7d,Male,18,18-24,United States,"health, news"
b6ae8,Female,27,25-34,Australia,fitness
b6afb,Female,17,16-17,United Kingdom,"art, fashion, travel"
b6b46,Female,34,25-34,Brazil,"technology, finance, sports"
b6b9b,Female,16,16-17,Brazil,technology
b6bb6,Male,26,25-34,United States,gaming
b6c5c,Female,32,25-34,India,"photography, lifestyle"
b6c8a,Male,21,18-24,Germany,news
b6cc7,Other,26,25-34,United Kingdom,"fitness, sports, health"
b6d9b,Male,35,35-44,United States,"gaming, finance"
b6da1,Other,22,18-24,United States,"travel, photography, art"
b6df8,Male,32,25-34,United States,"fashion, health"
b6e08,Male,27,25-34,United Kingdom,"art, fitness, photography"
b6e74,Other,39,35-44,United Kingdom,"sports, health"
b6e8f,Female,30,25-34,United States,"lifestyle, finance, technology"
b6f1d,Male,32,25-34,United Kingdom,lifestyle
b6f58,Male,29,25-34,Australia,"photography, fashion, news"
b6f86,Other,16,16-17,Japan,"news, fashion"
b6fa5,Female,31,25-34,United Kingdom,"fashion, food"
b708c,Male,41,35-44,Japan,"photography, sports"
b70ac,Female,16,16-17,France,technology
b70db,Male,26,25-34,United States,lifestyle
b70fd,Male,24,18-24,United Kingdom,"health, gaming, travel"
b71fe,Female,40,35-44,Mexico,art
b7221,Male,24,18-24,United States,"art, technology"
b7291,Male,16,16-17,Mexico,"health, food"
b72a9,Female,22,18-24,Mexico,"travel, health, gaming"
b7330,Male,36,35-44,Australia,art
b73bf,Female,23,18-24,United States,sports
b73d5,Male,39,35-44,United States,lifestyle
b73e4,Female,16,16-17,Germany,"news, technology, art"
b746f,Male,17,16-17,United States,gaming
b74d1,Male,21,18-24,United States,"health, lifestyle, food"
b755d,Female,29,25-34,United States,"news, travel"
b759f,Male,35,35-44,Canada,fashion
b75c9,Male,35,35-44,United States,"fashion, food"
b75fe,Male,18,18-24,Germany,"finance, technology"
b7628,Male,48,45-54,Australia,"photography, technology"
b762c,Male,29,25-34,United States,"finance, photography, news"
b7674,Female,30,25-34,United States,photography
b7687,Male,25,25-34,United Kingdom,photography
b7730,Female,18,18-24,Brazil,"health, gaming"
b7787,Male,22,18-24,Brazil,"photography, lifestyle, fitness"
b77bc,Male,22,18-24,Canada,"photography, lifestyle, food"
b784a,Female,17,16-17,Brazil,"fashion, lifestyle"
b79c1,Male,32,25-34,Germany,"travel, finance, gaming"
b79e1,Female,46,45-54,United States,"technology, finance, photography"
b7af5,Male,21,18-24,United States,health
b7c20,Male,21,18-24,United Kingdom,travel
b7c47,Male,32,25-34,United States,fashion
b7c4d,Male,22,18-24,Germany,technology
b7c75,Male,22,18-24,Mexico,"food, photography, technology"
b7cc3,Female,18,18-24,United States,"food, lifestyle, technology"
b7dcf,Other,32,25-34,Mexico,lifestyle
b7dea,Female,26,25-34,United States,"finance, lifestyle, photography"
b7e30,Male,35,35-44,Australia,"fitness, lifestyle"
b7f1a,Male,24,18-24,Brazil,"health, fitness, sports"
b7f4f,Female,25,25-34,United Kingdom,"sports, lifestyle"
b7f9b,Male,52,45-54,Brazil,fashion
b7f9d,Male,19,18-24,United States,"art, food"
b7fb8,Male,20,18-24,Australia,"health, finance, sports"
b7fbc,Female,27,25-34,France,"fashion, photography"
b805a,Male,42,35-44,Australia,"gaming, travel"
b8080,Female,29,25-34,United Kingdom,fitness
b8087,Other,16,16-17,Australia,"gaming, health"
b8109,Male,22,18-24,Canada,sports
b812b,Male,29,25-34,Australia,photography
b813d,Female,17,16-17,United States,food
b816f,Female,24,18-24,United States,sports
b817e,Other,18,18-24,United States,"lifestyle, art"
b81a9,Female,29,25-34,United States,"sports, photography"
b81d2,Female,27,25-34,United States,"fashion, technology, fitness"
b81e0,Male,26,25-34,France,gaming
b8218,Other,48,45-54,United States,fashion
b82cf,Male,18,18-24,Mexico,"finance, gaming"
b836b,Female,24,18-24,India,"health, travel"
b83f5,Male,26,25-34,United States,gaming
b8400,Male,24,18-24,Germany,"food, photography"
b849a,Female,48,45-54,United States,art
b8575,Male,29,25-34,United States,fashion
b85a3,Male,27,25-34,United Kingdom,"gaming, photography, travel"
b85b8,Male,16,16-17,United States,"sports, photography, news"
b8602,Female,24,18-24,Germany,"technology, fitness"
b87f7,Female,37,35-44,United States,"sports, gaming, fitness"
b884f,Male,20,18-24,Australia,"gaming, travel, health"
b88a7,Male,38,35-44,Germany,technology
b88df,Male,31,25-34,Germany,"fashion, technology"
b89c3,Female,16,16-17,Germany,"sports, health, finance"
b8a03,Male,22,18-24,United States,"art, technology"
b8a90,Male,30,25-34,United Kingdom,"food, health, gaming"
b8ac2,Female,37,35-44,India,"food, art"
b8b5a,Male,65,55-65,Canada,"gaming, travel"
b8c6a,Female,28,25-34,Brazil,finance
b8c78,Male,29,25-34,Brazil,"travel, technology, gaming"
b8d20,Male,22,18-24,India,"art, health"
b8d46,Female,22,18-24,United Kingdom,gaming
b8df9,Male,16,16-17,United Kingdom,"health, lifestyle"
b8ee1,Female,20,18-24,Australia,food
b8f4a,Female,51,45-54,United Kingdom,"fitness, fashion"
b8fb5,Male,23,18-24,Brazil,"food, sports, technology"
b8ff0,Male,17,16-17,United States,"sports, news, fashion"
b908f,Female,36,35-44,United Kingdom,"photography, sports, food"
b90be,Male,33,25-34,United States,sports
b90c5,Male,26,25-34,United States,"photography, art, sports"
b91a7,Male,30,25-34,United States,"lifestyle, food, travel"
b91c4,Male,16,16-17,Mexico,travel
b926c,Other,32,25-34,Brazil,fitness
b934e,Male,17,16-17,United States,"finance, lifestyle, photography"
b93c2,Male,22,18-24,India,"photography, fitness"
b94af,Female,24,18-24,United States,"fitness, travel, gaming"
b9530,Other,33,25-34,United States,"news, technology, travel"
b953e,Male,30,25-34,United States,"fashion, lifestyle, news"
b9677,Female,21,18-24,Canada,"fashion, gaming"
b967c,Male,18,18-24,Japan,"fashion, art, photography"
b96a7,Female,24,18-24,United States,news
b9744,Male,17,16-17,United States,"finance, technology"
b9750,Male,33,25-34,Japan,photography
b9763,Other,20,18-24,Canada,"art, photography"
b97d1,Male,27,25-34,United States,"fashion, technology, news"
b9807,Male,24,18-24,United States,"travel, art"
b980c,Female,38,35-44,United Kingdom,"news, photography"
b9825,Female,26,25-34,Australia,"news, finance, photography"
b98d1,Other,18,18-24,United States,"news, sports"
b990c,Male,25,25-34,India,travel
b992c,Other,30,25-34,France,travel
b99a1,Female,16,16-17,Canada,"gaming, travel, finance"
b99ee,Other,21,18-24,Japan,"travel, finance, news"
b9a24,Female,49,45-54,India,"fitness, technology, photography"
b9a3d,Male,31,25-34,United States,fashion
b9bfe,Female,35,35-44,France,"photography, health"
b9c69,Male,18,18-24,United States,"sports, technology"
b9c92,Male,16,16-17,United States,"finance, travel"
b9ce7,Male,16,16-17,United Kingdom,"travel, fitness"
b9d7f,Male,32,25-34,United Kingdom,"fitness, sports, health"
b9dd9,Male,32,25-34,United States,"news, lifestyle"
b9de3,Male,25,25-34,Australia,"travel, technology, food"
b9ef4,Male,16,16-17,France,"fashion, lifestyle"
b9ff7,Male,35,35-44,United States,"photography, technology, health"
ba05c,Male,35,35-44,United States,"gaming, fitness"
ba081,Female,45,45-54,United States,"gaming, food, sports"
ba0b3,Female,56,55-65,Brazil,sports
ba101,Male,16,16-17,United Kingdom,"health, food"
ba158,Male,25,25-34,Canada,"lifestyle, finance, sports"
ba16a,Male,26,25-34,United States,"lifestyle, health"
ba1b2,Male,16,16-17,Germany,"lifestyle, fitness"
ba256,Male,22,18-24,Germany,"news, sports, food"
ba26d,Other,24,18-24,United States,travel
ba307,Male,26,25-34,Germany,fashion
ba310,Male,19,18-24,France,"fitness, technology, lifestyle"
ba341,Male,30,25-34,United Kingdom,"sports, technology, art"
ba358,Male,50,45-54,Germany,"travel, fashion"
ba371,Female,29,25-34,Australia,"news, finance, art"
ba3a8,Other,24,18-24,United States,art
ba47f,Other,25,25-34,United States,"fitness, technology"
ba48b,Female,20,18-24,United States,"health, photography, gaming"
ba534,Female,42,35-44,Australia,"sports, lifestyle, art"
ba58e,Male,29,25-34,United States,fitness
ba5af,Other,31,25-34,India,"lifestyle, art"
ba61b,Other,24,18-24,United States,news
ba684,Female,29,25-34,Brazil,"travel, health, photography"
ba6b5,Female,22,18-24,Australia,food
ba6be,Male,16,16-17,United Kingdom,"photography, news"
ba71e,Other,23,18-24,United States,photography
ba7f7,Male,19,18-24,United States,"fashion, food, sports"
baa08,Male,31,25-34,Canada,fitness
baa3b,Male,40,35-44,United States,art
baa5e,Female,30,25-34,Mexico,"news, gaming"
baa76,Male,47,45-54,United Kingdom,"photography, gaming"
baa78,Female,44,35-44,Brazil,"sports, fashion"
bab3b,Female,46,45-54,Canada,health
babc6,Female,22,18-24,United States,"travel, fashion, photography"
babd5,Male,37,35-44,Australia,travel
bac57,Male,19,18-24,France,"technology, art"
bacc9,Male,34,25-34,United Kingdom,fashion
baced,Male,16,16-17,United States,"art, lifestyle, technology"
bae2c,Male,28,25-34,United States,"photography, fitness"
bae6c,Male,37,35-44,United States,lifestyle
bae96,Male,30,25-34,United States,"fitness, photography, fashion"
baebc,Male,27,25-34,United States,"technology, food, fitness"
baed7,Male,18,18-24,Canada,"art, finance, health"
baf38,Male,36,35-44,United States,"fitness, art, news"
baf4b,Male,23,18-24,India,"news, health, photography"
baf66,Female,25,25-34,United States,"travel, finance"
baf6c,Female,18,18-24,United Kingdom,news
bb03f,Male,37,35-44,Germany,art
bb062,Male,31,25-34,United States,"photography, food, art"
bb0df,Male,40,35-44,United Kingdom,"fashion, photography, news"
bb122,Male,18,18-24,Mexico,"fitness, food, sports"
bb145,Female,25,25-34,Canada,"news, food"
bb294,Female,20,18-24,Brazil,"fashion, food"
bb2d0,Male,17,16-17,Germany,"sports, news"
bb4f2,Female,21,18-24,Canada,"fashion, sports, food"
bb548,Male,31,25-34,Japan,"art, gaming"
bb595,Male,29,25-34,Canada,health
bb5a6,Female,19,18-24,Australia,"food, travel"
bb5e1,Female,33,25-34,Brazil,gaming
bb5f2,Male,53,45-54,United States,"gaming, technology"
bb6ac,Male,17,16-17,United States,"fitness, travel"
bb752,Female,19,18-24,India,"travel, sports"
bb7c6,Male,34,25-34,Mexico,"sports, travel"
bb8c6,Male,26,25-34,India,"travel, art"
bb9ca,Other,26,25-34,United States,"sports, news, finance"
bba5b,Female,35,35-44,India,travel
bbb0f,Female,37,35-44,Canada,"food, health"
bbb16,Female,25,25-34,Canada,news
bbb51,Male,25,25-34,United States,"fitness, technology"
bbc0d,Male,27,25-34,France,travel
bbc12,Male,23,18-24,United States,"health, fashion"
bbed6,Female,19,18-24,Germany,lifestyle
bbf13,Female,20,18-24,India,finance
bbffe,Male,34,25-34,United States,"news, photography, gaming"
bc018,Male,16,16-17,United Kingdom,"sports, travel"
bc092,Female,24,18-24,Australia,"finance, sports"
bc097,Female,18,18-24,United States,travel
bc121,Male,29,25-34,Canada,gaming
bc12c,Female,23,18-24,Canada,health
bc132,Other,49,45-54,United Kingdom,"fitness, fashion, lifestyle"
bc19b,Female,19,18-24,United States,"travel, art, fashion"
bc1bf,Male,16,16-17,Australia,photography
bc20d,Female,21,18-24,Japan,"finance, fashion, sports"
bc268,Male,17,16-17,France,news
bc289,Male,23,18-24,Australia,"news, food"
bc315,Female,43,35-44,India,"finance, food, news"
bc321,Male,27,25-34,India,"lifestyle, technology, health"
bc3d5,Male,24,18-24,United States,"gaming, travel, fitness"
bc470,Other,19,18-24,United Kingdom,fashion
bc490,Female,21,18-24,United States,"photography, lifestyle"
bc49a,Male,26,25-34,Australia,photography
bc4b5,Male,24,18-24,United States,food
bc507,Male,25,25-34,India,photography
bc50e,Male,32,25-34,Mexico,"gaming, travel"
bc583,Female,20,18-24,United States,"news, lifestyle, travel"
bc59f,Female,25,25-34,India,"lifestyle, technology"
bc5b3,Male,36,35-44,Australia,fashion
bc5d7,Female,19,18-24,Germany,"lifestyle, travel, fashion"
bc6cb,Male,30,25-34,United Kingdom,"art, photography, technology"
bc6cf,Female,35,35-44,Japan,"health, photography"
bc6d6,Male,24,18-24,Australia,"technology, lifestyle"
bc6e6,Other,40,35-44,France,"food, sports"
bc780,Female,25,25-34,Brazil,"photography, finance, fitness"
bc806,Male,43,35-44,United States,"technology, fashion"
bc837,Male,20,18-24,Japan,"health, sports"
bc890,Female,20,18-24,United States,"photography, travel"
bc8ac,Female,28,25-34,United States,"photography, health"
bc8b2,Other,37,35-44,United States,"sports, lifestyle"
bc902,Male,19,18-24,United States,"gaming, technology"
bc921,Male,33,25-34,Germany,"gaming, news, health"
bc97a,Male,23,18-24,United Kingdom,"gaming, sports"
bc98a,Female,29,25-34,Mexico,finance
bc9c0,Male,22,18-24,Japan,"lifestyle, sports"
bcac7,Male,40,35-44,United States,photography
bcaf4,Male,26,25-34,Australia,"art, health, fitness"
bcb00,Male,42,35-44,France,fitness
bcb6f,Male,22,18-24,United States,"technology, finance"
bcba6,Other,18,18-24,Germany,"fitness, finance, food"
bcbe4,Male,50,45-54,Canada,"photography, fitness, health"
bcc2a,Male,51,45-54,United Kingdom,"sports, art, gaming"
bcceb,Male,20,18-24,Australia,"art, photography, sports"
bcd67,Male,16,16-17,Japan,"gaming, health, travel"
bcdb8,Male,18,18-24,United States,technology
bce83,Male,20,18-24,Germany,"photography, finance, lifestyle"
bce89,Female,34,25-34,United Kingdom,art
bce8e,Male,38,35-44,United Kingdom,"finance, lifestyle, travel"
bcef6,Female,28,25-34,United States,"news, food"
bcf20,Female,31,25-34,India,gaming
bcf26,Other,27,25-34,United States,"finance, fashion, lifestyle"
bcf7d,Male,18,18-24,Australia,"food, travel, news"
bcfb4,Male,29,25-34,Mexico,"sports, health, technology"
bd013,Female,26,25-34,Brazil,"fashion, fitness"
bd0bf,Female,16,16-17,Germany,"gaming, art, travel"
bd0f5,Female,27,25-34,United Kingdom,sports
bd0f7,Female,20,18-24,United States,"food, news, fitness"
bd154,Male,18,18-24,India,lifestyle
bd205,Male,23,18-24,France,gaming
bd263,Male,20,18-24,Mexico,food
bd265,Male,28,25-34,India,"travel, food"
bd2ae,Male,28,25-34,Brazil,"art, health, technology"
bd2e2,Male,26,25-34,France,"sports, photography"
bd399,Male,45,45-54,Germany,"photography, news, sports"
bd39f,Male,16,16-17,United States,lifestyle
bd40f,Female,39,35-44,United Kingdom,"fitness, fashion"
bd425,Male,30,25-34,Australia,travel
bd549,Male,36,35-44,Canada,lifestyle
bd610,Male,22,18-24,United States,"finance, fashion"
bd6bb,Male,23,18-24,United Kingdom,lifestyle
bd6e3,Female,22,18-24,United Kingdom,"health, food"
bd740,Female,28,25-34,United States,"news, fitness, art"
bd748,Female,18,18-24,India,health
bd74a,Male,20,18-24,United Kingdom,"health, news"
bd751,Male,18,18-24,India,"fitness, sports"
bd848,Male,48,45-54,Germany,fashion
bd84c,Other,22,18-24,United States,news
bd887,Female,16,16-17,United Kingdom,gaming
bd89a,Female,33,25-34,Japan,food
bd8c5,Male,33,25-34,United States,"fashion, gaming"
bd93b,Female,30,25-34,India,news
bda4b,Male,27,25-34,United Kingdom,"food, health"
bdafd,Female,39,35-44,Mexico,"gaming, photography, travel"
bdb58,Male,24,18-24,Canada,"health, technology, travel"
bdc70,Other,20,18-24,Canada,"health, photography, art"
bdd05,Female,23,18-24,Canada,"lifestyle, gaming, photography"
bddd5,Male,19,18-24,United States,"sports, technology"
bde9a,Female,16,16-17,United States,"fashion, art, gaming"
be064,Male,24,18-24,United States,"technology, photography"
be0c2,Female,18,18-24,Australia,"health, news"
be0f1,Female,32,25-34,United States,"technology, food"
be10c,Male,46,45-54,Mexico,health
be218,Other,23,18-24,Australia,"fitness, travel"
be219,Female,40,35-44,Canada,photography
be2b4,Other,17,16-17,Australia,news
be340,Male,21,18-24,United Kingdom,"health, finance"
be380,Other,31,25-34,Germany,fashion
be3e7,Male,33,25-34,United States,health
be462,Male,65,55-65,United States,"food, photography"
be496,Female,30,25-34,France,"finance, technology, fashion"
be520,Male,52,45-54,United States,"sports, health, food"
be55a,Male,20,18-24,United Kingdom,finance
be5ec,Female,19,18-24,India,"travel, fitness, fashion"
be6b2,Male,37,35-44,United Kingdom,"travel, fashion, lifestyle"
be6c4,Male,51,45-54,United States,"news, art"
be6e3,Male,35,35-44,Germany,fitness
be6f0,Female,16,16-17,United States,gaming
be74c,Female,31,25-34,Australia,"finance, art, food"
be8e6,Other,34,25-34,United States,health
be913,Male,26,25-34,Germany,travel
be998,Other,25,25-34,Australia,"photography, health"
be9ee,Male,28,25-34,Canada,"health, photography"
bea69,Female,17,16-17,Canada,fashion
beaa7,Female,27,25-34,Japan,"sports, technology, photography"
beae2,Male,23,18-24,India,"sports, food"
beaf7,Male,30,25-34,United States,health
beb68,Male,27,25-34,Germany,"fashion, travel"
beb84,Male,28,25-34,United States,"fitness, technology"
beba1,Male,29,25-34,United Kingdom,"food, sports"
beba6,Male,26,25-34,Mexico,"gaming, health, sports"
bec44,Female,30,25-34,Canada,"fashion, news, health"
beccf,Female,22,18-24,Canada,health
becfc,Male,28,25-34,United States,art
bed1c,Female,16,16-17,Germany,"technology, gaming, travel"
bed2d,Male,21,18-24,Japan,technology
bed73,Male,27,25-34,United States,travel
bedcd,Female,20,18-24,United States,"fitness, gaming"
bee00,Male,16,16-17,India,"art, sports, news"
bef26,Male,38,35-44,United Kingdom,"news, health"
bef31,Male,27,25-34,Brazil,"fitness, news"
bef87,Male,37,35-44,United Kingdom,fitness
befb0,Male,27,25-34,Brazil,news
befb3,Male,30,25-34,France,lifestyle
bf001,Male,25,25-34,United States,"food, lifestyle, art"
bf067,Male,17,16-17,France,"technology, travel"
bf113,Male,29,25-34,United Kingdom,lifestyle
bf226,Female,36,35-44,Canada,lifestyle
bf277,Male,20,18-24,Germany,art
bf2b4,Male,29,25-34,France,"lifestyle, sports, gaming"
bf2b9,Male,30,25-34,Canada,travel
bf3d5,Male,33,25-34,Mexico,"health, technology"
bf4c0,Female,28,25-34,Brazil,"fitness, lifestyle, gaming"
bf4c4,Male,20,18-24,Canada,"finance, fitness, art"
bf50c,Male,33,25-34,United States,"fashion, food"
bf528,Male,28,25-34,Brazil,"gaming, lifestyle"
bf5ba,Female,21,18-24,Japan,"photography, gaming, lifestyle"
bf63a,Male,20,18-24,Mexico,"health, lifestyle"
bf76d,Male,22,18-24,United States,photography
bf846,Other,38,35-44,United States,"fitness, health, food"
bf8d9,Male,28,25-34,India,"lifestyle, technology, finance"
bf8fe,Male,33,25-34,United States,"art, food"
bf91d,Male,17,16-17,Australia,"gaming, fashion, technology"
bf967,Male,29,25-34,United States,fitness
bf9ac,Other,45,45-54,United States,finance
bf9d1,Male,27,25-34,United Kingdom,"sports, travel, food"
bf9dd,Male,27,25-34,United Kingdom,"lifestyle, news, gaming"
bfa9f,Other,29,25-34,Canada,"lifestyle, fitness"
bfadb,Male,29,25-34,Brazil,"travel, fashion, fitness"
bfb09,Male,30,25-34,Mexico,"finance, food, gaming"
bfbf3,Female,26,25-34,United States,"gaming, lifestyle, technology"
bfc9b,Other,27,25-34,Canada,"lifestyle, travel"
bfcaa,Male,30,25-34,United Kingdom,lifestyle
bfd4f,Female,17,16-17,Canada,"art, news, photography"
bfe25,Male,28,25-34,United States,news
bfed9,Male,27,25-34,Australia,"food, sports"
bffae,Other,40,35-44,United Kingdom,travel
c0031,Female,22,18-24,Germany,sports
c025d,Male,22,18-24,Australia,"health, gaming, fashion"
c0298,Male,31,25-34,Mexico,finance
c0300,Male,32,25-34,United States,lifestyle
c0320,Female,22,18-24,United States,"finance, gaming"
c0367,Female,21,18-24,Germany,"fashion, news"
c0472,Female,18,18-24,United Kingdom,"news, technology, health"
c04f2,Female,22,18-24,Canada,"health, sports, fitness"
c0527,Male,18,18-24,United States,"art, travel"
c05e2,Female,17,16-17,Canada,finance
c0641,Female,30,25-34,United Kingdom,photography
c0649,Female,37,35-44,Germany,"photography, travel, fitness"
c0739,Female,33,25-34,Brazil,food
c0797,Male,31,25-34,Germany,"art, food"
c082e,Male,23,18-24,Brazil,"photography, sports, travel"
c08c3,Male,31,25-34,Canada,health
c0a03,Male,33,25-34,Germany,"food, photography"
c0a81,Female,29,25-34,United Kingdom,"food, sports, gaming"
c0af1,Female,48,45-54,Canada,"fashion, travel"
c0b1b,Male,16,16-17,United States,"travel, photography"
c0bf2,Male,23,18-24,Canada,technology
c0cca,Male,20,18-24,Brazil,"fitness, health, finance"
c0d02,Male,21,18-24,Germany,fitness
c0d61,Female,26,25-34,Germany,food
c0d9e,Male,25,25-34,United Kingdom,"health, finance, news"
c0f03,Male,23,18-24,Mexico,"art, news, fashion"
c0f4b,Female,54,45-54,United States,"photography, gaming, fitness"
c10a7,Female,30,25-34,United States,sports
c10ea,Other,36,35-44,Canada,food
c117d,Female,22,18-24,United Kingdom,"fashion, technology"
c1261,Male,16,16-17,Mexico,"food, technology, fashion"
c129c,Other,27,25-34,United States,"fashion, art, travel"
c12f8,Female,26,25-34,Brazil,sports
c135e,Male,32,25-34,United States,fitness
c1416,Male,20,18-24,France,art
c1450,Male,16,16-17,Brazil,"gaming, health, art"
c145a,Male,16,16-17,Mexico,fashion
c14ee,Other,18,18-24,United Kingdom,"finance, health, photography"
c1568,Female,39,35-44,United States,"photography, news"
c1572,Female,18,18-24,Australia,"gaming, lifestyle"
c15b4,Male,32,25-34,France,photography
c164e,Other,17,16-17,United Kingdom,finance
c1679,Male,37,35-44,Brazil,"technology, sports"
c169c,Male,24,18-24,India,"lifestyle, news, health"
c16fd,Female,36,35-44,India,"photography, fashion, health"
c1795,Male,34,25-34,United States,lifestyle
c189d,Male,19,18-24,Canada,gaming
c18a3,Female,26,25-34,United Kingdom,health
c18cf,Male,40,35-44,Canada,food
c18f2,Male,20,18-24,India,"health, news, finance"
c190f,Female,22,18-24,Canada,photography
c19bc,Female,33,25-34,Germany,"photography, fashion, finance"
c1ac5,Male,43,35-44,India,"gaming, food"
c1b12,Male,39,35-44,United States,news
c1b75,Female,37,35-44,Canada,"technology, sports, art"
c1b96,Male,25,25-34,United States,fashion
c1be6,Male,28,25-34,Japan,"health, finance, food"
c1bfd,Female,33,25-34,United Kingdom,"technology, fitness"
c1c8c,Male,56,55-65,Canada,"gaming, finance, art"
c1d1a,Male,33,25-34,United Kingdom,"travel, lifestyle, fitness"
c1e04,Female,29,25-34,Mexico,"health, lifestyle, technology"
c1ed9,Female,29,25-34,Australia,"lifestyle, technology"
c1ef3,Male,18,18-24,United Kingdom,fitness
c1f2a,Female,18,18-24,Mexico,technology
c21a3,Male,23,18-24,Germany,photography
c21de,Male,29,25-34,United States,"travel, fashion, photography"
c220b,Female,19,18-24,India,"health, fashion"
c224e,Other,31,25-34,Brazil,"news, finance"
c2280,Male,40,35-44,United Kingdom,"lifestyle, travel"
c22b3,Female,21,18-24,Australia,"lifestyle, food, fitness"
c237b,Male,16,16-17,United States,"finance, photography"
c2381,Male,27,25-34,Canada,"sports, news, health"
c23c7,Male,19,18-24,France,"news, fashion"
c240a,Male,27,25-34,United States,health
c2449,Female,27,25-34,United States,photography
c2452,Female,21,18-24,United States,travel
c2467,Female,18,18-24,United States,"fashion, photography"
c24ad,Other,20,18-24,United States,"gaming, sports, photography"
c25d9,Other,39,35-44,United States,"travel, lifestyle"
c27a5,Male,37,35-44,United States,"gaming, health"
c2923,Other,30,25-34,United Kingdom,"fitness, lifestyle, health"
c2963,Male,30,25-34,Japan,"lifestyle, photography"
c2995,Male,18,18-24,Canada,"fashion, travel, lifestyle"
c29b9,Female,39,35-44,United Kingdom,art
c29bb,Other,33,25-34,United States,technology
c29c1,Male,18,18-24,United States,"health, finance"
c2a24,Male,20,18-24,United States,"lifestyle, art, technology"
c2a8d,Male,22,18-24,Australia,lifestyle
c2a95,Female,28,25-34,Australia,"lifestyle, food"
c2a9b,Male,20,18-24,Mexico,"lifestyle, fitness"
c2b6c,Female,31,25-34,India,lifestyle
c2ec3,Other,27,25-34,Germany,technology
c2fa2,Female,35,35-44,Australia,"news, finance, fashion"
c2fdf,Female,30,25-34,Germany,"health, food, art"
c308f,Male,19,18-24,Australia,finance
c3092,Female,26,25-34,Australia,"health, lifestyle, sports"
c31d0,Female,16,16-17,Japan,"fashion, sports"
c31e6,Female,21,18-24,Brazil,"fashion, travel"
c32c4,Female,20,18-24,United States,"travel, health, gaming"
c32f0,Female,31,25-34,France,health
c3330,Male,27,25-34,Mexico,lifestyle
c3348,Male,25,25-34,Australia,news
c336a,Other,50,45-54,India,"fitness, sports, food"
c33c3,Female,29,25-34,Germany,"sports, news"
c34a1,Female,16,16-17,Mexico,"fashion, travel"
c3512,Male,33,25-34,Germany,finance
c358b,Male,27,25-34,India,"technology, art, sports"
c35a2,Other,27,25-34,United States,"technology, photography"
c35bf,Female,25,25-34,United Kingdom,"photography, finance"
c35c3,Female,17,16-17,United Kingdom,"food, news, technology"
c3601,Female,20,18-24,Japan,"food, fitness, fashion"
c361b,Male,17,16-17,United Kingdom,"travel, sports"
c3628,Male,16,16-17,United States,"health, lifestyle, photography"
c3743,Female,30,25-34,Mexico,"lifestyle, travel, finance"
c378b,Male,23,18-24,United States,"technology, health, lifestyle"
c3793,Male,22,18-24,Canada,technology
c3846,Female,39,35-44,Brazil,lifestyle
c3856,Female,32,25-34,Brazil,food
c398f,Male,24,18-24,United States,"finance, art, gaming"
c3a36,Female,28,25-34,Mexico,"sports, lifestyle, art"
c3b76,Male,59,55-65,United States,finance
c3bd8,Male,30,25-34,United States,"finance, health, sports"
c3c2b,Male,16,16-17,Canada,"sports, photography, food"
c3d29,Male,36,35-44,Australia,news
c3d65,Male,25,25-34,Japan,photography
c3de0,Male,30,25-34,France,photography
c3e40,Male,41,35-44,Mexico,"food, photography, health"
c3ea7,Male,24,18-24,United States,technology
c3f40,Male,18,18-24,United States,fitness
c3f6c,Male,37,35-44,United States,"fashion, gaming, travel"
c3f76,Male,26,25-34,Japan,"fashion, sports, travel"
c3fb9,Male,20,18-24,United States,"fashion, news"
c4011,Male,30,25-34,India,finance
c4099,Male,39,35-44,Canada,"art, gaming, finance"
c40a1,Female,26,25-34,United Kingdom,sports
c4133,Male,27,25-34,Germany,"technology, fitness, news"
c413e,Male,28,25-34,United States,news
c416d,Female,25,25-34,United Kingdom,news
c4183,Female,16,16-17,Brazil,"fitness, gaming, photography"
c4211,Female,25,25-34,Canada,food
c4366,Female,24,18-24,United States,sports
c439b,Male,28,25-34,United States,news
c43c5,Other,29,25-34,United States,art
c43eb,Male,33,25-34,India,"fashion, art"
c4446,Male,21,18-24,France,lifestyle
c4476,Female,44,35-44,United States,health
c44e0,Female,19,18-24,United States,"gaming, health, fashion"
c45a1,Female,27,25-34,Germany,"travel, fitness"
c45a3,Male,42,35-44,France,"finance, technology, fashion"
c4669,Female,22,18-24,Japan,"gaming, finance"
c46bb,Male,16,16-17,Australia,fitness
c4700,Female,19,18-24,Mexico,photography
c470b,Male,41,35-44,Canada,"news, gaming, fitness"
c4920,Other,36,35-44,United States,sports
c4925,Male,19,18-24,Canada,"fitness, technology"
c4991,Male,34,25-34,Australia,"travel, news"
c4a5e,Male,18,18-24,Canada,lifestyle
c4ada,Male,19,18-24,Brazil,"food, sports"
c4afb,Female,27,25-34,United States,"art, fashion"
c4b45,Female,33,25-34,United States,"fashion, finance"
c4b64,Male,35,35-44,United States,"art, photography, food"
c4bc4,Female,38,35-44,United States,"lifestyle, art"
c4c27,Male,36,35-44,United States,sports
c4c33,Male,24,18-24,Canada,"health, fashion"
c4cf3,Female,20,18-24,Germany,"health, lifestyle, technology"
c4e1d,Male,28,25-34,Australia,"health, photography"
c4f61,Female,23,18-24,Japan,"technology, lifestyle, gaming"
c4f6d,Female,22,18-24,Australia,"art, fashion, sports"
c4f8e,Female,34,25-34,United States,health
c4ffd,Other,28,25-34,United States,"fitness, health, gaming"
c50e4,Male,35,35-44,Mexico,"health, travel, fashion"
c5153,Male,31,25-34,United States,finance
c51ae,Male,16,16-17,United States,news
c5205,Male,28,25-34,India,fitness
c5280,Male,33,25-34,United States,"gaming, lifestyle"
c53bb,Male,27,25-34,Canada,"finance, travel"
c53f2,Female,26,25-34,France,"gaming, health"
c53fb,Female,22,18-24,United Kingdom,"sports, lifestyle"
c5418,Other,20,18-24,United States,gaming
c5453,Male,28,25-34,France,gaming
c54e3,Male,39,35-44,United States,food
c554c,Female,43,35-44,Brazil,"finance, travel, health"
c5552,Female,31,25-34,Mexico,finance
c557f,Male,21,18-24,Germany,"food, finance"
c55af,Male,52,45-54,France,"food, photography, fashion"
c561c,Female,17,16-17,Japan,"lifestyle, food"
c5650,Female,30,25-34,United States,art
c5693,Male,43,35-44,Canada,fashion
c5802,Male,24,18-24,United States,"news, finance"
c5825,Male,16,16-17,Brazil,"finance, fitness, photography"
c587e,Male,38,35-44,United States,art
c5947,Male,28,25-34,Mexico,gaming
c598a,Female,19,18-24,Germany,"food, lifestyle, health"
c5c4c,Female,23,18-24,United Kingdom,"news, travel, sports"
c5c64,Male,28,25-34,India,travel
c5d0f,Male,36,35-44,Australia,"health, food, gaming"
c5d9b,Male,31,25-34,India,"photography, news, fitness"
c5e39,Male,27,25-34,Canada,"finance, news"
c5e7b,Male,38,35-44,Australia,"fashion, technology"
c5f34,Female,32,25-34,Mexico,finance
c60a8,Male,21,18-24,United States,"lifestyle, food"
c61da,Female,32,25-34,United States,fitness
c61fb,Male,31,25-34,United States,"technology, fashion"
c6263,Male,29,25-34,United States,"gaming, photography, art"
c6483,Male,22,18-24,Canada,sports
c64c0,Male,40,35-44,United States,sports
c65ba,Other,29,25-34,United States,"gaming, news, travel"
c65e1,Male,34,25-34,Germany,"news, fitness, travel"
c6667,Other,31,25-34,Japan,"food, news"
c6787,Male,31,25-34,India,"lifestyle, sports, news"
c67ca,Male,18,18-24,United States,"photography, technology, gaming"
c6821,Female,28,25-34,Brazil,"fashion, technology, news"
c68d5,Female,31,25-34,United Kingdom,"fashion, food"
c68e2,Male,32,25-34,United States,travel
c6943,Other,51,45-54,Mexico,news
c6996,Male,17,16-17,France,"technology, fitness"
c6a78,Male,28,25-34,United States,"finance, photography"
c6a83,Male,31,25-34,India,"technology, travel, photography"
c6aa0,Male,16,16-17,United Kingdom,"food, fashion"
c6ad5,Male,24,18-24,United States,fitness
c6af0,Female,24,18-24,Japan,fashion
c6b11,Other,24,18-24,Australia,"technology, health"
c6c2a,Male,35,35-44,Japan,"news, fitness"
c6c6b,Female,49,45-54,Japan,"fitness, health, travel"
c6dd4,Female,20,18-24,India,"sports, finance"
c6e03,Female,26,25-34,France,travel
c6e95,Female,35,35-44,United States,photography
c6efe,Female,32,25-34,United Kingdom,food
c6f6d,Female,21,18-24,United States,lifestyle
c6fd2,Male,20,18-24,Australia,"finance, art"
c70ce,Female,18,18-24,United States,"art, photography, technology"
c714f,Female,40,35-44,Canada,"fashion, lifestyle, health"
c7225,Female,30,25-34,United States,"travel, art"
c72ae,Male,16,16-17,Canada,travel
c72fd,Female,41,35-44,India,fitness
c736a,Male,28,25-34,Mexico,"lifestyle, travel, art"
c74de,Male,24,18-24,United States,photography
c74f6,Male,33,25-34,Canada,photography
c7511,Male,29,25-34,Australia,"gaming, lifestyle, sports"
c7548,Male,19,18-24,Brazil,fitness
c756a,Male,23,18-24,India,food
c7617,Male,22,18-24,Brazil,fashion
c7637,Female,25,25-34,United States,"health, art"
c76b5,Female,29,25-34,Mexico,"technology, health, sports"
c7825,Male,23,18-24,Brazil,art
c78d3,Male,27,25-34,Australia,"travel, health, fashion"
c7910,Female,35,35-44,Canada,technology
c791a,Male,17,16-17,United States,"technology, sports, health"
c7aef,Male,27,25-34,Brazil,"finance, food"
c7bcc,Female,16,16-17,Australia,"travel, fitness"
c7bd1,Male,49,45-54,India,"fashion, health, finance"
c7c00,Female,21,18-24,Germany,"gaming, food"
c7c57,Male,26,25-34,United States,"technology, sports"
c7cc1,Female,34,25-34,India,"travel, art, technology"
c7d02,Male,16,16-17,India,"fashion, health, technology"
c7dde,Male,25,25-34,India,"health, photography"
c7e1d,Male,29,25-34,Germany,"food, news"
c7ec0,Female,28,25-34,Canada,"art, sports"
c7ec8,Male,24,18-24,United States,"fitness, travel, gaming"
c7efc,Female,47,45-54,India,"finance, photography, fitness"
c7efd,Male,21,18-24,Brazil,lifestyle
c7f47,Female,29,25-34,United States,"fashion, photography, gaming"
c7fd4,Male,18,18-24,United States,"finance, technology"
c7fe6,Female,33,25-34,India,"health, fitness, technology"
c8022,Female,17,16-17,United States,finance
c80f5,Male,33,25-34,Brazil,"lifestyle, news, art"
c826e,Female,32,25-34,India,travel
c82d6,Female,16,16-17,United States,"food, finance"
c830b,Female,38,35-44,Mexico,"food, art, sports"
c83a4,Male,33,25-34,India,"finance, news"
c83fe,Female,30,25-34,Canada,"technology, finance"
c84c5,Female,35,35-44,United Kingdom,photography
c8539,Male,36,35-44,United States,technology
c8588,Female,21,18-24,United States,art
c85d3,Male,42,35-44,Canada,"food, photography, lifestyle"
c8620,Female,32,25-34,United Kingdom,gaming
c865c,Male,22,18-24,United Kingdom,"food, lifestyle"
c867b,Male,39,35-44,India,fashion
c8680,Male,33,25-34,Mexico,"technology, art"
c86ab,Other,30,25-34,United States,"lifestyle, art, news"
c8788,Male,20,18-24,Brazil,sports
c8901,Male,23,18-24,Canada,gaming
c890a,Male,20,18-24,Canada,"news, sports, lifestyle"
c8969,Other,28,25-34,Germany,"food, health"
c8986,Male,45,45-54,Australia,fashion
c8abe,Male,20,18-24,United States,"health, finance, lifestyle"
c8b2b,Male,42,35-44,Germany,gaming
c8b4e,Female,17,16-17,Canada,"fashion, technology"
c8ba7,Female,34,25-34,Australia,lifestyle
c8bbb,Female,32,25-34,United States,gaming
c8bc6,Male,24,18-24,United States,"health, food"
c8c09,Male,26,25-34,United Kingdom,"sports, technology, fitness"
c8c34,Other,33,25-34,Australia,"sports, news"
c8c74,Male,20,18-24,United States,"gaming, health"
c8c85,Female,28,25-34,Mexico,"sports, art, technology"
c8d73,Other,29,25-34,Canada,health
c8e5c,Female,34,25-34,United States,"travel, health"
c8ec9,Other,16,16-17,United Kingdom,finance
c8f01,Male,31,25-34,Germany,fashion
c8f31,Female,32,25-34,United States,"travel, sports"
c8fcc,Male,21,18-24,Germany,"fitness, food, gaming"
c900f,Male,18,18-24,India,"lifestyle, fitness, art"
c9013,Female,38,35-44,Germany,"finance, travel, lifestyle"
c9022,Male,24,18-24,Canada,food
c905e,Male,16,16-17,India,"travel, art, news"
c907d,Male,22,18-24,Canada,finance
c9083,Male,26,25-34,United States,travel
c91e7,Male,20,18-24,United States,fitness
c9232,Male,20,18-24,United Kingdom,"news, art"
c92ca,Male,34,25-34,Canada,sports
c93db,Female,17,16-17,Brazil,"technology, news"
c93ec,Female,22,18-24,United States,art
c95c2,Male,25,25-34,United States,"food, gaming, photography"
c96f4,Male,25,25-34,Australia,"lifestyle, news, photography"
c9708,Male,28,25-34,United Kingdom,gaming
c97cb,Female,22,18-24,United States,"technology, art, finance"
c97cd,Other,33,25-34,Australia,"gaming, health, technology"
c97dd,Male,17,16-17,United States,"fitness, finance, photography"
c983a,Female,22,18-24,United Kingdom,news
c984d,Male,24,18-24,United States,fashion
c9890,Male,58,55-65,France,"technology, gaming, photography"
c9895,Male,25,25-34,United States,gaming
c98ba,Female,18,18-24,Brazil,lifestyle
c99e5,Female,25,25-34,Mexico,"travel, sports"
c9a6f,Female,16,16-17,United States,"fashion, food, photography"
c9a99,Female,20,18-24,Brazil,gaming
c9c60,Male,35,35-44,United States,"health, art, lifestyle"
c9cc7,Male,28,25-34,Mexico,art
c9d0f,Male,16,16-17,United Kingdom,gaming
c9e12,Female,18,18-24,Japan,"fashion, news"
c9e38,Male,29,25-34,India,"technology, finance, fashion"
c9e58,Female,37,35-44,India,fitness
c9e9e,Male,20,18-24,Germany,"lifestyle, technology"
c9f70,Male,19,18-24,Germany,fashion
c9f7a,Male,19,18-24,Japan,food
c9fa9,Female,33,25-34,India,"health, travel, art"
c9ff5,Male,23,18-24,United Kingdom,"health, finance, gaming"
ca039,Female,19,18-24,United States,"gaming, finance"
ca197,Male,16,16-17,United States,fashion
ca1a6,Female,38,35-44,United States,health
ca28d,Male,40,35-44,United States,"food, finance"
ca35b,Male,20,18-24,United States,lifestyle
ca40d,Male,29,25-34,Australia,travel
ca44a,Male,33,25-34,Mexico,"sports, health"
ca46d,Male,17,16-17,Germany,sports
ca484,Male,40,35-44,France,"technology, lifestyle"
ca4d5,Male,40,35-44,Mexico,"food, lifestyle, sports"
ca4eb,Male,32,25-34,Germany,"art, fashion"
ca50e,Female,27,25-34,United States,finance
ca58d,Female,22,18-24,India,"technology, gaming"
ca728,Male,27,25-34,France,"finance, lifestyle"
ca72b,Male,21,18-24,United Kingdom,"finance, technology"
ca7af,Male,28,25-34,Mexico,"art, food, sports"
ca7e6,Male,25,25-34,India,"finance, gaming, art"
ca816,Other,39,35-44,Brazil,"health, photography"
ca843,Male,20,18-24,Canada,"art, food, lifestyle"
ca878,Male,44,35-44,Australia,art
ca8a8,Male,33,25-34,United States,fashion
ca901,Male,27,25-34,United States,"fitness, news"
ca92d,Female,16,16-17,Brazil,food
ca984,Female,23,18-24,United States,technology
caa25,Male,25,25-34,United States,"technology, fashion"
cab30,Male,25,25-34,United States,"sports, food"
cac49,Male,23,18-24,Japan,"health, sports"
cac9c,Other,27,25-34,Canada,finance
cad41,Male,34,25-34,Brazil,"gaming, food"
caefe,Male,27,25-34,Brazil,"health, technology, news"
cafb0,Male,25,25-34,Germany,art
cafe3,Female,37,35-44,Brazil,"travel, lifestyle, art"
cb02f,Male,20,18-24,Mexico,"food, art"
cb095,Male,25,25-34,United States,"finance, health"
cb0b4,Male,35,35-44,Australia,"fashion, sports, fitness"
cb0bb,Male,22,18-24,India,"food, news"
cb14c,Other,30,25-34,United States,travel
cb18d,Female,32,25-34,Canada,health
cb213,Male,31,25-34,Germany,fitness
cb244,Female,22,18-24,Australia,sports
cb2b7,Male,17,16-17,Canada,art
cb4e1,Female,21,18-24,United States,"fitness, news"
cb5a7,Male,34,25-34,United States,"art, sports, fashion"
cb5e5,Female,36,35-44,India,"photography, travel, lifestyle"
cb601,Female,16,16-17,United States,"health, photography, travel"
cb603,Other,29,25-34,Australia,"food, technology, fashion"
cb619,Male,16,16-17,Brazil,"health, food, technology"
cb6ae,Male,16,16-17,Brazil,photography
cb702,Female,36,35-44,United States,art
cb74c,Female,18,18-24,Canada,"travel, news, gaming"
cb74e,Male,24,18-24,United States,fashion
cb772,Male,31,25-34,United States,"sports, lifestyle"
cb776,Male,29,25-34,Canada,sports
cb8aa,Female,20,18-24,United Kingdom,"art, photography, technology"
cb8b2,Male,19,18-24,United States,food
cb97c,Male,25,25-34,United States,fitness
cbaf6,Female,22,18-24,United States,"fashion, health, food"
cbb67,Female,26,25-34,India,lifestyle
cbb8d,Female,19,18-24,United States,"fitness, gaming"
cbbe0,Male,28,25-34,Brazil,technology
cbc21,Male,36,35-44,United States,"gaming, technology"
cbc45,Female,24,18-24,United States,fitness
cbcbe,Male,17,16-17,United States,"lifestyle, fitness"
cbd49,Female,44,35-44,United States,"art, technology"
cbdf6,Male,20,18-24,United Kingdom,technology
cbed7,Male,32,25-34,Canada,"health, travel"
cbee0,Male,16,16-17,United Kingdom,fitness
cbf60,Female,20,18-24,Japan,"lifestyle, gaming"
cbf77,Male,16,16-17,France,"gaming, news, travel"
cbf7b,Male,18,18-24,Australia,travel
cbfb9,Male,25,25-34,United Kingdom,technology
cc02a,Male,20,18-24,United States,"art, gaming, sports"
cc07c,Female,21,18-24,Brazil,fashion
cc081,Female,56,55-65,Germany,"fitness, food"
cc0e0,Female,40,35-44,United States,"health, lifestyle, gaming"
cc127,Male,17,16-17,United Kingdom,news
cc12d,Female,21,18-24,Australia,"art, lifestyle"
cc1d1,Male,32,25-34,Australia,"lifestyle, fitness"
cc2d7,Other,16,16-17,United States,news
cc309,Female,54,45-54,India,"news, health"
cc3c1,Female,18,18-24,Australia,"lifestyle, news, health"
cc3f7,Male,33,25-34,Japan,food
cc3f9,Other,38,35-44,United States,"food, gaming, fashion"
cc48f,Male,32,25-34,Brazil,sports
cc512,Male,28,25-34,Mexico,"food, sports, fashion"
cc55a,Male,18,18-24,France,news
cc657,Male,23,18-24,Japan,"food, photography, fitness"
cc679,Male,25,25-34,India,"art, news"
cc6c7,Male,62,55-65,Brazil,"food, fitness"
cc6db,Female,28,25-34,United Kingdom,"news, art, technology"
cc6fd,Male,22,18-24,United States,fitness
cc70e,Female,33,25-34,United States,"sports, fitness"
cc728,Male,34,25-34,Canada,finance
cc971,Male,24,18-24,United States,"technology, food"
cc98d,Female,45,45-54,Australia,"food, news"
cca1f,Male,21,18-24,United Kingdom,"art, fitness"
ccaf9,Female,18,18-24,Germany,"photography, travel, fitness"
ccbe3,Male,21,18-24,Japan,"art, photography"
ccc42,Female,19,18-24,Germany,"technology, travel, fitness"
ccc57,Male,16,16-17,Brazil,"art, lifestyle"
ccd47,Female,31,25-34,India,"fitness, news"
cce25,Male,36,35-44,United States,"technology, sports"
cce2b,Female,20,18-24,United Kingdom,travel
ccf30,Female,17,16-17,Germany,"sports, health"
ccf79,Male,21,18-24,Mexico,"health, food, technology"
cd0b5,Male,34,25-34,United Kingdom,technology
cd15c,Female,25,25-34,United States,"photography, lifestyle, food"
cd1ec,Male,16,16-17,United States,"travel, news, sports"
cd28c,Female,40,35-44,United States,lifestyle
cd2c5,Male,27,25-34,Germany,"lifestyle, gaming, fashion"
cd2c7,Male,24,18-24,United States,"fashion, fitness, finance"
cd324,Male,21,18-24,United Kingdom,"fitness, gaming"
cd40b,Female,16,16-17,France,"sports, photography"
cd48b,Male,38,35-44,United States,"gaming, fashion"
cd54a,Male,22,18-24,Germany,"fashion, sports"
cd54d,Male,18,18-24,Australia,"health, art, photography"
cd557,Male,29,25-34,United States,"photography, fashion"
cd5bd,Female,26,25-34,United States,"food, health, technology"
cd70d,Female,18,18-24,United Kingdom,fashion
cd721,Male,25,25-34,Mexico,"finance, fitness, news"
cd73b,Male,25,25-34,Brazil,"sports, photography, news"
cd839,Male,28,25-34,India,"fitness, finance"
cd863,Female,37,35-44,Canada,"health, travel, fitness"
cd865,Female,22,18-24,Germany,"food, gaming"
cd8da,Male,27,25-34,United States,gaming
cd8e1,Female,34,25-34,Australia,lifestyle
cd9e9,Male,18,18-24,United States,"fashion, gaming, health"
cda6a,Female,39,35-44,Mexico,news
cdacc,Female,48,45-54,Brazil,"fashion, art, food"
cdae5,Female,16,16-17,Canada,"news, health"
cdb43,Male,38,35-44,Germany,"sports, gaming"
cdbfd,Male,26,25-34,United States,"gaming, photography"
cdd16,Female,29,25-34,United States,"fashion, lifestyle"
cdd3b,Male,42,35-44,Australia,"photography, sports"
cddb6,Other,24,18-24,United States,"lifestyle, travel"
cddd8,Female,33,25-34,United States,"gaming, technology"
cddd9,Female,20,18-24,United States,"lifestyle, news, art"
cde4b,Other,40,35-44,United States,sports
cdefa,Female,19,18-24,Brazil,"gaming, finance"
cdf43,Female,27,25-34,United Kingdom,"lifestyle, finance"
ce004,Male,19,18-24,Mexico,gaming
ce03f,Other,20,18-24,Canada,"sports, lifestyle, technology"
ce0f6,Male,32,25-34,Australia,"art, health, gaming"
ce130,Female,23,18-24,United Kingdom,"photography, lifestyle, travel"
ce13a,Female,23,18-24,Germany,"health, art, news"
ce154,Female,35,35-44,Australia,health
ce1b4,Female,22,18-24,Brazil,"sports, fitness"
ce1fa,Other,33,25-34,Brazil,"technology, gaming"
ce29c,Male,18,18-24,United States,"health, news"
ce331,Female,29,25-34,India,"food, health"
ce396,Female,24,18-24,Japan,sports
ce3fc,Female,28,25-34,Australia,health
ce4df,Male,32,25-34,Brazil,"food, news, health"
ce514,Male,30,25-34,India,travel
ce54f,Other,16,16-17,Canada,art
ce563,Female,21,18-24,United Kingdom,"technology, fashion"
ce57d,Male,26,25-34,United States,gaming
ce596,Other,34,25-34,United Kingdom,"technology, health"
ce5f0,Female,27,25-34,Germany,"fitness, finance"
ce652,Female,28,25-34,Germany,fitness
ce672,Male,18,18-24,United States,"sports, food"
ce696,Male,25,25-34,Germany,"food, gaming"
ce6a0,Female,34,25-34,United States,food
ce6bf,Male,17,16-17,United States,news
ce818,Male,24,18-24,United States,finance
ce829,Male,28,25-34,Australia,"gaming, photography"
ce838,Male,24,18-24,Brazil,technology
ce8b9,Male,36,35-44,Canada,"gaming, sports"
cea29,Male,28,25-34,Australia,art
cea3a,Female,36,35-44,Canada,food
cea78,Male,33,25-34,Australia,fitness
cea9b,Male,18,18-24,United Kingdom,"technology, food, art"
cec33,Male,36,35-44,Brazil,"finance, art"
cecaf,Male,16,16-17,United States,"health, photography, art"
cecbe,Female,16,16-17,United States,"sports, food, news"
ced11,Other,38,35-44,Canada,"sports, technology"
cee66,Male,21,18-24,Australia,"food, health, news"
cee99,Female,28,25-34,India,technology
cef30,Female,29,25-34,Mexico,"health, lifestyle, finance"
cef85,Male,26,25-34,India,fitness
cef97,Female,25,25-34,United States,lifestyle
cf031,Male,26,25-34,Brazil,"health, travel"
cf05e,Female,37,35-44,United States,travel
cf0b9,Male,43,35-44,United Kingdom,finance
cf119,Male,34,25-34,United States,"photography, news"
cf12b,Female,45,45-54,United States,health
cf24f,Male,19,18-24,United States,"art, news, finance"
cf2c7,Other,22,18-24,India,photography
cf2d7,Male,22,18-24,Australia,"lifestyle, health"
cf304,Male,25,25-34,Germany,"gaming, fitness, food"
cf334,Other,44,35-44,Canada,"fashion, photography, finance"
cf4bb,Male,22,18-24,United Kingdom,"art, technology"
cf530,Female,19,18-24,Germany,finance
cf571,Female,24,18-24,Mexico,news
cf594,Male,25,25-34,United Kingdom,"technology, fashion, gaming"
cf5b0,Male,19,18-24,Mexico,"gaming, news"
cf5cd,Other,43,35-44,United States,photography
cf5f8,Other,33,25-34,United States,technology
cf625,Female,20,18-24,India,gaming
cf64c,Other,30,25-34,Canada,sports
cf6da,Female,22,18-24,United Kingdom,"fashion, photography"
cf6fb,Female,22,18-24,United States,finance
cf719,Other,26,25-34,United Kingdom,"sports, art"
cf72f,Male,24,18-24,Canada,"technology, travel, health"
cf773,Male,28,25-34,India,sports
cf774,Male,25,25-34,United States,lifestyle
cf776,Female,41,35-44,Canada,"food, art"
cf7bc,Female,28,25-34,United Kingdom,art
cf7d7,Other,24,18-24,Germany,"art, lifestyle"
cf85d,Male,36,35-44,United States,"news, travel"
cf88e,Female,31,25-34,India,"news, fashion"
cf8d4,Male,24,18-24,Canada,gaming
cf8df,Male,41,35-44,United Kingdom,"news, gaming, photography"
cf8e1,Male,18,18-24,India,"lifestyle, sports, food"
cf99a,Male,19,18-24,United Kingdom,gaming
cfa6b,Female,19,18-24,United States,"gaming, photography, art"
cfaae,Female,45,45-54,United Kingdom,health
cfae9,Other,21,18-24,Germany,"sports, food, art"
cfb0e,Male,33,25-34,Japan,technology
cfb1e,Female,24,18-24,Japan,"food, technology, travel"
cfbb2,Other,17,16-17,United States,"art, photography"
cfd8d,Female,30,25-34,United States,fitness
cfdd2,Other,26,25-34,United States,"technology, sports"
cfeee,Female,29,25-34,United States,"sports, health"
cff0a,Female,39,35-44,United Kingdom,gaming
d0069,Male,33,25-34,India,"art, news"
d01e2,Female,28,25-34,United Kingdom,"travel, fitness"
d01e3,Female,17,16-17,United Kingdom,"gaming, fashion, technology"
d0225,Female,32,25-34,United Kingdom,fashion
d02a2,Other,37,35-44,United Kingdom,gaming
d02aa,Female,22,18-24,United Kingdom,"fitness, gaming, technology"
d02e9,Male,32,25-34,Brazil,photography
d031e,Female,31,25-34,Germany,"travel, lifestyle, technology"
d0326,Female,31,25-34,United States,"art, fitness, technology"
d0364,Female,16,16-17,United States,"technology, gaming, fashion"
d037b,Other,39,35-44,Australia,"lifestyle, finance"
d03d7,Male,20,18-24,Mexico,"fitness, fashion, lifestyle"
d03dd,Male,21,18-24,United Kingdom,"gaming, photography"
d049c,Male,24,18-24,United States,"finance, fashion, news"
d04d9,Male,21,18-24,United States,"lifestyle, photography, food"
d0752,Male,21,18-24,France,"technology, travel"
d07f7,Male,49,45-54,Australia,"fashion, news"
d0820,Female,31,25-34,United States,fashion
d08a6,Female,26,25-34,Australia,"health, technology, food"
d08c5,Male,35,35-44,Japan,technology
d0a40,Male,18,18-24,United Kingdom,"travel, art, photography"
d0be5,Male,34,25-34,Australia,"finance, food, technology"
d0bec,Female,36,35-44,Brazil,art
d0c1b,Female,17,16-17,Japan,"finance, gaming, photography"
d0d71,Other,47,45-54,United States,health
d0e16,Male,26,25-34,Germany,fitness
d0e18,Female,29,25-34,Mexico,"travel, fitness, lifestyle"
d0e20,Male,29,25-34,Japan,"finance, lifestyle"
d0e48,Male,34,25-34,United States,"sports, finance"
d102f,Male,23,18-24,United Kingdom,health
d10c1,Male,37,35-44,United Kingdom,"fitness, food, photography"
d10d1,Male,24,18-24,India,"art, food, photography"
d1168,Male,16,16-17,United States,news
d1284,Male,24,18-24,United States,"art, food"
d12ea,Female,29,25-34,India,sports
d12ef,Male,19,18-24,India,"travel, lifestyle"
d12f0,Other,31,25-34,Mexico,travel
d143c,Male,16,16-17,France,health
d1461,Female,19,18-24,Germany,"photography, technology"
d14c4,Male,29,25-34,Australia,"gaming, finance, food"
d1563,Female,32,25-34,India,technology
d1575,Female,18,18-24,United States,"finance, technology"
d15a1,Male,52,45-54,United States,"photography, food"
d15aa,Male,38,35-44,United Kingdom,health
d15db,Male,31,25-34,United States,"food, technology"
d1739,Male,32,25-34,Canada,"art, news, sports"
d17aa,Female,29,25-34,United States,"food, photography, news"
d17b0,Male,37,35-44,Mexico,"photography, art, fitness"
d17e4,Female,19,18-24,United States,news
d17e9,Male,27,25-34,United States,"finance, art, sports"
d1846,Female,37,35-44,France,art
d1979,Male,29,25-34,Canada,"fitness, travel, gaming"
d1989,Male,33,25-34,India,health
d19de,Female,16,16-17,Brazil,technology
d19fe,Female,36,35-44,United States,"food, travel"
d1a82,Male,19,18-24,Germany,"lifestyle, news, food"
d1a9f,Male,28,25-34,Canada,photography
d1af5,Male,31,25-34,Japan,"fashion, sports, gaming"
d1b29,Male,26,25-34,Brazil,finance
d1b68,Other,29,25-34,France,"health, news, finance"
d1c33,Male,30,25-34,Australia,health
d1c55,Male,28,25-34,India,"news, art, lifestyle"
d1c58,Male,18,18-24,United States,"photography, finance"
d1cc3,Female,26,25-34,India,"gaming, photography, art"
d1cd5,Male,16,16-17,Germany,"lifestyle, art"
d1ce9,Female,27,25-34,United States,"travel, photography"
d1d37,Other,34,25-34,United States,photography
d1d57,Female,49,45-54,Brazil,"sports, gaming"
d1de6,Female,37,35-44,India,"news, fashion"
d1e11,Other,33,25-34,United Kingdom,"health, fitness, food"
d1e33,Male,20,18-24,United States,"finance, travel, art"
d1e3b,Male,30,25-34,Brazil,"sports, fashion, news"
d1e7e,Female,23,18-24,India,sports
d1ee6,Male,35,35-44,United States,"fitness, photography, travel"
d1fb2,Female,26,25-34,United States,"gaming, photography"
d1fc5,Male,25,25-34,United Kingdom,travel
d1fde,Female,26,25-34,Canada,health
d2023,Male,19,18-24,Japan,"health, food"
d209e,Male,20,18-24,Canada,"health, sports"
d20f6,Male,39,35-44,Australia,"news, finance, art"
d2126,Other,18,18-24,Canada,"food, photography, finance"
d2129,Female,26,25-34,United States,"travel, health"
d21e4,Female,39,35-44,Australia,"fitness, gaming, news"
d2294,Male,28,25-34,United States,"photography, food"
d22cf,Female,20,18-24,United Kingdom,"food, news"
d2369,Female,19,18-24,France,food
d2370,Male,29,25-34,Germany,"fashion, lifestyle"
d24c2,Female,37,35-44,United States,"lifestyle, photography, fashion"
d24d9,Male,24,18-24,United States,photography
d25a9,Female,51,45-54,Australia,"finance, lifestyle"
d25c3,Male,17,16-17,France,art
d25fb,Other,20,18-24,United Kingdom,fitness
d260b,Male,16,16-17,United States,news
d2628,Other,33,25-34,Japan,"travel, gaming"
d2647,Female,24,18-24,United States,finance
d2653,Female,20,18-24,United States,"finance, travel"
d265b,Female,36,35-44,Germany,"travel, technology, health"
d2681,Male,39,35-44,United States,lifestyle
d2708,Male,31,25-34,Japan,"fitness, health, food"
d2737,Male,37,35-44,Japan,"art, gaming, fashion"
d273c,Male,43,35-44,Brazil,lifestyle
d2744,Male,25,25-34,United States,"technology, fitness"
d27b5,Male,23,18-24,Japan,"food, art, photography"
d27d6,Other,32,25-34,United States,"food, technology, sports"
d282a,Female,25,25-34,Japan,"finance, health, food"
d286a,Male,32,25-34,Germany,"technology, sports, health"
d2945,Other,45,45-54,Australia,"lifestyle, fashion"
d294a,Other,28,25-34,United Kingdom,"lifestyle, gaming"
d298a,Female,19,18-24,Mexico,"art, fashion"
d2ac1,Male,44,35-44,Mexico,"travel, fashion, finance"
d2ac3,Male,18,18-24,France,"photography, fashion, health"
d2b75,Female,31,25-34,Canada,"photography, technology, sports"
d2b8a,Male,20,18-24,Japan,sports
d2ba0,Female,44,35-44,Germany,sports
d2bf5,Male,23,18-24,United States,"gaming, travel"
d2c8e,Female,25,25-34,Mexico,"news, health"
d2d58,Female,17,16-17,India,fitness
d2dc1,Male,26,25-34,France,technology
d2dcb,Male,25,25-34,United States,lifestyle
d2e14,Male,23,18-24,United States,"fashion, news"
d2eac,Male,22,18-24,Canada,"food, lifestyle"
d2f00,Female,24,18-24,United States,photography
d2f0b,Female,27,25-34,Germany,"health, sports, fashion"
d30d4,Male,20,18-24,United States,"gaming, travel"
d313d,Male,23,18-24,Australia,photography
d318c,Male,20,18-24,United States,gaming
d3195,Male,27,25-34,Australia,"fashion, photography, sports"
d327d,Female,26,25-34,United Kingdom,"finance, art, technology"
d3283,Female,19,18-24,Australia,"technology, travel"
d32a4,Male,23,18-24,India,"news, food"
d33d0,Male,26,25-34,United Kingdom,"health, fitness"
d34e5,Male,21,18-24,United States,"lifestyle, gaming, fashion"
d3510,Female,58,55-65,United States,"gaming, finance"
d35e5,Female,30,25-34,Germany,"health, fashion"
d35ee,Male,25,25-34,United Kingdom,"finance, food"
d3659,Female,22,18-24,United Kingdom,"finance, health, sports"
d36f6,Female,17,16-17,Canada,"photography, fashion, lifestyle"
d37d3,Female,17,16-17,United States,art
d3824,Male,16,16-17,United States,"fitness, travel"
d3883,Male,17,16-17,Germany,"fitness, food, sports"
d38f9,Female,27,25-34,India,"art, sports, fashion"
d3900,Female,16,16-17,Germany,"fitness, gaming, lifestyle"
d392e,Female,23,18-24,Canada,"food, photography"
d39b1,Male,18,18-24,United States,"fitness, food"
d3aca,Female,16,16-17,United States,"news, sports, health"
d3bb8,Other,34,25-34,Brazil,fashion
d3bbf,Male,24,18-24,United Kingdom,news
d3dc1,Female,17,16-17,Germany,"travel, news"
d3e61,Male,29,25-34,United States,"finance, travel"
d3ee3,Male,37,35-44,Canada,"gaming, fashion"
d3ff9,Female,16,16-17,India,health
d40a4,Male,27,25-34,United States,"finance, travel"
d419c,Male,25,25-34,Canada,health
d41eb,Female,21,18-24,United Kingdom,"lifestyle, travel, food"
d41f8,Female,16,16-17,United States,news
d429a,Other,22,18-24,Australia,"fitness, photography, technology"
d4330,Female,21,18-24,Germany,fitness
d4331,Female,42,35-44,Brazil,"food, gaming"
d433d,Female,21,18-24,India,travel
d43a6,Female,20,18-24,Mexico,"sports, travel, health"
d43a7,Male,17,16-17,Germany,"fitness, lifestyle"
d43da,Male,41,35-44,United States,"fashion, sports, technology"
d441c,Female,21,18-24,Brazil,"finance, lifestyle, gaming"
d44e3,Male,19,18-24,United States,"news, food"
d457f,Male,31,25-34,Brazil,"technology, news"
d4590,Male,23,18-24,India,"technology, news"
d4597,Male,40,35-44,United States,gaming
d45c4,Female,22,18-24,Mexico,"technology, fitness, lifestyle"
d4715,Other,27,25-34,Japan,"photography, technology, travel"
d47f3,Male,24,18-24,Mexico,"photography, lifestyle, fitness"
d4977,Male,32,25-34,United States,food
d49ba,Male,22,18-24,United States,fitness
d4a13,Female,26,25-34,United States,"photography, health"
d4a2b,Male,20,18-24,United States,"photography, fashion, travel"
d4a30,Female,22,18-24,United States,technology
d4aab,Female,19,18-24,United States,"technology, gaming"
d4abf,Female,43,35-44,United States,photography
d4aee,Other,20,18-24,United States,"sports, food"
d4b9c,Male,38,35-44,India,"travel, photography"
d4bde,Male,30,25-34,Mexico,"news, photography, lifestyle"
d4cf6,Female,36,35-44,Brazil,"finance, lifestyle"
d4d1d,Male,31,25-34,United Kingdom,"health, finance, gaming"
d4e23,Male,35,35-44,United States,finance
d4e54,Female,16,16-17,France,finance
d4ea6,Male,32,25-34,India,"gaming, travel"
d4f22,Male,39,35-44,United States,fashion
d5179,Female,25,25-34,United States,fitness
d51a6,Male,30,25-34,Mexico,"technology, travel, health"
d5218,Male,37,35-44,United Kingdom,"technology, food, photography"
d5222,Other,19,18-24,Canada,"sports, health, finance"
d5248,Male,33,25-34,United States,"food, gaming, photography"
d5251,Female,31,25-34,United States,art
d528a,Other,22,18-24,India,"travel, fitness, art"
d52a0,Female,45,45-54,Germany,finance
d5368,Female,39,35-44,Canada,"fashion, food"
d53cd,Male,35,35-44,United Kingdom,"gaming, fashion, lifestyle"
d53da,Male,33,25-34,United States,"photography, finance"
d541d,Female,35,35-44,India,"news, food"
d5439,Female,16,16-17,Mexico,finance
d54b0,Male,18,18-24,Canada,"travel, photography, fashion"
d54b4,Female,18,18-24,United Kingdom,"sports, fitness, finance"
d54bd,Male,26,25-34,Japan,fashion
d5504,Other,23,18-24,United States,"travel, photography, health"
d5585,Female,36,35-44,United States,"art, lifestyle, gaming"
d55e2,Female,16,16-17,Australia,"technology, health, travel"
d56c2,Other,21,18-24,Brazil,"fashion, art, gaming"
d5729,Male,37,35-44,United States,"fitness, food"
d5751,Male,22,18-24,United States,finance
d5774,Male,32,25-34,Brazil,"news, technology"
d57ee,Other,25,25-34,United States,travel
d589d,Male,19,18-24,United Kingdom,fashion
d58ef,Female,44,35-44,Germany,"food, fitness"
d5914,Male,30,25-34,Japan,"news, finance, lifestyle"
d5937,Other,23,18-24,France,"sports, photography"
d5963,Other,31,25-34,United States,health
d5989,Male,42,35-44,Germany,"finance, art"
d59ff,Male,23,18-24,Canada,"sports, health"
d5a16,Male,20,18-24,United Kingdom,"technology, gaming, fitness"
d5a66,Female,22,18-24,United States,"photography, finance"
d5ae0,Male,27,25-34,Australia,photography
d5b37,Female,29,25-34,United States,photography
d5ba2,Male,30,25-34,Canada,photography
d5bbe,Female,19,18-24,Australia,health
d5bca,Male,33,25-34,Mexico,"finance, fashion"
d5ca6,Female,16,16-17,Japan,"technology, fitness"
d5d86,Male,28,25-34,India,"sports, food"
d5db6,Male,27,25-34,Australia,"art, news, finance"
d5e7f,Male,36,35-44,Brazil,"photography, news"
d5eb7,Female,18,18-24,India,"technology, photography"
d5ed1,Male,16,16-17,Mexico,"art, finance"
d5fc5,Male,21,18-24,India,"lifestyle, news"
d5fdb,Female,36,35-44,India,"finance, lifestyle"
d5fe7,Male,36,35-44,United States,"finance, fitness, food"
d6047,Female,63,55-65,Australia,"news, health, photography"
d60a6,Female,35,35-44,United Kingdom,"technology, travel"
d60ba,Male,23,18-24,United Kingdom,"health, food, lifestyle"
d60c8,Male,34,25-34,United States,"health, news"
d60d6,Male,19,18-24,United States,gaming
d6113,Other,27,25-34,Mexico,"health, travel, fashion"
d616c,Female,39,35-44,United States,"finance, lifestyle, news"
d63b0,Male,29,25-34,India,fitness
d6400,Male,18,18-24,United States,"technology, fashion"
d6423,Male,23,18-24,United States,health
d646a,Male,19,18-24,Brazil,"fashion, food, news"
d6499,Male,20,18-24,United States,"sports, technology, fitness"
d64dc,Male,21,18-24,India,"fashion, fitness"
d652c,Male,31,25-34,Japan,"art, technology"
d6531,Female,16,16-17,Canada,"fitness, health, art"
d66ad,Female,44,35-44,Australia,news
d6701,Female,40,35-44,United Kingdom,health
d67f8,Female,21,18-24,Germany,"food, technology, finance"
d683e,Male,27,25-34,United Kingdom,art
d684a,Male,28,25-34,United States,health
d687a,Other,21,18-24,Japan,"photography, travel, health"
d689d,Female,21,18-24,United States,"gaming, art"
d6907,Female,24,18-24,Germany,"health, fitness, sports"
d691d,Other,28,25-34,Canada,"fitness, lifestyle"
d6953,Female,24,18-24,United States,fitness
d699f,Male,22,18-24,Mexico,"news, health"
d69bb,Male,23,18-24,India,"lifestyle, news"
d69c6,Other,32,25-34,United Kingdom,"travel, art, photography"
d69f1,Male,27,25-34,United Kingdom,"gaming, health, news"
d6a97,Female,27,25-34,Brazil,"travel, health, finance"
d6b56,Male,26,25-34,United States,"finance, lifestyle"
d6ba7,Male,29,25-34,United States,finance
d6bea,Male,40,35-44,Mexico,"food, news, fitness"
d6c12,Other,26,25-34,United Kingdom,"art, food, fashion"
d6c73,Other,16,16-17,United States,technology
d6dc1,Male,24,18-24,Canada,finance
d6e16,Female,24,18-24,United States,"technology, fitness"
d6ec5,Male,35,35-44,Canada,"technology, health, photography"
d6edf,Male,31,25-34,United Kingdom,"food, art"
d6ee4,Female,38,35-44,United States,"sports, fashion"
d6f01,Female,16,16-17,United States,art
d6f1e,Male,42,35-44,Canada,lifestyle
d6fd3,Other,31,25-34,United States,"gaming, technology, fitness"
d6fdf,Other,26,25-34,Canada,"fitness, lifestyle, food"
d702c,Male,38,35-44,Brazil,"news, technology"
d71c8,Female,18,18-24,Australia,finance
d71f5,Other,21,18-24,Germany,"lifestyle, sports, technology"
d7268,Male,20,18-24,India,"gaming, finance, food"
d72ab,Male,16,16-17,United States,"technology, sports"
d735c,Male,51,45-54,Canada,lifestyle
d73cc,Male,18,18-24,United Kingdom,fashion
d73d4,Male,18,18-24,United Kingdom,"sports, gaming, health"
d73e0,Female,26,25-34,United States,"travel, lifestyle"
d73e5,Male,36,35-44,United States,food
d7438,Other,22,18-24,France,"fashion, finance, art"
d74af,Male,23,18-24,United States,fitness
d74cf,Male,20,18-24,India,"art, gaming, lifestyle"
d7573,Male,29,25-34,Germany,"photography, sports, art"
d758e,Male,35,35-44,Japan,"sports, fashion, gaming"
d75a9,Male,42,35-44,India,"sports, art, fitness"
d7610,Male,24,18-24,United States,fashion
d7624,Female,20,18-24,United Kingdom,"art, fitness, fashion"
d7630,Male,16,16-17,Japan,"photography, travel, sports"
d7727,Male,25,25-34,United Kingdom,"lifestyle, technology, fitness"
d77cd,Female,19,18-24,United States,"fashion, finance"
d77d6,Female,44,35-44,United States,gaming
d7835,Male,23,18-24,Brazil,food
d784a,Male,39,35-44,United Kingdom,"health, fashion, news"
d7919,Female,22,18-24,United Kingdom,"art, sports"
d7963,Male,24,18-24,India,"news, sports, travel"
d797f,Male,29,25-34,India,"gaming, sports, news"
d79a2,Female,25,25-34,United States,"technology, sports"
d7a06,Female,23,18-24,United States,"lifestyle, health"
d7a12,Male,20,18-24,Mexico,"news, travel"
d7a30,Female,24,18-24,United States,"food, fashion, fitness"
d7a5a,Female,33,25-34,India,travel
d7b19,Male,29,25-34,United Kingdom,"lifestyle, technology"
d7c4e,Female,18,18-24,United States,"art, gaming"
d7c74,Female,35,35-44,Australia,news
d7c8f,Male,28,25-34,India,technology
d7c93,Male,23,18-24,United States,news
d7cdb,Female,27,25-34,Australia,lifestyle
d7dd4,Female,30,25-34,United States,"news, sports"
d7e2a,Male,26,25-34,Canada,"photography, sports, travel"
d7e32,Male,27,25-34,India,"photography, art"
d7e39,Male,24,18-24,Australia,fitness
d7ede,Male,24,18-24,Canada,"lifestyle, fashion"
d7f33,Other,22,18-24,France,health
d7f8b,Female,18,18-24,Canada,"health, travel, photography"
d7f90,Male,20,18-24,Canada,"art, sports"
d7fb1,Male,32,25-34,United Kingdom,photography
d8053,Female,30,25-34,Brazil,"photography, food, news"
d8071,Male,16,16-17,Japan,"lifestyle, health, finance"
d8168,Male,22,18-24,United States,"finance, technology, travel"
d818d,Male,48,45-54,United States,food
d81a2,Female,25,25-34,Canada,"technology, gaming"
d81ca,Female,20,18-24,United States,"photography, sports"
d81da,Female,26,25-34,United States,lifestyle
d823b,Female,21,18-24,United States,"health, lifestyle"
d8288,Female,32,25-34,United Kingdom,"sports, health"
d83b3,Male,24,18-24,United States,technology
d83d5,Male,44,35-44,India,"photography, art"
d83d9,Male,38,35-44,United States,"gaming, travel, art"
d84c0,Female,21,18-24,Canada,finance
d84ca,Female,29,25-34,United Kingdom,"lifestyle, sports"
d84d7,Male,22,18-24,United Kingdom,"technology, health, food"
d8507,Male,29,25-34,Brazil,"gaming, art, finance"
d85e0,Other,29,25-34,Canada,fashion
d8627,Male,16,16-17,Australia,"fashion, sports"
d86da,Female,20,18-24,United States,news
d875c,Other,27,25-34,Germany,"health, lifestyle, fashion"
d8859,Male,20,18-24,Japan,"art, lifestyle"
d887e,Other,32,25-34,Mexico,lifestyle
d8957,Male,26,25-34,Mexico,"news, lifestyle"
d8969,Female,18,18-24,Germany,food
d89ba,Male,28,25-34,United States,"lifestyle, fitness, finance"
d8a18,Male,23,18-24,Japan,news
d8a38,Male,28,25-34,Australia,"travel, technology"
d8a80,Male,23,18-24,Brazil,gaming
d8ae4,Male,40,35-44,United States,"photography, food, news"
d8b56,Female,25,25-34,Brazil,"lifestyle, technology, art"
d8b87,Female,39,35-44,United Kingdom,"food, travel"
d8bf8,Female,40,35-44,United States,"food, technology"
d8c63,Female,34,25-34,Japan,"news, fashion"
d8d31,Male,26,25-34,United States,"finance, fashion"
d8d9a,Male,45,45-54,Mexico,food
d8e09,Female,28,25-34,United States,"fashion, travel"
d8e2d,Female,27,25-34,Germany,"art, fitness"
d8e43,Male,17,16-17,Canada,technology
d8eb0,Female,26,25-34,India,"sports, lifestyle, travel"
d8f23,Male,22,18-24,Canada,"fitness, photography, news"
d8fce,Male,21,18-24,Brazil,"fitness, lifestyle"
d90aa,Male,21,18-24,United States,"lifestyle, news"
d90bd,Male,37,35-44,United States,"fashion, food, gaming"
d915e,Female,23,18-24,Canada,technology
d91a5,Male,16,16-17,United Kingdom,fashion
d91b1,Male,31,25-34,Japan,"fashion, gaming, sports"
d924a,Male,23,18-24,United States,technology
d9280,Male,27,25-34,Japan,"technology, lifestyle, gaming"
d9381,Male,31,25-34,United States,technology
d93b6,Male,36,35-44,United Kingdom,"gaming, food"
d93bc,Female,21,18-24,India,"technology, photography"
d93d2,Female,35,35-44,United States,"travel, technology, food"
d93f6,Female,27,25-34,Canada,"gaming, fashion"
d9471,Male,21,18-24,United States,"finance, lifestyle, gaming"
d9482,Male,35,35-44,United States,"art, health, fashion"
d949a,Female,26,25-34,United States,art
d955d,Female,24,18-24,Australia,"fashion, finance"
d95a2,Male,25,25-34,United Kingdom,"sports, lifestyle"
d95ce,Female,40,35-44,Australia,"fashion, art"
d9686,Female,45,45-54,Canada,"lifestyle, technology"
d96cc,Male,26,25-34,United States,"fitness, news, technology"
d98df,Female,16,16-17,United States,"food, travel"
d98e3,Male,24,18-24,United States,"finance, food"
d9913,Female,16,16-17,United States,lifestyle
d991a,Male,33,25-34,Brazil,"sports, travel"
d992d,Male,18,18-24,Japan,"news, fitness, sports"
d9952,Male,31,25-34,India,sports
d99d2,Other,24,18-24,United States,lifestyle
d99dc,Male,30,25-34,Brazil,"lifestyle, finance"
d9a20,Male,38,35-44,Canada,"gaming, health"
d9ab5,Male,45,45-54,United States,"news, technology"
d9b2f,Male,19,18-24,Australia,"lifestyle, travel"
d9be3,Male,42,35-44,Australia,"food, sports, news"
d9c3d,Female,23,18-24,United Kingdom,"lifestyle, news, health"
d9d10,Female,21,18-24,Mexico,"lifestyle, technology"
d9d33,Female,34,25-34,United States,fitness
d9d7c,Male,21,18-24,United Kingdom,"travel, art, fashion"
d9dbb,Male,40,35-44,United States,photography
d9df8,Male,24,18-24,India,"fitness, fashion"
d9e76,Female,28,25-34,Mexico,"photography, technology"
d9e86,Male,18,18-24,United States,"health, finance"
d9ec5,Male,23,18-24,France,"health, technology"
d9f9a,Male,17,16-17,United States,"art, gaming, food"
d9fde,Male,22,18-24,Australia,"fitness, gaming"
da029,Male,52,45-54,United Kingdom,"food, art"
da078,Male,16,16-17,Australia,news
da0fc,Male,22,18-24,United States,"gaming, travel, technology"
da109,Male,36,35-44,Canada,"finance, health"
da149,Female,29,25-34,India,technology
da176,Female,44,35-44,Brazil,technology
da272,Female,16,16-17,United States,"fashion, gaming"
da2ad,Female,44,35-44,United States,gaming
da341,Male,38,35-44,United Kingdom,"gaming, fashion"
da350,Male,22,18-24,India,sports
da3c7,Female,31,25-34,Mexico,"sports, finance, photography"
da42e,Male,57,55-65,Brazil,"health, photography"
da444,Other,27,25-34,Germany,lifestyle
da46b,Male,26,25-34,United States,"news, art, food"
da502,Female,29,25-34,United Kingdom,"technology, lifestyle, travel"
da583,Male,30,25-34,United Kingdom,fitness
da640,Female,26,25-34,Brazil,"gaming, technology, fitness"
da699,Female,29,25-34,United States,sports
da7dc,Male,16,16-17,United Kingdom,"fitness, technology"
da857,Male,19,18-24,United States,"travel, photography"
da86a,Male,29,25-34,United States,"news, health, finance"
da8dc,Other,35,35-44,Australia,lifestyle
da9c0,Female,32,25-34,Germany,"fitness, fashion, sports"
da9cb,Female,25,25-34,Germany,"lifestyle, photography, travel"
daa32,Male,42,35-44,India,"gaming, art"
dab38,Female,18,18-24,United States,sports
dab69,Other,31,25-34,Japan,"finance, art, food"
dacee,Other,27,25-34,United States,"photography, sports, health"
dad89,Female,22,18-24,Germany,"news, travel"
dadd4,Female,32,25-34,United States,gaming
dae22,Male,26,25-34,Germany,"gaming, travel"
dafd1,Female,22,18-24,Australia,"fashion, sports, travel"
db070,Male,19,18-24,Mexico,travel
db0cc,Female,18,18-24,Canada,"sports, food"
db103,Male,26,25-34,United Kingdom,"art, fashion"
db179,Male,25,25-34,Mexico,"news, fitness, sports"
db1fd,Male,36,35-44,United States,photography
db2ab,Female,31,25-34,Canada,"gaming, art"
db2c6,Other,30,25-34,India,"travel, gaming"
db2d1,Male,30,25-34,United States,fashion
db2f8,Male,28,25-34,Canada,news
db310,Male,65,55-65,France,fitness
db31a,Female,32,25-34,India,"fashion, finance, food"
db3fe,Male,28,25-34,Germany,"finance, travel, lifestyle"
db4ba,Male,53,45-54,Canada,technology
db502,Male,33,25-34,Australia,"health, fashion"
db5c2,Male,28,25-34,France,"health, sports"
db5da,Female,25,25-34,United States,"gaming, finance"
db60c,Male,24,18-24,Australia,fitness
db613,Male,24,18-24,Germany,gaming
db61f,Female,26,25-34,United Kingdom,sports
db624,Male,19,18-24,India,"technology, lifestyle, gaming"
db644,Male,31,25-34,Germany,food
db650,Other,29,25-34,United States,"art, sports"
db651,Male,23,18-24,Australia,"food, news, gaming"
db6b2,Male,31,25-34,United Kingdom,"finance, sports"
db6e0,Female,28,25-34,United States,"gaming, sports"
db6e7,Male,27,25-34,Canada,"lifestyle, gaming"
db714,Male,38,35-44,Mexico,"food, health"
db719,Male,21,18-24,Canada,"fashion, photography"
db724,Female,32,25-34,Australia,"sports, fashion, photography"
db7a0,Male,27,25-34,Japan,technology
db846,Other,20,18-24,India,finance
db8a2,Male,30,25-34,United States,"technology, food, art"
db8d6,Other,24,18-24,United States,"lifestyle, finance, art"
db905,Male,22,18-24,Canada,news
db918,Male,16,16-17,Brazil,technology
db99f,Male,22,18-24,Germany,"photography, art"
dbacd,Male,38,35-44,United Kingdom,news
dbae4,Other,25,25-34,Canada,finance
dbb98,Female,31,25-34,Australia,photography
dbbb3,Male,22,18-24,India,"fitness, gaming"
dbbfb,Female,22,18-24,United States,technology
dbc1e,Female,28,25-34,France,"news, finance, food"
dbc74,Female,16,16-17,Japan,"finance, food, gaming"
dbcce,Female,27,25-34,United States,"travel, finance, lifestyle"
dbd8e,Male,18,18-24,United States,"art, travel"
dbde9,Male,21,18-24,Australia,finance
dbf3e,Male,39,35-44,United Kingdom,"fitness, sports, news"
dbf4a,Male,22,18-24,United States,fashion
dc041,Male,47,45-54,United States,"photography, health"
dc09d,Female,22,18-24,United Kingdom,technology
dc0cb,Male,29,25-34,United Kingdom,"fashion, sports, technology"
dc19a,Female,25,25-34,Canada,"photography, travel"
dc209,Female,49,45-54,Canada,technology
dc29b,Other,23,18-24,Australia,"fitness, sports, fashion"
dc2c3,Female,24,18-24,United Kingdom,"fitness, food"
dc2da,Female,22,18-24,United States,fashion
dc2e6,Male,27,25-34,India,"travel, art, lifestyle"
dc2f6,Female,21,18-24,Japan,"art, finance"
dc31f,Female,34,25-34,Canada,photography
dc35e,Male,34,25-34,Australia,"news, health, gaming"
dc3ab,Male,19,18-24,Germany,"art, gaming, fitness"
dc3b7,Male,33,25-34,Canada,"art, fashion, technology"
dc3b8,Female,24,18-24,Mexico,"art, gaming, food"
dc3dc,Male,16,16-17,United Kingdom,"health, food"
dc3ef,Female,39,35-44,Canada,"sports, finance, photography"
dc4e0,Male,38,35-44,United Kingdom,finance
dc505,Female,19,18-24,United States,"fitness, photography"
dc534,Male,25,25-34,India,"photography, news"
dc546,Male,16,16-17,Mexico,fitness
dc57d,Other,32,25-34,India,gaming
dc596,Female,20,18-24,United States,sports
dc5bb,Other,34,25-34,United Kingdom,"photography, fashion"
dc5fd,Female,40,35-44,United States,"news, food, fitness"
dc67f,Male,16,16-17,United States,lifestyle
dc6d1,Female,20,18-24,Mexico,"photography, fitness"
dc6e9,Other,37,35-44,Mexico,"art, fitness"
dc6f5,Other,21,18-24,United Kingdom,food
dc73b,Female,19,18-24,United Kingdom,"photography, lifestyle, health"
dc79f,Female,33,25-34,United States,fashion
dc7be,Female,31,25-34,Canada,"fitness, gaming, fashion"
dc806,Male,21,18-24,United Kingdom,"fitness, gaming"
dc837,Female,18,18-24,Australia,health
dc8f8,Female,28,25-34,India,"lifestyle, fashion"
dc9f9,Male,34,25-34,United States,"lifestyle, photography"
dca65,Female,22,18-24,Canada,"technology, photography, food"
dcb2d,Male,33,25-34,United States,food
dcb33,Female,27,25-34,United States,food
dcb84,Other,27,25-34,Germany,"lifestyle, gaming"
dcba0,Male,18,18-24,Japan,"art, sports"
dcbba,Male,41,35-44,United States,"art, travel, health"
dcc02,Female,24,18-24,Mexico,"photography, gaming"
dcd7b,Male,24,18-24,Brazil,"lifestyle, fitness"
dcdf6,Male,30,25-34,India,"gaming, sports, technology"
dce82,Male,30,25-34,United States,art
dcea0,Male,33,25-34,Canada,technology
dced3,Male,21,18-24,United States,"lifestyle, health, fashion"
dcfa1,Female,29,25-34,Canada,finance
dcfc8,Male,18,18-24,United States,"fitness, lifestyle"
dcfe2,Other,36,35-44,United States,"fitness, food"
dd131,Male,33,25-34,United States,"news, food, photography"
dd18f,Male,20,18-24,Germany,"food, art, finance"
dd208,Female,32,25-34,United States,"fitness, lifestyle, food"
dd341,Female,31,25-34,Japan,"travel, food"
dd385,Male,30,25-34,Japan,"health, technology, sports"
dd392,Female,36,35-44,Germany,"finance, art"
dd49b,Male,19,18-24,United States,travel
dd4f7,Male,20,18-24,United Kingdom,"technology, fitness"
dd515,Male,31,25-34,Australia,"lifestyle, food, art"
dd596,Male,25,25-34,Brazil,"photography, health, technology"
dd667,Female,18,18-24,France,"fitness, lifestyle"
dd69c,Female,16,16-17,United States,health
dd6bb,Female,36,35-44,Japan,food
dd6f2,Male,16,16-17,United States,"travel, technology, lifestyle"
dd72c,Male,25,25-34,United Kingdom,"technology, travel"
dd7ad,Male,34,25-34,United States,"health, fitness, news"
dd8e1,Male,38,35-44,United States,"photography, art"
dd936,Other,27,25-34,United Kingdom,"travel, sports, fashion"
dd99c,Other,20,18-24,Canada,travel
dda3a,Other,30,25-34,Canada,"travel, lifestyle, food"
dda67,Female,31,25-34,Brazil,news
dda89,Male,25,25-34,United Kingdom,"news, travel, art"
ddb4d,Male,27,25-34,United Kingdom,"lifestyle, food"
ddb77,Male,21,18-24,United States,lifestyle
ddcb1,Male,39,35-44,India,"art, sports"
dddf2,Male,24,18-24,United States,"fashion, finance, photography"
dde4e,Male,24,18-24,Japan,"travel, news, sports"
ddea7,Male,30,25-34,United Kingdom,lifestyle
ddec6,Female,24,18-24,Australia,"sports, news"
ddf51,Female,46,45-54,Canada,"travel, art, finance"
ddf77,Male,36,35-44,Brazil,"fashion, technology"
ddfc5,Male,19,18-24,United Kingdom,"lifestyle, art, health"
de07b,Male,16,16-17,Canada,"news, gaming"
de0b2,Female,30,25-34,United Kingdom,"photography, news"
de13a,Other,18,18-24,United States,"health, art, photography"
de159,Female,26,25-34,Canada,"food, gaming"
de20f,Male,35,35-44,United States,"fashion, fitness"
de2b0,Female,28,25-34,United States,lifestyle
de2e6,Female,19,18-24,Canada,"finance, lifestyle"
de33a,Male,26,25-34,Germany,fashion
de348,Female,38,35-44,United States,gaming
de350,Female,16,16-17,Canada,travel
de4d9,Female,22,18-24,United States,"technology, photography, fitness"
de4de,Male,32,25-34,Japan,"finance, gaming"
de4e1,Female,17,16-17,India,health
de521,Male,32,25-34,United Kingdom,"gaming, health, lifestyle"
de54d,Male,28,25-34,Canada,"gaming, photography, fashion"
de647,Other,43,35-44,Canada,"food, gaming, art"
de661,Female,32,25-34,Canada,"travel, food, photography"
de6bf,Other,22,18-24,Japan,travel
de6e6,Male,30,25-34,Canada,"technology, sports, fashion"
de70f,Female,26,25-34,United Kingdom,"fashion, health"
de79e,Male,22,18-24,Australia,"travel, finance, health"
de823,Female,36,35-44,Brazil,gaming
de832,Male,16,16-17,Canada,news
dea6f,Male,29,25-34,United States,"fashion, finance"
deb55,Male,21,18-24,Canada,gaming
debed,Female,28,25-34,United States,"travel, news, finance"
decc3,Male,25,25-34,United States,fashion
decc4,Female,38,35-44,United Kingdom,fitness
ded40,Male,21,18-24,India,"art, gaming, news"
dee8f,Male,28,25-34,United States,"art, lifestyle, finance"
def0c,Male,23,18-24,India,"news, lifestyle, travel"
def42,Female,29,25-34,Canada,sports
deff1,Male,18,18-24,United Kingdom,fitness
df06d,Male,20,18-24,Canada,"photography, fitness, fashion"
df123,Female,21,18-24,Canada,"travel, sports, news"
df275,Female,25,25-34,United Kingdom,technology
df280,Male,38,35-44,Japan,art
df2ca,Female,16,16-17,Mexico,travel
df2d7,Other,22,18-24,United States,"news, technology, lifestyle"
df32b,Male,23,18-24,Japan,"food, fashion"
df44c,Male,32,25-34,United States,sports
df45b,Female,30,25-34,United States,news
df4a3,Female,25,25-34,United Kingdom,"art, gaming"
df4e5,Female,16,16-17,Australia,"lifestyle, gaming"
df511,Male,24,18-24,India,"travel, art, sports"
df525,Female,31,25-34,United States,"fashion, travel"
df54e,Male,47,45-54,Germany,art
df5b6,Female,31,25-34,United States,"health, news, technology"
df6d4,Male,27,25-34,Japan,sports
df6e5,Male,19,18-24,United States,"sports, art"
df70c,Male,24,18-24,India,gaming
df89e,Female,34,25-34,Brazil,fashion
df8dc,Female,41,35-44,India,"technology, gaming, fitness"
df970,Male,19,18-24,United States,sports
df9d9,Male,29,25-34,United States,"gaming, technology, sports"
dfa89,Male,20,18-24,United States,"finance, technology, art"
dfaa4,Female,19,18-24,Canada,"fitness, food"
dfb7b,Male,31,25-34,United Kingdom,health
dfbd1,Male,19,18-24,Canada,"news, fashion"
dfccb,Female,23,18-24,Canada,gaming
dff73,Female,26,25-34,United States,news
e002b,Other,27,25-34,Australia,"fitness, gaming"
e0058,Female,38,35-44,United States,art
e00f7,Other,24,18-24,Canada,"health, news, fashion"
e011a,Male,16,16-17,Canada,"health, technology, sports"
e0298,Other,31,25-34,France,"gaming, sports, art"
e02e6,Male,21,18-24,United Kingdom,"fitness, finance"
e030c,Male,25,25-34,United States,"finance, technology"
e03f0,Female,25,25-34,United Kingdom,"food, health"
e043b,Male,19,18-24,United States,"fitness, technology"
e048e,Male,27,25-34,Australia,"lifestyle, photography, news"
e055b,Male,24,18-24,United States,"gaming, art"
e05b4,Female,30,25-34,Mexico,finance
e05cf,Female,28,25-34,Australia,"finance, gaming, sports"
e072d,Male,22,18-24,France,fitness
e077a,Male,28,25-34,United States,"finance, fitness, art"
e07d7,Male,20,18-24,Canada,sports
e07f3,Male,21,18-24,United States,"fashion, technology"
e07fb,Male,44,35-44,United States,"news, sports, photography"
e081a,Male,25,25-34,United Kingdom,"art, news"
e094e,Male,29,25-34,United Kingdom,"photography, lifestyle"
e09d6,Male,27,25-34,Australia,"finance, gaming, fitness"
e0a47,Male,30,25-34,Germany,"news, travel, gaming"
e0abc,Male,33,25-34,United States,"gaming, technology"
e0b68,Male,32,25-34,United States,"news, art"
e0b77,Female,22,18-24,United States,"fitness, technology, travel"
e0b93,Other,28,25-34,United States,"news, sports, gaming"
e0c01,Female,23,18-24,United States,"photography, news"
e0cac,Female,29,25-34,United Kingdom,art
e0cd5,Male,18,18-24,Mexico,gaming
e0d87,Female,20,18-24,Germany,"gaming, fitness, technology"
e0e28,Male,49,45-54,Canada,"lifestyle, art, finance"
e0f54,Male,37,35-44,United States,"health, travel"
e0f67,Male,32,25-34,United States,"travel, gaming"
e0f7b,Male,22,18-24,Brazil,"art, lifestyle, fitness"
e0f88,Other,28,25-34,United States,"photography, news"
e0fac,Male,23,18-24,United Kingdom,"sports, gaming, finance"
e0ffa,Male,22,18-24,India,"lifestyle, art"
e1056,Other,28,25-34,United Kingdom,fashion
e1107,Female,20,18-24,Australia,"technology, travel"
e1113,Female,18,18-24,United Kingdom,"sports, gaming, technology"
e1123,Male,32,25-34,India,"sports, technology"
e1127,Other,23,18-24,Canada,"art, news"
e11eb,Female,39,35-44,France,"food, sports"
e11f2,Female,20,18-24,Mexico,"news, fashion"
e1246,Male,26,25-34,United Kingdom,food
e12dc,Female,21,18-24,United States,"finance, health, technology"
e1399,Female,31,25-34,United States,finance
e1482,Other,37,35-44,United States,"sports, finance"
e14ea,Female,28,25-34,Brazil,"photography, technology"
e1587,Female,23,18-24,India,"art, photography, fashion"
e1625,Male,25,25-34,India,"sports, news, photography"
e1880,Male,32,25-34,United States,art
e18da,Female,26,25-34,Germany,fitness
e18e3,Other,25,25-34,Canada,"sports, technology, gaming"
e1921,Female,21,18-24,India,"finance, lifestyle, sports"
e1932,Female,25,25-34,India,sports
e1949,Female,20,18-24,Japan,food
e1991,Male,31,25-34,United States,"health, photography, food"
e1a23,Male,16,16-17,United Kingdom,fitness
e1a2e,Male,29,25-34,United States,"technology, travel, gaming"
e1a43,Male,42,35-44,Germany,"finance, fitness"
e1a88,Male,30,25-34,Mexico,health
e1ae0,Male,27,25-34,United States,travel
e1b07,Male,29,25-34,Mexico,art
e1b85,Male,32,25-34,India,"lifestyle, travel, sports"
e1dee,Male,24,18-24,Australia,"travel, gaming, photography"
e1e2b,Female,23,18-24,United States,"fashion, health, fitness"
e1edd,Male,29,25-34,United States,lifestyle
e1f87,Male,27,25-34,United States,travel
e1fc7,Male,51,45-54,India,"fitness, technology"
e201d,Male,21,18-24,India,"lifestyle, sports, gaming"
e2115,Female,37,35-44,Japan,"fashion, travel, finance"
e211a,Female,29,25-34,Australia,"sports, lifestyle"
e21d1,Male,30,25-34,United States,"fitness, photography"
e220c,Male,45,45-54,Australia,"finance, food"
e245c,Female,31,25-34,United States,"sports, technology"
e249f,Male,29,25-34,United Kingdom,finance
e24c9,Male,30,25-34,Canada,"travel, health"
e2555,Female,57,55-65,United States,sports
e262e,Other,16,16-17,Germany,"art, news"
e2656,Female,23,18-24,United States,"photography, food, sports"
e268d,Female,18,18-24,Japan,"health, news, technology"
e2694,Female,36,35-44,United States,sports
e26c9,Male,32,25-34,United Kingdom,"fitness, travel"
e275f,Female,16,16-17,Canada,fitness
e27af,Female,37,35-44,United Kingdom,"fashion, technology, news"
e27e0,Male,29,25-34,United States,"food, fashion, gaming"
e27ec,Female,35,35-44,United States,finance
e2850,Male,19,18-24,United States,sports
e2858,Female,28,25-34,Germany,health
e2875,Female,19,18-24,United States,"gaming, technology, fashion"
e2903,Male,38,35-44,Brazil,lifestyle
e29cf,Male,23,18-24,United States,news
e2a9c,Male,22,18-24,United Kingdom,"photography, news"
e2b12,Female,31,25-34,Japan,"photography, finance, lifestyle"
e2b4d,Other,53,45-54,United Kingdom,gaming
e2b58,Male,19,18-24,United States,"finance, fitness"
e2bb5,Male,18,18-24,India,travel
e2bb8,Female,38,35-44,Japan,photography
e2c79,Male,20,18-24,United States,"fashion, health, photography"
e2c81,Female,27,25-34,United States,"gaming, news"
e2c9b,Other,28,25-34,Canada,"art, lifestyle"
e2cb3,Other,21,18-24,Australia,art
e2cb9,Female,23,18-24,United States,"lifestyle, finance"
e2d4b,Female,33,25-34,Germany,news
e2d87,Male,48,45-54,Germany,"fitness, finance, fashion"
e2e70,Other,19,18-24,United States,"lifestyle, fashion, news"
e2eaa,Male,30,25-34,Australia,"news, health"
e2f17,Male,32,25-34,United States,news
e2f29,Male,24,18-24,India,lifestyle
e3035,Male,35,35-44,Canada,"health, fitness"
e30bf,Male,33,25-34,Mexico,"travel, photography"
e3114,Male,18,18-24,United States,"photography, travel"
e3123,Male,25,25-34,Germany,sports
e319b,Male,28,25-34,United States,"fitness, fashion"
e3205,Male,26,25-34,United States,"technology, gaming, art"
e32d5,Male,39,35-44,Canada,sports
e32ea,Female,16,16-17,United States,sports
e32f0,Male,30,25-34,United States,sports
e33b1,Male,19,18-24,United States,"fashion, lifestyle, art"
e33d8,Male,24,18-24,Australia,"photography, finance, travel"
e33dd,Female,35,35-44,United States,"gaming, news"
e3517,Male,23,18-24,United States,"finance, technology, food"
e35c1,Male,33,25-34,Australia,"news, finance, fitness"
e35d9,Male,31,25-34,United States,"sports, travel, photography"
e36fa,Male,16,16-17,United States,"technology, sports"
e3711,Other,21,18-24,United States,"sports, health, fitness"
e377d,Female,35,35-44,Canada,"fitness, health, news"
e37ba,Other,23,18-24,United Kingdom,"lifestyle, news, art"
e3806,Male,39,35-44,Australia,lifestyle
e3871,Other,35,35-44,United States,"art, technology, photography"
e39aa,Other,25,25-34,United Kingdom,finance
e39b3,Male,18,18-24,United Kingdom,"technology, sports"
e39dd,Male,21,18-24,Canada,finance
e3afc,Female,29,25-34,United States,"food, news, art"
e3bcd,Female,22,18-24,United Kingdom,art
e3bfa,Male,20,18-24,United Kingdom,fitness
e3c82,Male,31,25-34,Canada,"health, news"
e3c8b,Female,26,25-34,United States,fitness
e3d2a,Male,33,25-34,United States,"travel, food, fashion"
e3d8a,Female,33,25-34,United States,"health, food"
e3dab,Male,23,18-24,Japan,"gaming, sports"
e3dbb,Male,27,25-34,Japan,"lifestyle, news, food"
e3e03,Other,21,18-24,Australia,"travel, lifestyle"
e3e3f,Other,27,25-34,Canada,"gaming, finance, health"
e3e42,Female,29,25-34,France,technology
e3ed5,Male,31,25-34,France,"health, technology"
e3f21,Other,23,18-24,Australia,"food, technology, finance"
e3f22,Male,25,25-34,Canada,fashion
e3f86,Male,23,18-24,France,technology
e3faa,Male,23,18-24,United States,"travel, health, technology"
e40ea,Female,28,25-34,India,"finance, photography, technology"
e40fd,Male,27,25-34,Canada,food
e41a5,Female,27,25-34,Germany,fashion
e41e5,Male,26,25-34,Canada,"fashion, finance"
e421a,Male,37,35-44,Brazil,"travel, gaming"
e430d,Other,25,25-34,France,"travel, lifestyle"
e43f4,Male,32,25-34,Canada,fashion
e443c,Female,17,16-17,Australia,"food, news, fashion"
e448c,Male,16,16-17,United States,"lifestyle, fashion"
e44b0,Male,23,18-24,United States,news
e44bc,Female,27,25-34,United States,"news, fitness"
e44df,Male,25,25-34,Canada,fitness
e450c,Male,33,25-34,United States,health
e4518,Female,33,25-34,United Kingdom,travel
e45d1,Other,44,35-44,Mexico,"lifestyle, finance"
e4623,Male,28,25-34,United States,"fashion, health"
e4626,Male,27,25-34,Japan,"technology, sports"
e464e,Male,36,35-44,United States,health
e46f7,Male,29,25-34,United States,"art, technology"
e470a,Female,31,25-34,Mexico,technology
e4774,Male,29,25-34,United Kingdom,"food, fashion"
e47b8,Male,16,16-17,Canada,lifestyle
e486f,Female,18,18-24,India,art
e4911,Other,42,35-44,United Kingdom,"gaming, technology, lifestyle"
e49f1,Male,32,25-34,India,art
e4a2b,Male,36,35-44,United Kingdom,"food, photography, travel"
e4a43,Male,45,45-54,United States,"technology, fashion"
e4a59,Male,33,25-34,India,"photography, health"
e4c5e,Female,29,25-34,United Kingdom,art
e4c8c,Other,21,18-24,United States,fitness
e4c98,Other,22,18-24,United States,"news, lifestyle"
e4c9d,Female,24,18-24,India,"travel, lifestyle, photography"
e4cf4,Male,16,16-17,United Kingdom,"travel, fitness"
e4cfc,Male,18,18-24,United States,"news, sports"
e4d3f,Male,30,25-34,Japan,news
e4d9d,Male,23,18-24,Canada,technology
e4dae,Female,32,25-34,India,"photography, technology, fashion"
e4e62,Male,23,18-24,Mexico,"photography, art, news"
e4e78,Male,19,18-24,Australia,fitness
e4e7b,Male,32,25-34,United States,finance
e4eed,Female,30,25-34,United States,sports
e4efa,Male,22,18-24,United Kingdom,"finance, photography, art"
e4f4c,Male,24,18-24,Brazil,"art, health"
e4f71,Male,28,25-34,United States,"news, fashion"
e4f85,Male,33,25-34,Japan,"photography, technology, fashion"
e506b,Male,18,18-24,India,"finance, fashion"
e5102,Female,45,45-54,United States,"gaming, technology, travel"
e5278,Male,24,18-24,Japan,"health, technology"
e52d3,Female,26,25-34,Germany,gaming
e5363,Male,20,18-24,Canada,"fitness, finance, sports"
e538e,Male,21,18-24,Canada,"fitness, finance, lifestyle"
e539e,Other,21,18-24,United States,health
e53b4,Male,21,18-24,United States,"finance, technology"
e53d1,Male,22,18-24,United States,"gaming, travel"
e53e5,Other,35,35-44,United States,news
e53ee,Female,27,25-34,Mexico,"technology, fitness"
e5423,Female,35,35-44,Germany,news
e5427,Male,20,18-24,Canada,"fitness, sports"
e547a,Male,27,25-34,United States,"food, photography, finance"
e54e2,Male,30,25-34,Mexico,art
e555a,Male,21,18-24,United States,"gaming, fashion, lifestyle"
e563e,Other,34,25-34,United States,art
e5691,Other,23,18-24,Canada,"travel, fitness"
e56e8,Male,24,18-24,United States,art
e5731,Male,39,35-44,United States,travel
e5799,Other,39,35-44,United States,gaming
e584e,Female,24,18-24,Brazil,gaming
e59a8,Male,33,25-34,United States,"news, sports"
e59a9,Male,32,25-34,Mexico,"fitness, health, sports"
e5a62,Female,33,25-34,Canada,"finance, sports, health"
e5aa0,Male,31,25-34,India,"food, fitness"
e5ad8,Female,21,18-24,United States,"health, art, fitness"
e5b59,Female,16,16-17,United States,fashion
e5c5f,Female,36,35-44,Germany,"art, health, gaming"
e5d90,Female,16,16-17,United States,"sports, news, finance"
e5da3,Male,50,45-54,Canada,"sports, art, technology"
e5e1b,Male,28,25-34,Canada,health
e5ec3,Female,24,18-24,United Kingdom,fitness
e5ef2,Female,28,25-34,United States,"lifestyle, fitness"
e5f72,Male,17,16-17,United States,"travel, fitness"
e5fdc,Other,40,35-44,United States,"fitness, food, lifestyle"
e5ff4,Male,40,35-44,Mexico,"gaming, sports"
e6046,Male,18,18-24,United Kingdom,health
e6136,Male,16,16-17,Brazil,health
e61bc,Male,23,18-24,United States,"lifestyle, travel, sports"
e61bd,Female,22,18-24,Canada,"travel, health, lifestyle"
e61d1,Female,42,35-44,United Kingdom,"photography, health, travel"
e620b,Male,38,35-44,India,"news, finance"
e62e6,Male,22,18-24,United Kingdom,"news, health, technology"
e6325,Female,18,18-24,United States,"art, food, technology"
e640a,Other,32,25-34,France,"finance, lifestyle"
e646e,Male,30,25-34,France,"finance, gaming"
e64cc,Male,36,35-44,Canada,"lifestyle, gaming, finance"
e64d6,Male,25,25-34,United States,"sports, lifestyle, photography"
e653b,Male,29,25-34,United Kingdom,"gaming, photography"
e6575,Male,24,18-24,United Kingdom,"health, gaming"
e66a8,Female,29,25-34,United States,"lifestyle, fitness, technology"
e66a9,Male,16,16-17,India,"art, finance"
e66d0,Male,26,25-34,Brazil,photography
e66e4,Male,31,25-34,United States,art
e67d8,Other,33,25-34,India,"photography, travel"
e67e3,Other,34,25-34,United Kingdom,news
e67ef,Female,20,18-24,India,"food, travel, news"
e67f4,Male,29,25-34,Germany,"gaming, lifestyle, news"
e6816,Male,25,25-34,United States,"fashion, lifestyle"
e6846,Male,30,25-34,United States,"fitness, gaming"
e6886,Male,20,18-24,Germany,"finance, health"
e6a6a,Male,20,18-24,United States,gaming
e6a9c,Male,26,25-34,United States,"health, sports"
e6af1,Male,30,25-34,Canada,sports
e6b01,Male,39,35-44,United States,"photography, finance, fitness"
e6b12,Male,30,25-34,Canada,"art, gaming"
e6b44,Other,21,18-24,Brazil,food
e6c46,Female,19,18-24,France,"sports, gaming"
e6d58,Female,18,18-24,United States,"sports, food, finance"
e6e05,Male,33,25-34,United States,"fashion, health, photography"
e6e0a,Male,26,25-34,India,"lifestyle, sports, health"
e6eae,Male,20,18-24,Japan,art
e6ec1,Other,20,18-24,United States,"lifestyle, food"
e6f36,Male,29,25-34,United States,"photography, news, sports"
e6f4a,Male,22,18-24,Japan,"art, finance, travel"
e6f60,Male,21,18-24,Canada,"fashion, health, sports"
e6ff6,Female,22,18-24,United States,"food, sports"
e705c,Female,31,25-34,Brazil,"technology, fashion"
e70cf,Female,26,25-34,India,"photography, finance"
e71c5,Female,29,25-34,Mexico,technology
e71cf,Male,22,18-24,Canada,"health, news, art"
e7232,Other,32,25-34,Brazil,"food, art"
e724e,Male,30,25-34,Australia,"finance, technology"
e7384,Male,41,35-44,Germany,"news, lifestyle"
e742a,Male,41,35-44,Japan,fashion
e743b,Male,27,25-34,United Kingdom,food
e74df,Male,21,18-24,Japan,"finance, art"
e74f3,Male,19,18-24,United States,technology
e7502,Male,34,25-34,India,sports
e7558,Male,27,25-34,Australia,"fitness, photography, fashion"
e7697,Male,24,18-24,United States,"sports, art"
e76af,Female,22,18-24,United Kingdom,"gaming, fashion, fitness"
e7737,Female,22,18-24,Australia,"news, fitness, technology"
e7785,Male,16,16-17,United Kingdom,fitness
e7827,Male,22,18-24,United Kingdom,news
e78cf,Female,19,18-24,India,health
e78d6,Male,26,25-34,Canada,technology
e7917,Male,20,18-24,Brazil,"food, photography, news"
e791b,Male,23,18-24,Germany,"technology, gaming, health"
e7a1e,Male,18,18-24,India,"sports, news, health"
e7a53,Female,31,25-34,United Kingdom,travel
e7a8d,Male,26,25-34,Germany,"health, news, technology"
e7ae6,Female,34,25-34,India,"gaming, finance, photography"
e7b88,Male,40,35-44,India,news
e7c26,Male,29,25-34,United States,"food, gaming, lifestyle"
e7c9e,Female,16,16-17,Germany,technology
e7d43,Male,26,25-34,United States,"fitness, finance"
e7d4d,Male,29,25-34,United States,food
e7e08,Male,18,18-24,United States,fashion
e7e83,Male,30,25-34,Canada,"travel, technology"
e7f8d,Male,23,18-24,Australia,"technology, fashion"
e805c,Male,24,18-24,United States,art
e80fd,Female,23,18-24,United Kingdom,"finance, food, travel"
e814f,Male,18,18-24,India,fitness
e815f,Male,23,18-24,United Kingdom,"sports, travel, lifestyle"
e819f,Male,19,18-24,Germany,"health, photography"
e81bc,Female,45,45-54,Brazil,"lifestyle, art"
e81e5,Male,31,25-34,United Kingdom,"sports, health, gaming"
e828c,Female,31,25-34,India,"fitness, technology, gaming"
e82c1,Male,37,35-44,United States,art
e82f0,Male,54,45-54,Germany,"fitness, health, lifestyle"
e837b,Male,34,25-34,Japan,"travel, news"
e8519,Female,25,25-34,India,sports
e8553,Other,23,18-24,Germany,lifestyle
e85b6,Female,29,25-34,Japan,"sports, lifestyle, news"
e85ed,Female,33,25-34,Japan,art
e8674,Female,36,35-44,India,"news, art"
e8734,Male,22,18-24,Australia,lifestyle
e873f,Male,31,25-34,United States,"health, technology"
e8758,Female,24,18-24,Australia,news
e876c,Other,30,25-34,United States,"gaming, sports"
e8781,Other,16,16-17,United States,"news, fashion, travel"
e87b8,Male,22,18-24,United States,"travel, art"
e8885,Other,23,18-24,United States,"lifestyle, news, technology"
e888c,Female,21,18-24,Japan,health
e88c9,Female,21,18-24,United States,fitness
e88d5,Male,18,18-24,United Kingdom,"lifestyle, photography"
e8987,Other,22,18-24,Australia,"sports, photography"
e89ac,Male,40,35-44,Australia,"technology, art"
e89f7,Male,38,35-44,Mexico,fashion
e8a98,Male,28,25-34,United Kingdom,fitness
e8acd,Male,42,35-44,United Kingdom,"fashion, art, lifestyle"
e8b87,Female,26,25-34,Australia,fashion
e8c81,Female,25,25-34,Japan,gaming
e8d06,Male,20,18-24,Mexico,"food, fashion"
e8d14,Male,40,35-44,Australia,"gaming, fashion, travel"
e8d7f,Male,25,25-34,United Kingdom,"finance, health, gaming"
e8e23,Other,36,35-44,Canada,"lifestyle, health"
e9020,Male,24,18-24,United Kingdom,"art, travel"
e9057,Female,42,35-44,France,"art, travel"
e9181,Male,21,18-24,United States,travel
e91b6,Male,29,25-34,Brazil,"travel, news"
e91cf,Male,30,25-34,United Kingdom,photography
e91e7,Male,26,25-34,United Kingdom,gaming
e920d,Female,21,18-24,Germany,"travel, fashion"
e924f,Male,27,25-34,Japan,"technology, food, fashion"
e9273,Female,17,16-17,India,fashion
e93b1,Male,30,25-34,Japan,travel
e93f9,Male,22,18-24,United Kingdom,"art, food, sports"
e9427,Male,37,35-44,Canada,"photography, finance, gaming"
e953c,Male,39,35-44,Germany,"news, art"
e95a9,Female,22,18-24,United Kingdom,"gaming, sports, technology"
e964e,Female,23,18-24,France,"news, art, photography"
e9669,Male,17,16-17,India,"art, finance, health"
e977a,Male,41,35-44,Japan,gaming
e978f,Male,38,35-44,United Kingdom,"photography, fashion"
e988e,Female,31,25-34,Germany,"art, news"
e9974,Male,27,25-34,United Kingdom,"gaming, finance, art"
e9a00,Male,27,25-34,Mexico,travel
e9a04,Female,34,25-34,Germany,finance
e9a06,Male,33,25-34,Japan,"finance, lifestyle, photography"
e9a44,Male,30,25-34,Japan,"health, art, fitness"
e9afe,Male,17,16-17,United States,"travel, food, news"
e9b23,Male,41,35-44,United States,fashion
e9c56,Male,39,35-44,Mexico,news
e9c8b,Male,40,35-44,United States,"lifestyle, fitness, health"
e9cb5,Female,24,18-24,United States,"technology, travel, fashion"
e9d66,Female,39,35-44,India,fashion
e9e0b,Female,31,25-34,United Kingdom,"fashion, food"
e9eb6,Female,33,25-34,United Kingdom,health
e9ef9,Male,38,35-44,Japan,"art, sports, travel"
e9f9a,Female,16,16-17,Canada,"travel, fashion, lifestyle"
ea057,Other,21,18-24,United Kingdom,"health, gaming, photography"
ea0ab,Male,35,35-44,Germany,"photography, technology, food"
ea0bc,Male,48,45-54,United States,"photography, finance, sports"
ea139,Male,18,18-24,United States,sports
ea1ba,Female,30,25-34,France,"lifestyle, fashion, photography"
ea1ef,Male,22,18-24,Australia,fitness
ea29a,Female,29,25-34,United States,"art, finance, fashion"
ea2c9,Male,25,25-34,United Kingdom,"health, technology, travel"
ea334,Female,41,35-44,Mexico,"photography, fashion"
ea34a,Female,32,25-34,United States,health
ea376,Female,17,16-17,Germany,"travel, art"
ea477,Female,30,25-34,United States,"art, technology, finance"
ea4df,Male,37,35-44,United States,fitness
ea606,Male,25,25-34,India,news
ea6c3,Male,25,25-34,France,sports
ea7f1,Female,20,18-24,Germany,"health, art, technology"
ea836,Male,46,45-54,United Kingdom,"travel, lifestyle"
ea954,Female,47,45-54,United Kingdom,"lifestyle, health"
ea9a7,Female,23,18-24,India,"travel, health"
ea9ed,Female,31,25-34,United States,finance
eaa07,Other,16,16-17,Japan,technology
eaa37,Male,34,25-34,Brazil,"gaming, fashion"
eaa7d,Female,28,25-34,United Kingdom,"technology, gaming"
eaa8b,Male,30,25-34,Brazil,"fitness, fashion, photography"
eaaa7,Other,23,18-24,Germany,"gaming, health"
eaae1,Female,25,25-34,Germany,news
eab71,Other,22,18-24,United States,"lifestyle, photography"
eab8d,Male,32,25-34,Mexico,food
eabd3,Female,19,18-24,United Kingdom,"gaming, news"
eac99,Other,16,16-17,India,"food, sports"
eaca3,Female,40,35-44,United States,"photography, fitness"
ead19,Male,21,18-24,United States,technology
eadf4,Female,30,25-34,Australia,"news, lifestyle"
eae42,Female,30,25-34,Brazil,"technology, sports"
eaf41,Male,16,16-17,Canada,"art, gaming"
eaf61,Male,34,25-34,Germany,fitness
eaf77,Other,52,45-54,France,"fitness, technology, travel"
eaff7,Female,18,18-24,India,"fashion, news, travel"
eb0db,Female,37,35-44,Japan,"photography, art, sports"
eb21b,Male,16,16-17,United States,"finance, lifestyle"
eb235,Male,20,18-24,India,"travel, lifestyle"
eb368,Female,20,18-24,Japan,news
eb36a,Female,24,18-24,Germany,lifestyle
eb4fb,Male,18,18-24,India,fashion
eb535,Male,25,25-34,United States,"gaming, fitness"
eb5e9,Male,25,25-34,United States,"gaming, photography, art"
eb61f,Other,18,18-24,India,"health, finance, news"
eb673,Female,24,18-24,Japan,"photography, technology"
eb708,Female,21,18-24,Germany,gaming
eb724,Male,25,25-34,United States,finance
eb7ff,Male,27,25-34,United Kingdom,"gaming, fitness"
eb916,Female,30,25-34,Canada,"photography, health"
eb96f,Female,26,25-34,United States,"food, health"
eb9c9,Male,19,18-24,Germany,"photography, sports, food"
eba49,Male,31,25-34,United Kingdom,"technology, travel, gaming"
ebab5,Male,19,18-24,Germany,"gaming, lifestyle, art"
ebab9,Female,34,25-34,United Kingdom,"travel, food, gaming"
ebb43,Male,26,25-34,United States,"finance, technology, gaming"
ebba5,Male,24,18-24,France,"travel, technology"
ebc0b,Male,26,25-34,United States,"news, health, photography"
ebc0f,Male,41,35-44,United States,"travel, finance, fashion"
ebc63,Male,32,25-34,Canada,art
ebd3d,Female,16,16-17,United States,"fashion, health, finance"
ebd7b,Male,25,25-34,India,"travel, health, sports"
ebdb7,Female,32,25-34,United Kingdom,"gaming, finance, fashion"
ebdc2,Female,16,16-17,United States,"health, art, news"
ebe20,Female,24,18-24,Mexico,finance
ebe8e,Female,17,16-17,Brazil,fashion
ebea7,Male,37,35-44,United Kingdom,"fitness, food, technology"
ebec6,Female,30,25-34,United States,"photography, art, lifestyle"
ebfd4,Male,50,45-54,United Kingdom,"fashion, art, sports"
ebfe3,Male,28,25-34,United States,"technology, art, gaming"
ec0e3,Female,25,25-34,Australia,health
ec0f1,Male,28,25-34,France,food
ec0f9,Other,26,25-34,United States,"sports, fitness"
ec1a8,Other,53,45-54,Canada,fitness
ec1ba,Male,63,55-65,India,"sports, technology, finance"
ec28f,Other,37,35-44,Brazil,"fitness, travel, fashion"
ec295,Male,20,18-24,Brazil,"travel, photography, sports"
ec2f7,Female,30,25-34,India,"gaming, finance, travel"
ec311,Male,27,25-34,United States,finance
ec31f,Female,22,18-24,United Kingdom,travel
ec345,Male,21,18-24,Mexico,"finance, lifestyle, sports"
ec353,Male,32,25-34,India,"news, finance"
ec3aa,Male,24,18-24,United Kingdom,"technology, lifestyle"
ec3ab,Female,16,16-17,United States,technology
ec3b8,Other,17,16-17,United States,news
ec3c5,Female,33,25-34,Japan,food
ec3cb,Male,42,35-44,Mexico,"gaming, finance"
ec3d4,Female,26,25-34,United States,"sports, technology, lifestyle"
ec438,Female,55,55-65,United Kingdom,"food, news"
ec457,Female,25,25-34,United Kingdom,"fashion, lifestyle, photography"
ec45c,Other,41,35-44,United Kingdom,"food, fashion, art"
ec522,Female,17,16-17,Japan,fitness
ec5d8,Male,37,35-44,United Kingdom,"fitness, food"
ec64c,Female,27,25-34,United Kingdom,"sports, gaming, fitness"
ec683,Female,36,35-44,Mexico,"sports, art"
ec714,Male,23,18-24,United Kingdom,technology
ec791,Male,18,18-24,Germany,gaming
ec7d2,Female,47,45-54,United Kingdom,news
ec835,Male,29,25-34,Japan,technology
ec85d,Female,35,35-44,Canada,gaming
ec8d3,Other,24,18-24,United States,"technology, fashion, lifestyle"
ec966,Male,29,25-34,United States,gaming
ecb42,Male,19,18-24,United States,"gaming, travel, art"
ecb6c,Male,26,25-34,United Kingdom,photography
ecb93,Other,28,25-34,United States,news
ecbf3,Male,42,35-44,United Kingdom,"sports, art"
ecc13,Male,26,25-34,United States,"fitness, fashion"
eccbe,Female,29,25-34,Brazil,"news, sports"
eccf7,Male,24,18-24,United States,"art, health"
ecd17,Other,34,25-34,United States,news
ecd4d,Male,16,16-17,Brazil,fitness
ecd5b,Female,27,25-34,Australia,"travel, technology, food"
ecd84,Female,29,25-34,Canada,"gaming, lifestyle, news"
ecd8b,Female,24,18-24,United States,"sports, lifestyle"
ece76,Male,22,18-24,Australia,fashion
eceac,Male,29,25-34,India,"travel, photography, health"
eceb6,Female,20,18-24,Brazil,news
ecece,Female,22,18-24,United States,food
ecf43,Female,34,25-34,United Kingdom,"lifestyle, technology"
ecf57,Male,27,25-34,Australia,sports
ed034,Female,27,25-34,India,"lifestyle, news"
ed09b,Male,29,25-34,United Kingdom,"news, food"
ed0e3,Other,17,16-17,United Kingdom,"gaming, health"
ed113,Male,24,18-24,Mexico,"health, news, lifestyle"
ed159,Female,33,25-34,United States,"lifestyle, art, photography"
ed1f3,Other,25,25-34,United States,"sports, news, health"
ed259,Male,27,25-34,United States,fashion
ed2a5,Male,24,18-24,Australia,"gaming, sports"
ed304,Male,23,18-24,Mexico,"art, technology"
ed307,Female,22,18-24,United States,"food, sports, travel"
ed359,Female,32,25-34,United States,fashion
ed3d9,Female,27,25-34,Canada,"health, lifestyle, food"
ed46e,Male,35,35-44,United States,"health, fashion, finance"
ed4d9,Other,29,25-34,India,"travel, food, news"
ed510,Male,19,18-24,United States,"finance, lifestyle"
ed53b,Female,23,18-24,Canada,"news, fitness"
ed563,Female,24,18-24,Germany,fashion
ed59a,Female,28,25-34,United States,"finance, lifestyle, technology"
ed59f,Female,36,35-44,United Kingdom,"lifestyle, gaming"
ed67e,Female,27,25-34,Brazil,"fashion, travel, technology"
ed6be,Male,28,25-34,Australia,"art, fashion, technology"
ed73b,Female,28,25-34,Japan,"fitness, sports, food"
ed7a9,Female,17,16-17,Japan,food
ed7b8,Male,25,25-34,United States,travel
ed7d6,Male,17,16-17,India,fitness
ed838,Male,35,35-44,France,fashion
ed84c,Male,24,18-24,Australia,finance
ed8dc,Female,32,25-34,India,photography
ed93e,Male,58,55-65,United States,"fashion, art"
ed997,Other,27,25-34,Japan,health
ed9be,Other,30,25-34,United States,gaming
ed9e2,Male,35,35-44,Australia,"fashion, photography, food"
edaaf,Male,38,35-44,Brazil,"finance, sports, fashion"
edb5d,Female,45,45-54,United Kingdom,fitness
edd86,Male,38,35-44,United States,"lifestyle, health"
eddce,Female,18,18-24,India,"art, food"
eddd9,Female,19,18-24,Australia,sports
edf34,Other,30,25-34,United States,"travel, news, fitness"
edf8e,Female,43,35-44,Canada,"fitness, art"
edfa7,Other,28,25-34,Australia,"technology, art"
edfbd,Other,18,18-24,United States,health
edfc9,Female,19,18-24,United States,health
ee0a0,Male,26,25-34,Australia,"gaming, technology"
ee0a7,Male,26,25-34,United States,"technology, fitness, sports"
ee0b0,Male,19,18-24,Australia,"gaming, fitness, news"
ee0db,Female,32,25-34,Mexico,"fitness, art, fashion"
ee13e,Female,27,25-34,India,"gaming, fashion, fitness"
ee144,Female,32,25-34,United States,"photography, gaming"
ee205,Female,20,18-24,Mexico,sports
ee236,Female,22,18-24,Germany,"fitness, technology, photography"
ee263,Male,26,25-34,United States,"photography, technology"
ee28a,Male,26,25-34,United States,fashion
ee36e,Female,25,25-34,Canada,finance
ee3b7,Male,17,16-17,United States,lifestyle
ee40a,Female,20,18-24,United Kingdom,"health, photography, fashion"
ee4a2,Male,27,25-34,United Kingdom,"health, food"
ee5a1,Other,22,18-24,Canada,"sports, health"
ee684,Male,16,16-17,Japan,"sports, finance"
ee6f8,Female,31,25-34,United States,"fashion, fitness, finance"
ee722,Other,39,35-44,United States,art
ee782,Female,30,25-34,Japan,travel
ee783,Male,30,25-34,United Kingdom,"health, gaming, art"
ee7e4,Other,37,35-44,India,finance
ee822,Male,18,18-24,France,fitness
ee864,Male,23,18-24,Canada,"fashion, food, health"
ee8c7,Other,23,18-24,United States,"gaming, sports, lifestyle"
ee8db,Male,28,25-34,United States,"finance, sports"
ee923,Male,19,18-24,Mexico,"technology, food"
ee956,Male,33,25-34,United States,"food, technology"
eea03,Female,34,25-34,United Kingdom,health
eea39,Female,17,16-17,France,"fitness, finance"
eea61,Female,27,25-34,Australia,"health, news, fashion"
eea9e,Other,26,25-34,Brazil,"health, news"
eeb2e,Male,46,45-54,United Kingdom,"travel, sports"
eeb3d,Other,31,25-34,Germany,"technology, photography, fashion"
eeb6b,Female,18,18-24,India,"fitness, health"
eeb72,Female,42,35-44,United Kingdom,lifestyle
eebc4,Female,19,18-24,United Kingdom,"travel, gaming"
eec05,Male,25,25-34,Brazil,news
eed1c,Male,27,25-34,Brazil,"fashion, food, news"
eed23,Male,29,25-34,United States,"food, sports, art"
eed2e,Female,36,35-44,Canada,"fitness, art, photography"
eed79,Female,25,25-34,Canada,"food, technology, fitness"
eed8f,Male,48,45-54,United Kingdom,"technology, food, fashion"
eee97,Male,34,25-34,United States,technology
eeebb,Male,18,18-24,Brazil,"gaming, fashion"
eeed4,Male,30,25-34,Germany,"fashion, sports"
eeefa,Male,37,35-44,Brazil,"food, lifestyle, technology"
eef36,Female,28,25-34,Germany,photography
eef7f,Male,22,18-24,United States,photography
ef037,Male,20,18-24,United States,gaming
ef090,Female,30,25-34,Canada,lifestyle
ef0cc,Male,35,35-44,Germany,lifestyle
ef17e,Other,23,18-24,United States,fashion
ef1c1,Male,21,18-24,United Kingdom,lifestyle
ef248,Male,28,25-34,United States,"fitness, fashion"
ef2a6,Female,26,25-34,Australia,"travel, art, lifestyle"
ef308,Male,42,35-44,Australia,"health, sports"
ef4d0,Male,28,25-34,United States,"gaming, finance, news"
ef4f9,Male,36,35-44,Australia,"lifestyle, fashion"
ef5a5,Female,29,25-34,Australia,"sports, health, gaming"
ef5aa,Male,33,25-34,Canada,lifestyle
ef5ea,Male,16,16-17,United Kingdom,"finance, art"
ef60f,Male,21,18-24,United Kingdom,"sports, finance"
ef6e9,Female,29,25-34,Germany,"sports, news"
ef71e,Male,16,16-17,India,"finance, art"
ef98c,Male,58,55-65,France,"photography, travel"
ef9b5,Male,18,18-24,United Kingdom,"technology, food"
ef9da,Male,49,45-54,France,"technology, finance"
efa89,Other,31,25-34,Germany,fitness
efaab,Male,39,35-44,France,"fashion, travel"
efad1,Male,36,35-44,India,"technology, photography, gaming"
efaf4,Male,21,18-24,United States,photography
efbda,Male,21,18-24,Canada,"sports, lifestyle"
efc44,Male,16,16-17,United States,news
efced,Male,23,18-24,United States,"lifestyle, fitness, sports"
efea4,Male,26,25-34,United Kingdom,"art, gaming, food"
efeb8,Male,41,35-44,Germany,travel
eff5e,Other,26,25-34,United States,"photography, food"
effaa,Male,32,25-34,France,photography
effbb,Male,29,25-34,France,"gaming, travel"
effc7,Male,22,18-24,United States,"sports, travel"
f000b,Male,39,35-44,Japan,fashion
f0017,Female,31,25-34,United Kingdom,"travel, fashion"
f00fd,Male,36,35-44,United States,"sports, lifestyle, fitness"
f0179,Male,31,25-34,United States,lifestyle
f0180,Female,42,35-44,Japan,"health, lifestyle, fashion"
f01ae,Female,35,35-44,Mexico,fitness
f01c8,Male,38,35-44,Japan,technology
f01cd,Other,21,18-24,United Kingdom,fashion
f022e,Male,29,25-34,United States,"lifestyle, sports"
f0292,Male,24,18-24,United Kingdom,"health, fitness, lifestyle"
f032e,Male,35,35-44,United States,"sports, finance"
f0395,Female,22,18-24,Canada,fashion
f0564,Male,29,25-34,United States,"lifestyle, health, art"
f0655,Male,41,35-44,Japan,"art, fitness"
f0703,Male,44,35-44,United States,art
f0727,Female,35,35-44,United States,technology
f0801,Male,30,25-34,United States,"travel, news, art"
f0870,Female,18,18-24,United Kingdom,"fitness, food"
f0892,Other,34,25-34,United States,sports
f08c7,Female,26,25-34,United Kingdom,"art, news"
f0a0d,Female,16,16-17,United Kingdom,"travel, art, lifestyle"
f0a9d,Male,21,18-24,Germany,travel
f0aaa,Male,20,18-24,France,food
f0b7d,Female,32,25-34,Japan,fashion
f0bee,Female,25,25-34,United Kingdom,health
f0bfa,Female,34,25-34,France,"fitness, news"
f0bfc,Female,36,35-44,France,"sports, technology"
f0c8e,Female,31,25-34,United Kingdom,"lifestyle, health"
f0ca7,Female,19,18-24,Mexico,"lifestyle, art, health"
f0d2b,Male,29,25-34,Canada,"fitness, health, art"
f0d44,Female,33,25-34,India,"food, technology"
f0d7b,Female,24,18-24,United States,"health, food"
f0dfe,Male,21,18-24,United States,photography
f0e50,Male,27,25-34,Australia,"food, news, travel"
f0ed0,Male,26,25-34,United Kingdom,"fitness, art"
f0efc,Female,17,16-17,Germany,"health, fashion, gaming"
f0f52,Female,23,18-24,India,"food, fashion"
f0f65,Male,36,35-44,Brazil,"fitness, gaming"
f0f7e,Male,25,25-34,India,"photography, news, gaming"
f0fa3,Male,30,25-34,Canada,"photography, sports, art"
f1024,Female,26,25-34,Brazil,"gaming, photography, travel"
f1136,Male,24,18-24,United Kingdom,"fitness, sports, news"
f11b0,Male,60,55-65,Australia,fitness
f11b8,Female,34,25-34,Japan,food
f11ce,Male,32,25-34,Canada,"news, photography, fitness"
f125d,Male,28,25-34,Germany,"lifestyle, technology, sports"
f12f9,Other,25,25-34,United Kingdom,technology
f13d1,Male,28,25-34,Mexico,technology
f150d,Male,24,18-24,Canada,photography
f1536,Other,32,25-34,Brazil,finance
f15f9,Male,22,18-24,Canada,health
f167f,Female,42,35-44,Canada,food
f169e,Female,35,35-44,Australia,"finance, news"
f16f9,Other,19,18-24,France,"gaming, food"
f1737,Male,26,25-34,United Kingdom,"news, lifestyle, food"
f17da,Female,30,25-34,Mexico,"technology, travel"
f1836,Male,30,25-34,Japan,fashion
f185e,Female,37,35-44,India,"food, lifestyle, fashion"
f18e0,Male,38,35-44,Canada,"gaming, lifestyle"
f1915,Other,17,16-17,United Kingdom,"news, lifestyle"
f1919,Male,33,25-34,Mexico,"fitness, travel"
f197e,Male,23,18-24,Canada,art
f19a7,Female,21,18-24,United States,"food, fashion"
f19ca,Male,23,18-24,United States,"sports, health"
f1b06,Female,27,25-34,India,sports
f1cf8,Male,37,35-44,United States,"fashion, technology"
f1e33,Male,23,18-24,United States,news
f1e5b,Other,43,35-44,India,"lifestyle, photography, health"
f1e5d,Other,35,35-44,India,"art, health"
f1f29,Male,26,25-34,India,"lifestyle, sports, photography"
f1f47,Female,40,35-44,Australia,"gaming, lifestyle"
f1fba,Male,20,18-24,India,finance
f1fc4,Female,19,18-24,United Kingdom,lifestyle
f207f,Female,19,18-24,United Kingdom,"photography, fashion, travel"
f20a1,Female,21,18-24,Mexico,gaming
f20d1,Female,33,25-34,Australia,fitness
f211b,Other,50,45-54,Germany,"travel, fashion"
f2200,Male,18,18-24,Brazil,"photography, food"
f2279,Male,28,25-34,Brazil,photography
f2281,Male,24,18-24,United Kingdom,"food, art, sports"
f22e5,Male,22,18-24,United States,fashion
f234b,Male,24,18-24,United States,"photography, fitness, sports"
f24d6,Male,40,35-44,Germany,travel
f2529,Male,37,35-44,France,art
f252a,Female,30,25-34,Canada,"photography, travel, gaming"
f2562,Female,33,25-34,Mexico,travel
f2572,Male,19,18-24,India,fitness
f2602,Male,23,18-24,United States,health
f266a,Female,24,18-24,United States,"travel, sports, gaming"
f2688,Female,16,16-17,United States,news
f269c,Male,44,35-44,Japan,"fitness, gaming, news"
f269f,Male,20,18-24,United States,"food, fitness"
f2737,Female,39,35-44,Canada,"art, gaming, fitness"
f27b0,Other,16,16-17,Canada,fitness
f29a4,Male,29,25-34,India,"fitness, health"
f29cf,Male,26,25-34,United States,"technology, food"
f29d6,Female,40,35-44,United States,"gaming, sports"
f2b99,Male,20,18-24,Japan,gaming
f2b9d,Female,24,18-24,Mexico,"health, fitness"
f2c38,Female,36,35-44,Australia,travel
f2c5f,Female,25,25-34,United Kingdom,"art, technology"
f2c92,Male,29,25-34,United States,health
f2db6,Male,23,18-24,Germany,"finance, fashion"
f2dd5,Other,28,25-34,United States,"finance, art"
f2e9b,Female,24,18-24,United Kingdom,"fashion, fitness, lifestyle"
f2eae,Male,28,25-34,United Kingdom,gaming
f2f2b,Male,16,16-17,United States,"food, health"
f2f39,Male,28,25-34,Germany,travel
f2f5d,Female,40,35-44,United States,lifestyle
f2f63,Male,23,18-24,Brazil,"lifestyle, finance, photography"
f2fa7,Other,19,18-24,United Kingdom,"art, technology, finance"
f2fd4,Female,31,25-34,India,"news, sports, art"
f2fda,Other,33,25-34,United States,"photography, news"
f2ff6,Other,38,35-44,France,fitness
f304b,Male,24,18-24,United States,"health, art, gaming"
f305b,Male,30,25-34,Canada,sports
f30d3,Female,33,25-34,Canada,"travel, lifestyle, photography"
f3109,Other,46,45-54,United States,"technology, fashion, health"
f311e,Female,18,18-24,Mexico,food
f31ca,Male,29,25-34,United States,news
f321d,Male,28,25-34,United States,"technology, sports"
f324c,Female,25,25-34,United States,photography
f3268,Female,29,25-34,Canada,"fitness, fashion, technology"
f32a9,Other,31,25-34,Australia,fashion
f3382,Male,34,25-34,United States,"lifestyle, travel"
f3538,Female,31,25-34,Canada,"photography, travel, art"
f3560,Male,22,18-24,United Kingdom,travel
f3576,Female,25,25-34,United States,"technology, food, health"
f3579,Other,28,25-34,United Kingdom,"fitness, art"
f35e1,Male,19,18-24,United States,"lifestyle, fitness, finance"
f3663,Other,25,25-34,Canada,"health, fashion"
f3696,Male,24,18-24,United Kingdom,"art, food, fashion"
f3716,Male,26,25-34,India,"fitness, fashion"
f378b,Male,35,35-44,Japan,"sports, travel"
f3813,Male,43,35-44,United States,"lifestyle, fitness"
f3861,Female,32,25-34,United States,finance
f386d,Male,40,35-44,France,"art, food"
f38d2,Male,22,18-24,Japan,"health, news, travel"
f3981,Male,26,25-34,India,photography
f3a09,Male,38,35-44,Germany,food
f3aab,Male,33,25-34,Germany,"lifestyle, fashion, finance"
f3b60,Female,21,18-24,Germany,food
f3c1f,Male,24,18-24,United States,"gaming, art"
f3c61,Male,21,18-24,United Kingdom,"art, sports, technology"
f3c85,Male,21,18-24,United Kingdom,"photography, news"
f3ca5,Female,24,18-24,United Kingdom,"lifestyle, news, food"
f3d62,Male,20,18-24,Germany,lifestyle
f3de8,Other,31,25-34,United States,"photography, fashion"
f3e17,Female,34,25-34,United Kingdom,"food, travel"
f3e2c,Male,19,18-24,India,sports
f402a,Female,25,25-34,United Kingdom,"photography, fitness, technology"
f404f,Female,36,35-44,Canada,"food, art"
f40bf,Female,17,16-17,United States,"sports, gaming"
f40fd,Female,32,25-34,Brazil,"news, food"
f4251,Female,25,25-34,Germany,"travel, fashion, art"
f431f,Female,34,25-34,United States,"fashion, photography, food"
f4362,Male,20,18-24,United States,"food, sports"
f437d,Male,24,18-24,Brazil,"lifestyle, sports, technology"
f43de,Male,30,25-34,United Kingdom,finance
f447f,Female,23,18-24,Germany,gaming
f44e7,Male,24,18-24,Japan,"fitness, art, lifestyle"
f44e9,Male,19,18-24,United Kingdom,"news, gaming"
f4534,Female,45,45-54,United States,photography
f453a,Male,28,25-34,Canada,"sports, travel, finance"
f4544,Other,23,18-24,Mexico,lifestyle
f456c,Female,16,16-17,France,"sports, news, food"
f45b7,Female,38,35-44,United States,"finance, technology, travel"
f460a,Male,30,25-34,Germany,"photography, lifestyle, finance"
f464f,Female,21,18-24,Germany,"technology, food"
f470d,Male,18,18-24,India,"photography, news, lifestyle"
f4785,Female,30,25-34,United States,"news, technology"
f47d4,Female,30,25-34,France,food
f47ee,Female,24,18-24,United States,"photography, sports"
f48d1,Other,35,35-44,United States,fashion
f4954,Male,16,16-17,Germany,photography
f4957,Female,25,25-34,United States,lifestyle
f4980,Female,25,25-34,Canada,health
f49e6,Female,25,25-34,United States,"fitness, sports, finance"
f4a07,Other,27,25-34,United States,"travel, gaming, sports"
f4ac3,Male,31,25-34,United States,health
f4d7b,Female,44,35-44,Canada,"photography, gaming, health"
f4dae,Male,26,25-34,United Kingdom,"finance, travel"
f4dba,Male,39,35-44,Australia,"health, news, fitness"
f4e08,Other,29,25-34,Australia,"lifestyle, finance"
f4e56,Female,20,18-24,France,"gaming, travel"
f4e8b,Other,23,18-24,United States,"fitness, finance, health"
f4e8d,Male,43,35-44,United States,"photography, art"
f4e9e,Female,17,16-17,Brazil,health
f5131,Female,37,35-44,United Kingdom,technology
f5141,Other,16,16-17,India,"lifestyle, food"
f5152,Female,32,25-34,Australia,food
f519d,Male,35,35-44,United States,"food, art"
f51b8,Male,19,18-24,Germany,"news, technology"
f51d6,Other,23,18-24,Mexico,technology
f51d7,Male,27,25-34,United States,news
f51df,Female,30,25-34,United Kingdom,travel
f51ff,Male,16,16-17,India,lifestyle
f52b2,Male,16,16-17,United Kingdom,"lifestyle, finance"
f52f0,Female,30,25-34,Mexico,"technology, photography"
f531a,Female,22,18-24,United States,"gaming, technology, sports"
f537f,Male,26,25-34,United States,gaming
f53e5,Male,20,18-24,United States,"art, finance, health"
f5483,Male,36,35-44,India,"health, travel, fashion"
f5489,Other,29,25-34,United States,gaming
f548b,Female,22,18-24,Mexico,"gaming, news"
f54a1,Female,16,16-17,Germany,art
f562b,Male,29,25-34,United States,"fitness, art"
f5639,Other,25,25-34,United States,"lifestyle, technology"
f56ae,Female,24,18-24,United Kingdom,news
f56d8,Female,25,25-34,United States,sports
f57f2,Male,26,25-34,United States,"food, finance"
f5843,Female,16,16-17,Germany,food
f58df,Female,19,18-24,Germany,"lifestyle, travel, news"
f59f0,Female,23,18-24,France,"food, travel"
f5a0f,Female,22,18-24,United States,health
f5a30,Female,42,35-44,Germany,"fitness, photography"
f5a7e,Male,21,18-24,France,"fashion, technology, finance"
f5aa7,Male,28,25-34,India,travel
f5b42,Female,34,25-34,Germany,technology
f5bad,Male,26,25-34,Mexico,"finance, health, travel"
f5bd4,Female,27,25-34,India,"photography, fashion"
f5c47,Male,41,35-44,Australia,"sports, health, lifestyle"
f5ccd,Male,22,18-24,United States,"technology, gaming, sports"
f5cfd,Male,25,25-34,United Kingdom,"news, photography, gaming"
f5dfe,Male,23,18-24,India,"technology, fashion"
f5eeb,Female,24,18-24,Canada,"fitness, gaming"
f5efe,Male,36,35-44,United States,photography
f5f6a,Male,17,16-17,United States,gaming
f5fa5,Female,20,18-24,Canada,fashion
f5fdb,Male,25,25-34,India,"news, sports, fashion"
f604e,Female,43,35-44,France,"travel, photography, gaming"
f604f,Male,22,18-24,Canada,"photography, finance"
f6137,Female,23,18-24,United States,"lifestyle, gaming"
f629b,Male,21,18-24,India,"food, art, fashion"
f636c,Female,27,25-34,India,"travel, photography"
f6435,Female,38,35-44,Japan,fashion
f65eb,Male,16,16-17,Germany,technology
f6651,Male,49,45-54,Australia,health
f66bc,Female,35,35-44,India,"art, lifestyle, fitness"
f67a8,Male,17,16-17,United States,"technology, fitness"
f67dd,Male,22,18-24,United States,"news, fashion, technology"
f68c7,Female,29,25-34,United States,"fashion, health, lifestyle"
f69a3,Male,33,25-34,United States,fashion
f69d8,Male,21,18-24,United States,"technology, art, travel"
f69fb,Male,29,25-34,United States,technology
f6a8b,Male,39,35-44,United Kingdom,"fashion, technology"
f6b65,Male,21,18-24,United Kingdom,finance
f6b7a,Male,23,18-24,United States,news
f6b9a,Female,21,18-24,Canada,"sports, art, photography"
f6be0,Female,33,25-34,France,"travel, health, photography"
f6be3,Male,44,35-44,Canada,"sports, food"
f6bf7,Female,31,25-34,Australia,travel
f6c11,Male,16,16-17,United States,"news, gaming"
f6c5e,Male,28,25-34,Australia,"food, news"
f6d07,Male,29,25-34,United Kingdom,sports
f6e4c,Male,32,25-34,United States,"art, fashion, travel"
f6e4d,Female,38,35-44,United States,"health, food, gaming"
f6ef2,Male,29,25-34,United States,"health, fitness"
f6fae,Male,32,25-34,United Kingdom,"gaming, news"
f6fe8,Male,16,16-17,India,"fashion, sports, fitness"
f6ffd,Other,27,25-34,Germany,"food, sports, fashion"
f7035,Male,18,18-24,United States,"gaming, art"
f707b,Male,27,25-34,United States,"fitness, gaming, technology"
f7112,Male,35,35-44,United States,news
f7174,Female,16,16-17,India,"fashion, gaming, travel"
f71dc,Female,25,25-34,United States,"sports, technology, gaming"
f727e,Female,26,25-34,United States,"technology, fitness, lifestyle"
f7364,Female,17,16-17,Germany,"fashion, food, photography"
f7385,Female,20,18-24,United States,"news, finance"
f73da,Female,21,18-24,United States,"fitness, gaming"
f7418,Male,34,25-34,United Kingdom,food
f7427,Female,18,18-24,India,travel
f74e1,Female,25,25-34,Australia,"lifestyle, travel"
f75b1,Female,20,18-24,United States,"finance, technology, travel"
f75f8,Other,25,25-34,India,news
f7629,Female,30,25-34,United States,travel
f776d,Female,31,25-34,Australia,"fitness, food, photography"
f7778,Female,39,35-44,India,health
f7858,Female,49,45-54,United States,art
f7897,Other,16,16-17,Brazil,"photography, food, finance"
f78b8,Female,31,25-34,Mexico,"news, finance"
f78e5,Male,18,18-24,United States,"finance, sports, travel"
f78e9,Other,35,35-44,United Kingdom,"food, technology, fashion"
f794f,Male,16,16-17,United Kingdom,"finance, photography, lifestyle"
f798c,Male,25,25-34,Germany,lifestyle
f7999,Other,25,25-34,United States,gaming
f79b6,Female,24,18-24,India,"sports, news"
f79bd,Male,23,18-24,Canada,finance
f79cf,Male,38,35-44,United States,"fashion, technology"
f79f0,Male,36,35-44,United Kingdom,"lifestyle, fashion"
f7a0b,Female,27,25-34,United States,"art, health, technology"
f7acb,Female,38,35-44,Australia,"fashion, finance"
f7b44,Male,34,25-34,Australia,"food, finance, photography"
f7b73,Male,32,25-34,Japan,"fitness, finance"
f7beb,Male,26,25-34,France,"lifestyle, finance, photography"
f7c30,Female,40,35-44,Germany,"fitness, art, gaming"
f7cb1,Male,20,18-24,United States,"sports, food, travel"
f7cdb,Female,23,18-24,Germany,"health, technology, sports"
f7d4f,Male,35,35-44,Australia,art
f7d96,Female,22,18-24,Japan,"health, sports, lifestyle"
f7e81,Female,17,16-17,Canada,"health, travel, technology"
f7ebd,Male,29,25-34,India,"food, fitness"
f7ed0,Male,34,25-34,Germany,"lifestyle, fitness"
f7ff0,Female,32,25-34,Brazil,"fitness, art"
f801e,Female,26,25-34,Australia,"fashion, technology, health"
f80ad,Male,21,18-24,United States,art
f8167,Male,16,16-17,India,"health, fitness, news"
f8187,Other,33,25-34,United States,news
f8218,Other,24,18-24,United Kingdom,photography
f822b,Male,29,25-34,United States,fitness
f827e,Male,35,35-44,Germany,"technology, art, photography"
f829d,Male,18,18-24,Germany,"finance, lifestyle"
f82d9,Male,27,25-34,United States,"travel, fitness"
f8302,Female,39,35-44,Japan,sports
f831a,Female,34,25-34,United States,"food, lifestyle, art"
f8350,Male,26,25-34,United States,news
f83f7,Male,36,35-44,United States,"technology, health, sports"
f8484,Female,48,45-54,India,"health, finance, fashion"
f8541,Female,34,25-34,Brazil,travel
f8565,Other,30,25-34,Mexico,"sports, food"
f867e,Male,26,25-34,United States,"art, finance, fashion"
f87f0,Male,26,25-34,India,"art, technology, news"
f887d,Female,17,16-17,Canada,"gaming, fitness, food"
f88a0,Female,23,18-24,United Kingdom,"photography, fitness, travel"
f88ca,Other,25,25-34,India,"finance, fashion"
f88de,Male,31,25-34,Canada,"gaming, sports, fitness"
f88e5,Female,16,16-17,Canada,"news, travel, technology"
f88f8,Male,41,35-44,United Kingdom,technology
f891a,Female,24,18-24,United States,food
f892a,Female,23,18-24,India,food
f8a11,Female,30,25-34,United States,"food, travel, art"
f8a40,Female,17,16-17,Mexico,"fitness, food"
f8a5a,Female,20,18-24,India,"fashion, sports"
f8a5b,Female,40,35-44,Brazil,sports
f8aab,Male,39,35-44,United States,"art, food, sports"
f8b28,Female,27,25-34,Brazil,lifestyle
f8b51,Other,34,25-34,United States,"health, fashion, finance"
f8b88,Male,20,18-24,United Kingdom,"finance, travel"
f8c5e,Male,27,25-34,United Kingdom,fitness
f8c7a,Male,26,25-34,United States,"technology, photography, travel"
f8cd9,Female,42,35-44,India,"lifestyle, food, news"
f8ce7,Male,25,25-34,India,"news, fitness, food"
f8ceb,Male,21,18-24,Canada,"news, art"
f8d00,Other,30,25-34,United States,finance
f8d05,Female,25,25-34,Germany,fashion
f8d0d,Female,30,25-34,Canada,travel
f8d37,Female,23,18-24,United States,"finance, photography"
f8d87,Male,16,16-17,United States,photography
f8d8a,Male,16,16-17,United States,"travel, fitness"
f8d9d,Male,27,25-34,United States,lifestyle
f8db9,Other,22,18-24,United States,"fitness, finance, art"
f8e0c,Female,26,25-34,Canada,"travel, technology"
f8e3d,Female,33,25-34,Australia,"sports, finance"
f8fbe,Male,23,18-24,Canada,fashion
f901a,Male,16,16-17,Canada,"photography, finance"
f90a2,Female,28,25-34,Brazil,"sports, finance, travel"
f910c,Female,21,18-24,United States,"gaming, news"
f9131,Female,18,18-24,India,"lifestyle, art"
f91b0,Female,30,25-34,United States,"art, travel, fashion"
f924c,Male,26,25-34,United Kingdom,finance
f92b6,Male,27,25-34,United Kingdom,sports
f9392,Female,17,16-17,United Kingdom,"photography, lifestyle, finance"
f93af,Male,33,25-34,India,food
f940f,Female,31,25-34,United States,"gaming, fashion"
f9489,Other,16,16-17,Germany,"health, technology, news"
f9615,Male,32,25-34,Canada,"news, gaming, sports"
f9632,Male,19,18-24,Germany,"technology, sports, fitness"
f963a,Male,19,18-24,Australia,"news, fitness"
f96a5,Male,18,18-24,Canada,"fitness, sports"
f96bd,Male,24,18-24,Brazil,"fashion, art"
f96db,Female,16,16-17,Canada,"health, sports, photography"
f971c,Female,30,25-34,United States,photography
f971d,Other,33,25-34,United States,"art, fashion"
f97fd,Female,30,25-34,United States,health
f97fe,Male,24,18-24,United Kingdom,fitness
f9846,Male,20,18-24,United Kingdom,finance
f9875,Male,30,25-34,Germany,technology
f98a4,Female,20,18-24,United States,sports
f9967,Male,19,18-24,United Kingdom,photography
f9a2c,Female,25,25-34,Japan,food
f9af2,Male,17,16-17,India,"fitness, gaming, sports"
f9af6,Male,27,25-34,United Kingdom,"gaming, travel"
f9b13,Other,35,35-44,United Kingdom,fitness
f9b58,Female,26,25-34,Brazil,"news, health, lifestyle"
f9b5b,Male,29,25-34,United States,"photography, finance"
f9bac,Male,35,35-44,United States,"food, health"
f9bb6,Female,17,16-17,Canada,"health, news"
f9bd3,Female,24,18-24,United States,"finance, sports, technology"
f9c67,Female,30,25-34,United States,"photography, finance"
f9c8e,Female,40,35-44,Mexico,photography
f9cbc,Female,25,25-34,Australia,"art, news, fashion"
f9d1c,Female,20,18-24,United Kingdom,"food, gaming, sports"
f9d7d,Female,18,18-24,Australia,"art, technology"
f9e12,Other,16,16-17,France,fitness
f9e36,Male,17,16-17,India,"photography, art, travel"
f9e4b,Male,19,18-24,Germany,art
f9e62,Male,37,35-44,Brazil,travel
f9ef9,Male,27,25-34,United States,fashion
fa00d,Female,26,25-34,United States,"photography, food"
fa030,Other,16,16-17,India,"fashion, news"
fa0c4,Male,30,25-34,Canada,photography
fa108,Male,20,18-24,United States,health
fa11e,Other,30,25-34,Mexico,"lifestyle, health"
fa15b,Male,45,45-54,India,"art, travel, fitness"
fa16d,Female,17,16-17,Japan,photography
fa1b1,Male,16,16-17,United States,health
fa22e,Male,18,18-24,Brazil,sports
fa267,Male,27,25-34,Brazil,"art, technology, lifestyle"
fa2b6,Male,34,25-34,Japan,fashion
fa41b,Male,29,25-34,Brazil,fitness
fa451,Male,29,25-34,Brazil,"lifestyle, health, art"
fa519,Male,22,18-24,United States,fashion
fa5be,Male,19,18-24,Brazil,"news, sports"
fa7b1,Male,38,35-44,Canada,"food, photography"
fa7d0,Male,27,25-34,Germany,"lifestyle, photography, fitness"
fa7e7,Male,32,25-34,Brazil,health
fa854,Female,29,25-34,Germany,gaming
fa88c,Female,19,18-24,France,gaming
fa918,Female,26,25-34,India,health
fa9b9,Male,48,45-54,India,"technology, travel"
faab0,Female,16,16-17,Australia,technology
fab9f,Female,34,25-34,Australia,"sports, art"
fabbc,Male,20,18-24,Japan,fitness
fac2c,Female,29,25-34,Australia,"technology, gaming"
fad01,Male,38,35-44,United Kingdom,art
fad0f,Male,24,18-24,Japan,"fashion, technology"
fadf4,Male,19,18-24,United States,"photography, sports, lifestyle"
fae09,Male,24,18-24,India,"photography, news"
fae96,Female,46,45-54,United States,"fashion, lifestyle, photography"
faf17,Female,21,18-24,Germany,"lifestyle, fitness"
faf4d,Male,29,25-34,United Kingdom,"travel, health, gaming"
fafe2,Male,17,16-17,United Kingdom,"gaming, lifestyle, art"
fb106,Male,38,35-44,Brazil,"fashion, news, photography"
fb111,Other,26,25-34,Australia,"food, gaming"
fb11d,Male,20,18-24,United Kingdom,"health, technology, photography"
fb157,Female,33,25-34,Germany,news
fb161,Male,16,16-17,United States,"news, finance"
fb169,Male,21,18-24,Mexico,health
fb1bc,Male,20,18-24,Canada,"finance, art"
fb1f8,Male,36,35-44,India,"gaming, travel"
fb20a,Male,18,18-24,Canada,"travel, lifestyle, fashion"
fb256,Male,26,25-34,Brazil,"lifestyle, fashion, gaming"
fb2cd,Male,52,45-54,Brazil,technology
fb2eb,Other,31,25-34,United Kingdom,"sports, fashion, travel"
fb349,Male,33,25-34,United Kingdom,"travel, lifestyle"
fb351,Male,45,45-54,United States,technology
fb36a,Female,27,25-34,United States,"technology, art"
fb38e,Female,34,25-34,United Kingdom,"travel, health"
fb3f3,Female,55,55-65,Canada,photography
fb493,Female,49,45-54,Brazil,"fashion, news, finance"
fb4f3,Other,41,35-44,United States,news
fb505,Male,31,25-34,United States,lifestyle
fb560,Other,37,35-44,United Kingdom,"travel, food"
fb585,Other,24,18-24,United States,"fitness, gaming"
fb5e6,Male,20,18-24,United States,"travel, technology"
fb6ce,Other,32,25-34,Brazil,"fashion, news, food"
fb723,Male,45,45-54,United States,"art, travel, gaming"
fb738,Female,19,18-24,Australia,sports
fb778,Male,33,25-34,Mexico,"food, sports"
fb8e1,Male,16,16-17,United Kingdom,"food, news"
fb8e3,Female,36,35-44,France,"travel, health, lifestyle"
fb92c,Male,23,18-24,United Kingdom,photography
fb9ba,Male,16,16-17,Canada,"travel, fitness"
fb9c8,Female,38,35-44,Japan,"fashion, news, health"
fba06,Female,22,18-24,Brazil,"finance, art, sports"
fba45,Male,35,35-44,Canada,"finance, photography"
fba51,Female,28,25-34,United Kingdom,"photography, fashion"
fbb28,Male,23,18-24,India,"lifestyle, art, sports"
fbc81,Female,32,25-34,Brazil,"sports, travel"
fbe22,Male,17,16-17,United Kingdom,fashion
fbef7,Other,30,25-34,United Kingdom,"gaming, fitness, photography"
fbf9c,Male,39,35-44,United States,sports
fc009,Male,17,16-17,United States,fashion
fc037,Male,23,18-24,Australia,"news, technology, health"
fc0cc,Male,39,35-44,Germany,"fitness, news"
fc0dd,Female,33,25-34,Germany,photography
fc139,Other,20,18-24,United Kingdom,"art, photography, news"
fc192,Male,18,18-24,Australia,"travel, finance"
fc1ab,Female,21,18-24,United States,food
fc1f8,Other,19,18-24,United Kingdom,"food, gaming, lifestyle"
fc330,Female,41,35-44,France,gaming
fc333,Female,19,18-24,India,technology
fc3a6,Female,37,35-44,United States,"finance, lifestyle, sports"
fc48f,Male,31,25-34,Japan,news
fc56c,Male,26,25-34,Canada,"fitness, health"
fc5ee,Male,17,16-17,Germany,"health, fitness, art"
fc609,Male,24,18-24,United States,"art, finance"
fc736,Male,23,18-24,Brazil,gaming
fc753,Male,22,18-24,United States,"fitness, food, art"
fc7a7,Female,25,25-34,United States,"photography, news, lifestyle"
fc7cf,Female,25,25-34,United States,technology
fc920,Male,16,16-17,Mexico,"art, news"
fc970,Male,44,35-44,United States,"health, fashion"
fca8f,Male,28,25-34,India,"art, food, news"
fca97,Male,17,16-17,Australia,fitness
fcaa2,Male,30,25-34,United Kingdom,"finance, art, food"
fcaae,Male,38,35-44,Brazil,lifestyle
fcbe7,Female,24,18-24,India,technology
fcc40,Male,42,35-44,Germany,"sports, art"
fcce0,Female,25,25-34,United States,technology
fcce1,Male,25,25-34,United States,fashion
fcd9e,Male,36,35-44,United States,"gaming, fitness, finance"
fce4b,Male,35,35-44,Canada,travel
fce9f,Male,24,18-24,United Kingdom,"gaming, fashion, health"
fceb8,Female,39,35-44,United Kingdom,fitness
fcf4f,Male,41,35-44,Japan,"fashion, gaming"
fcf7f,Male,30,25-34,United Kingdom,"food, gaming, fitness"
fcf9f,Male,19,18-24,United Kingdom,"lifestyle, health"
fd00d,Other,28,25-34,Japan,"photography, finance"
fd05e,Male,21,18-24,United Kingdom,travel
fd196,Female,27,25-34,Germany,"fashion, gaming"
fd1ba,Other,30,25-34,United States,"art, health"
fd277,Male,27,25-34,Mexico,art
fd27e,Female,26,25-34,United States,"technology, lifestyle"
fd382,Male,23,18-24,Australia,"photography, fashion, art"
fd3ab,Female,24,18-24,Canada,"sports, art"
fd3eb,Male,31,25-34,Brazil,"fashion, news"
fd407,Male,24,18-24,United States,"travel, art, finance"
fd458,Male,28,25-34,United States,art
fd47e,Male,33,25-34,France,sports
fd497,Female,17,16-17,United States,"fashion, technology, sports"
fd4d8,Male,19,18-24,United States,"travel, photography"
fd56c,Male,26,25-34,United States,"finance, technology, fashion"
fd591,Other,20,18-24,United States,"sports, finance, travel"
fd5ae,Male,26,25-34,United States,"fashion, sports, lifestyle"
fd5d0,Male,26,25-34,United States,"sports, art"
fd62d,Male,36,35-44,United States,"news, travel"
fd647,Female,27,25-34,United States,finance
fd6e4,Male,26,25-34,Germany,"health, fashion"
fd74d,Female,44,35-44,United Kingdom,"technology, fashion, photography"
fd877,Male,19,18-24,Canada,"fashion, technology, health"
fd88b,Female,18,18-24,Canada,"art, fitness"
fd971,Female,34,25-34,United States,"sports, technology, finance"
fda28,Male,25,25-34,Australia,"finance, food"
fda87,Female,30,25-34,Germany,finance
fdac4,Male,33,25-34,Mexico,lifestyle
fdb17,Female,26,25-34,Canada,"fashion, lifestyle, technology"
fdb55,Female,28,25-34,Brazil,"travel, finance"
fdb92,Male,19,18-24,Canada,"news, art, health"
fdbff,Male,25,25-34,Japan,news
fdc2b,Male,19,18-24,Canada,lifestyle
fdccb,Male,26,25-34,Australia,finance
fdcf3,Female,27,25-34,Brazil,"sports, travel"
fdd2e,Other,23,18-24,United States,"health, news, finance"
fde6a,Male,29,25-34,United States,"food, health"
fdff3,Female,36,35-44,Germany,"fashion, travel, food"
fe016,Female,26,25-34,India,travel
fe040,Male,22,18-24,Canada,fitness
fe0c6,Male,39,35-44,United States,"lifestyle, finance, fitness"
fe0cd,Male,43,35-44,United States,"finance, technology"
fe0e3,Male,29,25-34,United States,"photography, art"
fe10d,Male,21,18-24,United States,"travel, news"
fe26c,Female,32,25-34,United States,health
fe2a4,Male,32,25-34,Canada,"health, fashion, finance"
fe2dd,Male,21,18-24,Brazil,"photography, travel"
fe2e4,Male,17,16-17,United States,fitness
fe3b5,Female,23,18-24,Canada,"gaming, food, lifestyle"
fe3d0,Male,25,25-34,Germany,"news, travel"
fe3d3,Female,20,18-24,France,"news, food"
fe426,Male,27,25-34,Brazil,"gaming, lifestyle, photography"
fe4ad,Male,30,25-34,United States,"health, news"
fe4c2,Female,29,25-34,United States,"fashion, health, sports"
fe537,Male,18,18-24,Canada,"lifestyle, sports"
fe5f4,Male,21,18-24,United Kingdom,"food, finance, sports"
fe69a,Male,42,35-44,United States,"fitness, finance, fashion"
fe768,Female,33,25-34,Australia,"gaming, technology, news"
fe7d9,Female,28,25-34,Australia,technology
fe900,Female,31,25-34,Canada,health
fe903,Other,30,25-34,United States,health
fe904,Female,31,25-34,Japan,"technology, food, health"
fe92e,Male,26,25-34,Japan,"finance, sports"
fe9da,Male,27,25-34,Brazil,photography
fea87,Female,29,25-34,United States,"gaming, finance, sports"
feabc,Male,32,25-34,Canada,"art, gaming, travel"
feb2b,Male,16,16-17,Mexico,"fashion, food, finance"
febd6,Female,32,25-34,United Kingdom,"photography, health"
fec08,Male,36,35-44,Germany,"photography, lifestyle, sports"
fed84,Female,28,25-34,United Kingdom,food
feda5,Other,18,18-24,France,"finance, food, fitness"
fee05,Male,19,18-24,United Kingdom,sports
fee53,Male,23,18-24,United States,art
fee7f,Male,19,18-24,United States,art
fef17,Male,24,18-24,United Kingdom,lifestyle
fef4f,Other,40,35-44,Mexico,sports
fef50,Male,24,18-24,Australia,news
fef5a,Female,23,18-24,Canada,travel
fef64,Female,42,35-44,India,"health, travel, gaming"
fef97,Male,29,25-34,Germany,"travel, health"
ff060,Male,22,18-24,United States,"news, fitness"
ff08d,Male,21,18-24,Canada,"food, travel"
ff0e7,Male,21,18-24,United States,"news, gaming"
ff13d,Male,36,35-44,Canada,gaming
ff16b,Male,35,35-44,United States,"health, sports"
ff18f,Male,19,18-24,France,finance
ff1c9,Female,30,25-34,United States,technology
ff1da,Female,40,35-44,Australia,"photography, finance"
ff30f,Female,26,25-34,United States,"fitness, food, art"
ff343,Female,22,18-24,United States,"fashion, photography, lifestyle"
ff3a5,Male,25,25-34,Japan,"news, finance, fitness"
ff3b2,Other,25,25-34,France,lifestyle
ff48d,Other,25,25-34,United States,"fashion, health, lifestyle"
ff50e,Other,42,35-44,Australia,"lifestyle, travel, food"
ff585,Female,18,18-24,Japan,"health, art"
ff600,Male,43,35-44,United Kingdom,finance
ff64f,Male,33,25-34,France,"travel, photography"
ff683,Female,16,16-17,Australia,"food, travel, photography"
ff684,Male,34,25-34,United States,"photography, fashion"
ff6b6,Female,41,35-44,United States,"food, sports"
ff6cf,Female,27,25-34,Germany,"gaming, art"
ff718,Female,26,25-34,United States,"health, gaming"
ff738,Female,29,25-34,United States,"fitness, news, gaming"
ff8e1,Male,32,25-34,France,"gaming, lifestyle, news"
ff8e6,Male,42,35-44,Germany,"health, gaming, art"
ffa49,Female,31,25-34,United Kingdom,"fitness, art"
ffa8e,Male,36,35-44,Germany,"technology, sports, food"
ffad8,Other,20,18-24,United States,sports
ffbc0,Male,24,18-24,Canada,finance
ffc20,Other,34,25-34,Brazil,"fashion, finance, food"
ffc27,Male,32,25-34,Canada,"health, sports, photography"
ffc34,Male,20,18-24,United Kingdom,"art, sports"
ffc6b,Male,25,25-34,India,"finance, news, technology"
ffc89,Male,30,25-34,France,"news, health"
ffcdd,Male,32,25-34,United States,"art, news, sports"
ffcff,Male,23,18-24,Germany,"sports, fashion, travel"
ffd50,Male,17,16-17,Mexico,fitness
ffd56,Male,30,25-34,Japan,"news, gaming"
ffd82,Female,41,35-44,Mexico,"technology, fitness, art"
ffe0f,Male,31,25-34,Australia,"fitness, gaming, news"
ffed3,Male,47,45-54,United Kingdom,"health, news"
fff7c,Male,33,25-34,United States,lifestyle
fffa7,Male,25,25-34,Mexico,"travel, health"
